# MagicaVoxel @ Ephtracy

# group
o 

# material
mtllib CubeSmasherCarPlatform.mtl
usemtl palette

# normals
vn -1 0 0
vn 1 0 0
vn 0 0 1
vn 0 0 -1
vn 0 -1 0
vn 0 1 0

# texcoords
vt 0.783203 0.5
vt 0.814453 0.5
vt 0.845703 0.5
vt 0.876953 0.5
vt 0.908203 0.5
vt 0.912109 0.5
vt 0.927734 0.5
vt 0.939453 0.5
vt 0.962891 0.5

# verts
v -9 3.8 7.2
v -9 3.8 -0.0999994
v -9 3.8 -0.7
v -9 3.8 -0.9
v -9 3.8 -1.5
v -9 3.8 -9.2
v -9 3.9 7.2
v -9 3.9 6.2
v -9 3.9 -0.0999994
v -9 3.9 -0.7
v -9 3.9 -0.9
v -9 3.9 -1.5
v -9 3.9 -8.5
v -9 3.9 -9.2
v -9 6.2 4.6
v -9 6.2 4.5
v -9 7.1 4.6
v -9 7.1 4.5
v -9 7.2 4.7
v -9 7.2 4.6
v -9 8.4 4.7
v -9 8.4 4.6
v -9 15.3 7.2
v -9 15.3 6.2
v -9 15.3 -8.5
v -9 15.3 -9.2
v -8.9 6.2 4.6
v -8.9 6.2 4.5
v -8.9 7.1 4.6
v -8.9 7.1 4.5
v -8.9 7.2 4.7
v -8.9 7.2 4.6
v -8.9 8.4 4.7
v -8.9 8.4 4.6
v -8.7 5.1 2.8
v -8.7 5.1 2.4
v -8.7 5.1 -4.3
v -8.7 5.1 -4.7
v -8.7 5.2 2.8
v -8.7 5.2 2.4
v -8.7 5.2 -4.3
v -8.7 5.2 -4.7
v -8.7 11.7 2.8
v -8.7 11.7 2.4
v -8.7 11.7 -4.3
v -8.7 11.7 -4.7
v -8.7 11.8 2.8
v -8.7 11.8 2.4
v -8.7 11.8 -4.3
v -8.7 11.8 -4.7
v -8.3 14.2 6.6
v -8.3 14.2 6.4
v -8.3 14.5 6.5
v -8.3 14.5 6.4
v -8.3 14.8 6.6
v -8.3 14.8 6.5
v -8.2 3.8 8
v -8.2 3.8 7.2
v -8.2 3.8 -9.2
v -8.2 3.8 -10
v -8.2 3.9 8
v -8.2 3.9 7.2
v -8.2 3.9 -9.2
v -8.2 3.9 -10
v -8.2 15.3 8
v -8.2 15.3 7.2
v -8.2 15.3 -9.2
v -8.2 15.3 -10
v -7.9 3.8 7.2
v -7.9 3.8 6.9
v -7.9 3.9 7.2
v -7.9 3.9 6.9
v -7.5 14.5 7.4
v -7.5 14.5 7.3
v -7.5 14.5 -9.3
v -7.5 14.5 -9.4
v -7.5 14.8 7.4
v -7.5 14.8 7.3
v -7.5 14.8 -9.3
v -7.5 14.8 -9.4
v -7.4 14.2 7.4
v -7.4 14.2 7.3
v -7.4 14.2 -9.3
v -7.4 14.2 -9.4
v -7.4 14.5 7.4
v -7.4 14.5 7.3
v -7.4 14.5 -9.3
v -7.4 14.5 -9.4
v -5.6 7.2 8
v -5.6 7.2 7.9
v -5.6 7.2 -9.9
v -5.6 7.2 -10
v -5.6 8.4 8
v -5.6 8.4 7.9
v -5.6 8.4 -9.9
v -5.6 8.4 -10
v -5.5 6.2 8
v -5.5 6.2 7.9
v -5.5 6.2 -9.9
v -5.5 6.2 -10
v -5.5 7.1 8
v -5.5 7.1 7.9
v -5.5 7.1 -9.9
v -5.5 7.1 -10
v -5.4 6.4 7.8
v -5.4 6.4 7.7
v -5.4 6.4 -9.7
v -5.4 6.4 -9.8
v -5.4 6.8 7.8
v -5.4 6.8 7.7
v -5.4 6.8 -9.7
v -5.4 6.8 -9.8
v -5.3 6.3 7.8
v -5.3 6.3 7.7
v -5.3 6.3 -9.7
v -5.3 6.3 -9.8
v -5.3 6.4 7.8
v -5.3 6.4 7.7
v -5.3 6.4 -9.7
v -5.3 6.4 -9.8
v -5.3 6.8 7.8
v -5.3 6.8 7.7
v -5.3 6.8 -9.7
v -5.3 6.8 -9.8
v -5.3 6.9 7.8
v -5.3 6.9 7.7
v -5.3 6.9 -9.7
v -5.3 6.9 -9.8
v -5.2 6.2 7.8
v -5.2 6.2 7.7
v -5.2 6.2 -9.7
v -5.2 6.2 -9.8
v -5.2 6.3 7.8
v -5.2 6.3 7.7
v -5.2 6.3 -9.7
v -5.2 6.3 -9.8
v -5.2 6.9 7.8
v -5.2 6.9 7.7
v -5.2 6.9 -9.7
v -5.2 6.9 -9.8
v -5.2 7 7.8
v -5.2 7 7.7
v -5.2 7 -9.7
v -5.2 7 -9.8
v -4.9 6.4 7.8
v -4.9 6.4 7.7
v -4.9 6.4 -9.7
v -4.9 6.4 -9.8
v -4.9 6.5 7.8
v -4.9 6.5 7.7
v -4.9 6.5 -9.7
v -4.9 6.5 -9.8
v -4.9 6.7 7.8
v -4.9 6.7 7.7
v -4.9 6.7 -9.7
v -4.9 6.7 -9.8
v -4.9 6.8 7.8
v -4.9 6.8 7.7
v -4.9 6.8 -9.7
v -4.9 6.8 -9.8
v -4.9 7 7.8
v -4.9 7 7.7
v -4.9 7 -9.7
v -4.9 7 -9.8
v -4.9 7.1 7.8
v -4.9 7.1 7.7
v -4.9 7.1 -9.7
v -4.9 7.1 -9.8
v -4.8 6.5 7.8
v -4.8 6.5 7.7
v -4.8 6.5 -9.7
v -4.8 6.5 -9.8
v -4.8 6.7 7.8
v -4.8 6.7 7.7
v -4.8 6.7 -9.7
v -4.8 6.7 -9.8
v -4.8 7.1 7.8
v -4.8 7.1 7.7
v -4.8 7.1 -9.7
v -4.8 7.1 -9.8
v -4.8 7.2 7.8
v -4.8 7.2 7.7
v -4.8 7.2 -9.7
v -4.8 7.2 -9.8
v -4.7 7.2 7.8
v -4.7 7.2 7.7
v -4.7 7.2 -9.7
v -4.7 7.2 -9.8
v -4.7 7.3 7.8
v -4.7 7.3 7.7
v -4.7 7.3 -9.7
v -4.7 7.3 -9.8
v -4.6 7.3 7.8
v -4.6 7.3 7.7
v -4.6 7.3 -9.7
v -4.6 7.3 -9.8
v -4.6 7.4 7.8
v -4.6 7.4 7.7
v -4.6 7.4 -9.7
v -4.6 7.4 -9.8
v -4.5 7.4 7.8
v -4.5 7.4 7.7
v -4.5 7.4 -9.7
v -4.5 7.4 -9.8
v -4.5 7.5 7.8
v -4.5 7.5 7.7
v -4.5 7.5 -9.7
v -4.5 7.5 -9.8
v -4.4 7.5 7.8
v -4.4 7.5 7.7
v -4.4 7.5 -9.7
v -4.4 7.5 -9.8
v -4.4 7.6 7.8
v -4.4 7.6 7.7
v -4.4 7.6 -9.7
v -4.4 7.6 -9.8
v -4.3 7.6 7.8
v -4.3 7.6 7.7
v -4.3 7.6 -9.7
v -4.3 7.6 -9.8
v -4.3 7.7 7.8
v -4.3 7.7 7.7
v -4.3 7.7 -9.7
v -4.3 7.7 -9.8
v -4.2 7.7 7.8
v -4.2 7.7 7.7
v -4.2 7.7 -9.7
v -4.2 7.7 -9.8
v -4.2 7.8 7.8
v -4.2 7.8 7.7
v -4.2 7.8 -9.7
v -4.2 7.8 -9.8
v -4.1 7.8 7.8
v -4.1 7.8 7.7
v -4.1 7.8 -9.7
v -4.1 7.8 -9.8
v -4.1 7.9 7.8
v -4.1 7.9 7.7
v -4.1 7.9 -9.7
v -4.1 7.9 -9.8
v -4 7.9 7.8
v -4 7.9 7.7
v -4 7.9 -9.7
v -4 7.9 -9.8
v -4 8 7.8
v -4 8 7.7
v -4 8 -9.7
v -4 8 -9.8
v -3.9 8 7.8
v -3.9 8 7.7
v -3.9 8 -9.7
v -3.9 8 -9.8
v -3.9 8.1 7.8
v -3.9 8.1 7.7
v -3.9 8.1 -9.7
v -3.9 8.1 -9.8
v -3.8 5.1 7.7
v -3.8 5.1 7.6
v -3.8 5.1 -9.6
v -3.8 5.1 -9.7
v -3.8 5.2 7.7
v -3.8 5.2 7.6
v -3.8 5.2 -9.6
v -3.8 5.2 -9.7
v -3.8 8.1 7.8
v -3.8 8.1 7.7
v -3.8 8.1 -9.7
v -3.8 8.1 -9.8
v -3.8 8.2 7.8
v -3.8 8.2 7.7
v -3.8 8.2 -9.7
v -3.8 8.2 -9.8
v -3.8 11.7 7.7
v -3.8 11.7 7.6
v -3.8 11.7 -9.6
v -3.8 11.7 -9.7
v -3.8 11.8 7.7
v -3.8 11.8 7.6
v -3.8 11.8 -9.6
v -3.8 11.8 -9.7
v -3.7 8.2 7.8
v -3.7 8.2 7.7
v -3.7 8.2 -9.7
v -3.7 8.2 -9.8
v -3.7 8.3 7.8
v -3.7 8.3 7.7
v -3.7 8.3 -9.7
v -3.7 8.3 -9.8
v -3.6 8.3 7.8
v -3.6 8.3 7.7
v -3.6 8.3 -9.7
v -3.6 8.3 -9.8
v -3.6 8.4 7.8
v -3.6 8.4 7.7
v -3.6 8.4 -9.7
v -3.6 8.4 -9.8
v -3.5 8.4 7.8
v -3.5 8.4 7.7
v -3.5 8.4 -9.7
v -3.5 8.4 -9.8
v -3.5 8.5 7.8
v -3.5 8.5 7.7
v -3.5 8.5 -9.7
v -3.5 8.5 -9.8
v -3.4 8.5 7.8
v -3.4 8.5 7.7
v -3.4 8.5 -9.7
v -3.4 8.5 -9.8
v -3.4 8.6 7.8
v -3.4 8.6 7.7
v -3.4 8.6 -9.7
v -3.4 8.6 -9.8
v -3.3 8.6 7.8
v -3.3 8.6 7.7
v -3.3 8.6 -9.7
v -3.3 8.6 -9.8
v -3.3 8.7 7.8
v -3.3 8.7 7.7
v -3.3 8.7 -9.7
v -3.3 8.7 -9.8
v -3.2 8.7 7.8
v -3.2 8.7 7.7
v -3.2 8.7 -9.7
v -3.2 8.7 -9.8
v -3.2 9.1 7.8
v -3.2 9.1 7.7
v -3.2 9.1 -9.7
v -3.2 9.1 -9.8
v -3.1 3.9 0.4
v -3.1 3.9 -0.7
v -3.1 3.9 -0.9
v -3.1 3.9 -2
v -3.1 4.2 0.4
v -3.1 4.2 -2
v -3.1 9.1 7.8
v -3.1 9.1 7.7
v -3.1 9.1 -9.7
v -3.1 9.1 -9.8
v -3.1 9.4 7.8
v -3.1 9.4 7.7
v -3.1 9.4 -9.7
v -3.1 9.4 -9.8
v -3 9.4 7.8
v -3 9.4 7.7
v -3 9.4 -9.7
v -3 9.4 -9.8
v -3 9.5 7.8
v -3 9.5 7.7
v -3 9.5 -9.7
v -3 9.5 -9.8
v -2.9 9.5 7.8
v -2.9 9.5 7.7
v -2.9 9.5 -9.7
v -2.9 9.5 -9.8
v -2.9 9.6 7.8
v -2.9 9.6 7.7
v -2.9 9.6 -9.7
v -2.9 9.6 -9.8
v -2.8 3.9 0.7
v -2.8 3.9 0.6
v -2.8 3.9 0.4
v -2.8 3.9 -2
v -2.8 3.9 -2.2
v -2.8 3.9 -2.3
v -2.8 4.2 0.7
v -2.8 4.2 0.4
v -2.8 4.2 -2
v -2.8 4.2 -2.3
v -2.8 4.5 0.4
v -2.8 4.5 -2
v -2.8 9.6 7.8
v -2.8 9.6 7.7
v -2.8 9.6 -9.7
v -2.8 9.6 -9.8
v -2.8 9.7 7.8
v -2.8 9.7 7.7
v -2.8 9.7 -9.7
v -2.8 9.7 -9.8
v -2.6 3.9 1
v -2.6 3.9 0.7
v -2.6 3.9 -2.3
v -2.6 3.9 -2.6
v -2.6 4.2 1
v -2.6 4.2 0.7
v -2.6 4.2 0.4
v -2.6 4.2 -2
v -2.6 4.2 -2.3
v -2.6 4.2 -2.6
v -2.6 4.5 0.7
v -2.6 4.5 0.4
v -2.6 4.5 -2
v -2.6 4.5 -2.3
v -2.4 8.9 7.8
v -2.4 8.9 7.7
v -2.4 8.9 -9.7
v -2.4 8.9 -9.8
v -2.4 9 7.8
v -2.4 9 7.7
v -2.4 9 -9.7
v -2.4 9 -9.8
v -2.3 3.9 1.3
v -2.3 3.9 1
v -2.3 3.9 -2.6
v -2.3 3.9 -2.9
v -2.3 4.2 1.3
v -2.3 4.2 1
v -2.3 4.2 0.7
v -2.3 4.2 -2.3
v -2.3 4.2 -2.6
v -2.3 4.2 -2.9
v -2.3 4.5 1
v -2.3 4.5 0.7
v -2.3 4.5 -2.3
v -2.3 4.5 -2.6
v -2.3 9 7.8
v -2.3 9 7.7
v -2.3 9 -9.7
v -2.3 9 -9.8
v -2.3 9.1 7.8
v -2.3 9.1 7.7
v -2.3 9.1 -9.7
v -2.3 9.1 -9.8
v -2.2 9.1 7.8
v -2.2 9.1 7.7
v -2.2 9.1 -9.7
v -2.2 9.1 -9.8
v -2.2 9.2 7.8
v -2.2 9.2 7.7
v -2.2 9.2 -9.7
v -2.2 9.2 -9.8
v -2.1 9.2 7.8
v -2.1 9.2 7.7
v -2.1 9.2 -9.7
v -2.1 9.2 -9.8
v -2.1 9.3 7.8
v -2.1 9.3 7.7
v -2.1 9.3 -9.7
v -2.1 9.3 -9.8
v -2 3.9 1.6
v -2 3.9 1.3
v -2 3.9 -2.9
v -2 3.9 -3.2
v -2 4.2 1.6
v -2 4.2 1.3
v -2 4.2 1
v -2 4.2 -2.6
v -2 4.2 -2.9
v -2 4.2 -3.2
v -2 4.5 1.3
v -2 4.5 1
v -2 4.5 -2.6
v -2 4.5 -2.9
v -2 9.3 7.8
v -2 9.3 7.7
v -2 9.3 -9.7
v -2 9.3 -9.8
v -2 9.4 7.8
v -2 9.4 7.7
v -2 9.4 -9.7
v -2 9.4 -9.8
v -1.9 4.7 7.6
v -1.9 4.7 7.5
v -1.9 4.7 -9.5
v -1.9 4.7 -9.6
v -1.9 4.9 7.6
v -1.9 4.9 7.5
v -1.9 4.9 -9.5
v -1.9 4.9 -9.6
v -1.9 11.3 7.6
v -1.9 11.3 7.5
v -1.9 11.3 -9.5
v -1.9 11.3 -9.6
v -1.9 11.5 7.6
v -1.9 11.5 7.5
v -1.9 11.5 -9.5
v -1.9 11.5 -9.6
v -1.7 3.9 1.8
v -1.7 3.9 1.6
v -1.7 3.9 -3.2
v -1.7 3.9 -3.4
v -1.7 4.2 1.8
v -1.7 4.2 1.6
v -1.7 4.2 1.3
v -1.7 4.2 -2.9
v -1.7 4.2 -3.2
v -1.7 4.2 -3.4
v -1.7 4.5 1.6
v -1.7 4.5 1.3
v -1.7 4.5 -2.9
v -1.7 4.5 -3.2
v -1.6 4.2 7.5
v -1.6 4.2 7.2
v -1.6 4.2 -9.2
v -1.6 4.2 -9.5
v -1.6 4.5 7.5
v -1.6 4.5 7.2
v -1.6 4.5 -9.2
v -1.6 4.5 -9.5
v -1.6 5.1 7.8
v -1.6 5.1 7.5
v -1.6 5.1 -9.5
v -1.6 5.1 -9.8
v -1.6 5.7 7.8
v -1.6 5.7 7.5
v -1.6 5.7 -9.5
v -1.6 5.7 -9.8
v -1.6 10.5 7.8
v -1.6 10.5 7.5
v -1.6 10.5 -9.5
v -1.6 10.5 -9.8
v -1.6 11.1 7.8
v -1.6 11.1 7.5
v -1.6 11.1 -9.5
v -1.6 11.1 -9.8
v -1.6 11.7 7.8
v -1.6 11.7 7.5
v -1.6 11.7 -9.5
v -1.6 11.7 -9.8
v -1.6 12.3 7.8
v -1.6 12.3 7.5
v -1.6 12.3 -9.5
v -1.6 12.3 -9.8
v -1.4 3.9 2.1
v -1.4 3.9 1.8
v -1.4 3.9 -3.4
v -1.4 3.9 -3.7
v -1.4 4.2 2.1
v -1.4 4.2 1.8
v -1.4 4.2 1.6
v -1.4 4.2 -3.2
v -1.4 4.2 -3.4
v -1.4 4.2 -3.7
v -1.4 4.5 1.8
v -1.4 4.5 1.6
v -1.4 4.5 -3.2
v -1.4 4.5 -3.4
v -1.3 4.5 7.5
v -1.3 4.5 7.2
v -1.3 4.5 -9.2
v -1.3 4.5 -9.5
v -1.3 5.1 7.5
v -1.3 5.1 7.2
v -1.3 5.1 -9.2
v -1.3 5.1 -9.5
v -1.3 5.7 7.8
v -1.3 5.7 7.5
v -1.3 5.7 -9.5
v -1.3 5.7 -9.8
v -1.3 6.9 7.8
v -1.3 6.9 7.5
v -1.3 6.9 -9.5
v -1.3 6.9 -9.8
v -1.3 9.3 7.8
v -1.3 9.3 7.5
v -1.3 9.3 -9.5
v -1.3 9.3 -9.8
v -1.3 10.5 7.8
v -1.3 10.5 7.5
v -1.3 10.5 -9.5
v -1.3 10.5 -9.8
v -1.3 12.3 7.8
v -1.3 12.3 7.5
v -1.3 12.3 -9.5
v -1.3 12.3 -9.8
v -1.3 13.5 7.8
v -1.3 13.5 7.5
v -1.3 13.5 -9.5
v -1.3 13.5 -9.8
v -1 5.1 7.5
v -1 5.1 7.2
v -1 5.1 -9.2
v -1 5.1 -9.5
v -1 6 7.5
v -1 6 7.2
v -1 6 -9.2
v -1 6 -9.5
v -1 6.9 7.8
v -1 6.9 7.5
v -1 6.9 -9.5
v -1 6.9 -9.8
v -1 9.3 7.8
v -1 9.3 7.5
v -1 9.3 -9.5
v -1 9.3 -9.8
v -1 13.5 7.8
v -1 13.5 7.5
v -1 13.5 -9.5
v -1 13.5 -9.8
v -1 15.3 7.8
v -1 15.3 7.5
v -1 15.3 -9.5
v -1 15.3 -9.8
v -0.1 3.8 -0.7
v -0.1 3.8 -0.9
v -0.1 3.9 7.3
v -0.1 3.9 7.2
v -0.1 3.9 -0.7
v -0.1 3.9 -0.9
v -0.1 3.9 -9.2
v -0.1 3.9 -9.3
v -0.1 4.2 -0.7
v -0.1 4.2 -0.9
v -0.1 5.9 7.6
v -0.1 5.9 7.3
v -0.1 5.9 -9.3
v -0.1 5.9 -9.6
v -0.1 6 7.5
v -0.1 6 7.2
v -0.1 6 -9.2
v -0.1 6 -9.5
v -0.1 15.3 7.6
v -0.1 15.3 7.5
v -0.1 15.3 -9.5
v -0.1 15.3 -9.6
v 1.3 8.5 7.8
v 1.3 8.5 7.7
v 1.3 8.5 -9.7
v 1.3 8.5 -9.8
v 1.3 8.7 7.8
v 1.3 8.7 7.7
v 1.3 8.7 -9.7
v 1.3 8.7 -9.8
v 1.4 8.4 7.8
v 1.4 8.4 7.7
v 1.4 8.4 -9.7
v 1.4 8.4 -9.8
v 1.4 8.5 7.8
v 1.4 8.5 7.7
v 1.4 8.5 -9.7
v 1.4 8.5 -9.8
v 1.4 8.7 7.8
v 1.4 8.7 7.7
v 1.4 8.7 -9.7
v 1.4 8.7 -9.8
v 1.4 8.8 7.8
v 1.4 8.8 7.7
v 1.4 8.8 -9.7
v 1.4 8.8 -9.8
v 1.5 8.3 7.8
v 1.5 8.3 7.7
v 1.5 8.3 -9.7
v 1.5 8.3 -9.8
v 1.5 8.4 7.8
v 1.5 8.4 7.7
v 1.5 8.4 -9.7
v 1.5 8.4 -9.8
v 1.5 8.8 7.8
v 1.5 8.8 7.7
v 1.5 8.8 -9.7
v 1.5 8.8 -9.8
v 1.5 8.9 7.8
v 1.5 8.9 7.7
v 1.5 8.9 -9.7
v 1.5 8.9 -9.8
v 1.6 8.2 7.8
v 1.6 8.2 7.7
v 1.6 8.2 -9.7
v 1.6 8.2 -9.8
v 1.6 8.3 7.8
v 1.6 8.3 7.7
v 1.6 8.3 -9.7
v 1.6 8.3 -9.8
v 1.6 8.9 7.8
v 1.6 8.9 7.7
v 1.6 8.9 -9.7
v 1.6 8.9 -9.8
v 1.6 9 7.8
v 1.6 9 7.7
v 1.6 9 -9.7
v 1.6 9 -9.8
v 1.7 8.1 7.8
v 1.7 8.1 7.7
v 1.7 8.1 -9.7
v 1.7 8.1 -9.8
v 1.7 8.2 7.8
v 1.7 8.2 7.7
v 1.7 8.2 -9.7
v 1.7 8.2 -9.8
v 1.7 9 7.8
v 1.7 9 7.7
v 1.7 9 -9.7
v 1.7 9 -9.8
v 1.7 9.1 7.8
v 1.7 9.1 7.7
v 1.7 9.1 -9.7
v 1.7 9.1 -9.8
v 1.8 8 7.8
v 1.8 8 7.7
v 1.8 8 -9.7
v 1.8 8 -9.8
v 1.8 8.1 7.8
v 1.8 8.1 7.7
v 1.8 8.1 -9.7
v 1.8 8.1 -9.8
v 1.8 9.1 7.8
v 1.8 9.1 7.7
v 1.8 9.1 -9.7
v 1.8 9.1 -9.8
v 1.8 9.2 7.8
v 1.8 9.2 7.7
v 1.8 9.2 -9.7
v 1.8 9.2 -9.8
v 1.9 9.2 7.8
v 1.9 9.2 7.7
v 1.9 9.2 -9.7
v 1.9 9.2 -9.8
v 1.9 9.3 7.8
v 1.9 9.3 7.7
v 1.9 9.3 -9.7
v 1.9 9.3 -9.8
v 2 9.3 7.8
v 2 9.3 7.7
v 2 9.3 -9.7
v 2 9.3 -9.8
v 2 9.4 7.8
v 2 9.4 7.7
v 2 9.4 -9.7
v 2 9.4 -9.8
v 2.1 9.4 7.8
v 2.1 9.4 7.7
v 2.1 9.4 -9.7
v 2.1 9.4 -9.8
v 2.1 9.5 7.8
v 2.1 9.5 7.7
v 2.1 9.5 -9.7
v 2.1 9.5 -9.8
v 2.2 9.5 7.8
v 2.2 9.5 7.7
v 2.2 9.5 -9.7
v 2.2 9.5 -9.8
v 2.2 9.6 7.8
v 2.2 9.6 7.7
v 2.2 9.6 -9.7
v 2.2 9.6 -9.8
v 2.3 9.6 7.8
v 2.3 9.6 7.7
v 2.3 9.6 -9.7
v 2.3 9.6 -9.8
v 2.3 9.7 7.8
v 2.3 9.7 7.7
v 2.3 9.7 -9.7
v 2.3 9.7 -9.8
v 2.4 8.3 7.8
v 2.4 8.3 7.7
v 2.4 8.3 -9.7
v 2.4 8.3 -9.8
v 2.4 8.4 7.8
v 2.4 8.4 7.7
v 2.4 8.4 -9.7
v 2.4 8.4 -9.8
v 2.4 9.7 7.8
v 2.4 9.7 7.7
v 2.4 9.7 -9.7
v 2.4 9.7 -9.8
v 2.4 9.8 7.8
v 2.4 9.8 7.7
v 2.4 9.8 -9.7
v 2.4 9.8 -9.8
v 2.5 8.2 7.8
v 2.5 8.2 7.7
v 2.5 8.2 -9.7
v 2.5 8.2 -9.8
v 2.5 8.3 7.8
v 2.5 8.3 7.7
v 2.5 8.3 -9.7
v 2.5 8.3 -9.8
v 2.6 8.1 7.8
v 2.6 8.1 7.7
v 2.6 8.1 -9.7
v 2.6 8.1 -9.8
v 2.6 8.2 7.8
v 2.6 8.2 7.7
v 2.6 8.2 -9.7
v 2.6 8.2 -9.8
v 2.7 8 7.8
v 2.7 8 7.7
v 2.7 8 -9.7
v 2.7 8 -9.8
v 2.7 8.1 7.8
v 2.7 8.1 7.7
v 2.7 8.1 -9.7
v 2.7 8.1 -9.8
v 2.8 7.9 7.8
v 2.8 7.9 7.7
v 2.8 7.9 -9.7
v 2.8 7.9 -9.8
v 2.8 8 7.8
v 2.8 8 7.7
v 2.8 8 -9.7
v 2.8 8 -9.8
v 2.8 9.2 7.8
v 2.8 9.2 7.7
v 2.8 9.2 -9.7
v 2.8 9.2 -9.8
v 2.8 9.3 7.8
v 2.8 9.3 7.7
v 2.8 9.3 -9.7
v 2.8 9.3 -9.8
v 2.9 7.8 7.8
v 2.9 7.8 7.7
v 2.9 7.8 -9.7
v 2.9 7.8 -9.8
v 2.9 7.9 7.8
v 2.9 7.9 7.7
v 2.9 7.9 -9.7
v 2.9 7.9 -9.8
v 3 7.7 7.8
v 3 7.7 7.7
v 3 7.7 -9.7
v 3 7.7 -9.8
v 3 7.8 7.8
v 3 7.8 7.7
v 3 7.8 -9.7
v 3 7.8 -9.8
v 3.1 7.6 7.8
v 3.1 7.6 7.7
v 3.1 7.6 -9.7
v 3.1 7.6 -9.8
v 3.1 7.7 7.8
v 3.1 7.7 7.7
v 3.1 7.7 -9.7
v 3.1 7.7 -9.8
v 3.2 7.5 7.8
v 3.2 7.5 7.7
v 3.2 7.5 -9.7
v 3.2 7.5 -9.8
v 3.2 7.6 7.8
v 3.2 7.6 7.7
v 3.2 7.6 -9.7
v 3.2 7.6 -9.8
v 3.3 5.1 7.7
v 3.3 5.1 7.6
v 3.3 5.1 -9.6
v 3.3 5.1 -9.7
v 3.3 5.2 7.7
v 3.3 5.2 7.6
v 3.3 5.2 -9.6
v 3.3 5.2 -9.7
v 3.3 7.4 7.8
v 3.3 7.4 7.7
v 3.3 7.4 -9.7
v 3.3 7.4 -9.8
v 3.3 7.5 7.8
v 3.3 7.5 7.7
v 3.3 7.5 -9.7
v 3.3 7.5 -9.8
v 3.3 11.7 7.7
v 3.3 11.7 7.6
v 3.3 11.7 -9.6
v 3.3 11.7 -9.7
v 3.3 11.8 7.7
v 3.3 11.8 7.6
v 3.3 11.8 -9.6
v 3.3 11.8 -9.7
v 3.4 7.3 7.8
v 3.4 7.3 7.7
v 3.4 7.3 -9.7
v 3.4 7.3 -9.8
v 3.4 7.4 7.8
v 3.4 7.4 7.7
v 3.4 7.4 -9.7
v 3.4 7.4 -9.8
v 3.5 7.2 7.8
v 3.5 7.2 7.7
v 3.5 7.2 -9.7
v 3.5 7.2 -9.8
v 3.5 7.3 7.8
v 3.5 7.3 7.7
v 3.5 7.3 -9.7
v 3.5 7.3 -9.8
v 3.6 7.1 7.8
v 3.6 7.1 7.7
v 3.6 7.1 -9.7
v 3.6 7.1 -9.8
v 3.6 7.2 7.8
v 3.6 7.2 7.7
v 3.6 7.2 -9.7
v 3.6 7.2 -9.8
v 3.7 7 7.8
v 3.7 7 7.7
v 3.7 7 -9.7
v 3.7 7 -9.8
v 3.7 7.1 7.8
v 3.7 7.1 7.7
v 3.7 7.1 -9.7
v 3.7 7.1 -9.8
v 3.8 6.9 7.8
v 3.8 6.9 7.7
v 3.8 6.9 -9.7
v 3.8 6.9 -9.8
v 3.8 7 7.8
v 3.8 7 7.7
v 3.8 7 -9.7
v 3.8 7 -9.8
v 3.9 6.8 7.8
v 3.9 6.8 7.7
v 3.9 6.8 -9.7
v 3.9 6.8 -9.8
v 3.9 6.9 7.8
v 3.9 6.9 7.7
v 3.9 6.9 -9.7
v 3.9 6.9 -9.8
v 4 6.7 7.8
v 4 6.7 7.7
v 4 6.7 -9.7
v 4 6.7 -9.8
v 4 6.8 7.8
v 4 6.8 7.7
v 4 6.8 -9.7
v 4 6.8 -9.8
v 4.1 6.6 7.8
v 4.1 6.6 7.7
v 4.1 6.6 -9.7
v 4.1 6.6 -9.8
v 4.1 6.7 7.8
v 4.1 6.7 7.7
v 4.1 6.7 -9.7
v 4.1 6.7 -9.8
v 4.2 6.5 7.8
v 4.2 6.5 7.7
v 4.2 6.5 -9.7
v 4.2 6.5 -9.8
v 4.2 6.6 7.8
v 4.2 6.6 7.7
v 4.2 6.6 -9.7
v 4.2 6.6 -9.8
v 4.9 3.9 7.2
v 4.9 3.9 6.9
v 4.9 3.9 -8.9
v 4.9 3.9 -9.2
v 4.9 4.2 7.2
v 4.9 4.2 6.9
v 4.9 4.2 -8.9
v 4.9 4.2 -9.2
v 5.2 4.7 7.6
v 5.2 4.7 7.5
v 5.2 4.7 -9.5
v 5.2 4.7 -9.6
v 5.2 4.9 7.6
v 5.2 4.9 7.5
v 5.2 4.9 -9.5
v 5.2 4.9 -9.6
v 5.5 4.2 7.5
v 5.5 4.2 7.3
v 5.5 4.2 7.2
v 5.5 4.2 -9.2
v 5.5 4.2 -9.3
v 5.5 4.2 -9.5
v 5.5 4.5 7.5
v 5.5 4.5 7.3
v 5.5 4.5 7.2
v 5.5 4.5 -9.2
v 5.5 4.5 -9.3
v 5.5 4.5 -9.5
v 5.5 5.1 7.8
v 5.5 5.1 7.5
v 5.5 5.1 -9.5
v 5.5 5.1 -9.8
v 5.5 5.7 7.8
v 5.5 5.7 7.5
v 5.5 5.7 -9.5
v 5.5 5.7 -9.8
v 5.5 11.3 7.6
v 5.5 11.3 7.5
v 5.5 11.3 -9.5
v 5.5 11.3 -9.6
v 5.5 11.5 7.6
v 5.5 11.5 7.5
v 5.5 11.5 -9.5
v 5.5 11.5 -9.6
v 5.8 4.5 7.5
v 5.8 4.5 7.3
v 5.8 4.5 7.2
v 5.8 4.5 -9.2
v 5.8 4.5 -9.3
v 5.8 4.5 -9.5
v 5.8 5.1 7.5
v 5.8 5.1 7.3
v 5.8 5.1 7.2
v 5.8 5.1 -9.2
v 5.8 5.1 -9.3
v 5.8 5.1 -9.5
v 5.8 5.7 7.8
v 5.8 5.7 7.5
v 5.8 5.7 -9.5
v 5.8 5.7 -9.8
v 5.8 6.3 7.8
v 5.8 6.3 7.5
v 5.8 6.3 -9.5
v 5.8 6.3 -9.8
v 5.8 10.5 7.8
v 5.8 10.5 7.5
v 5.8 10.5 -9.5
v 5.8 10.5 -9.8
v 5.8 11.1 7.8
v 5.8 11.1 7.5
v 5.8 11.1 -9.5
v 5.8 11.1 -9.8
v 5.8 11.7 7.8
v 5.8 11.7 7.5
v 5.8 11.7 -9.5
v 5.8 11.7 -9.8
v 5.8 12.3 7.8
v 5.8 12.3 7.5
v 5.8 12.3 -9.5
v 5.8 12.3 -9.8
v 6.1 5.1 7.5
v 6.1 5.1 7.3
v 6.1 5.1 7.2
v 6.1 5.1 -9.2
v 6.1 5.1 -9.3
v 6.1 5.1 -9.5
v 6.1 5.5 7.3
v 6.1 5.5 7.2
v 6.1 5.5 -9.2
v 6.1 5.5 -9.3
v 6.1 5.7 7.5
v 6.1 5.7 7.2
v 6.1 5.7 -9.2
v 6.1 5.7 -9.5
v 6.1 6.3 7.8
v 6.1 6.3 7.5
v 6.1 6.3 -9.5
v 6.1 6.3 -9.8
v 6.1 6.9 7.8
v 6.1 6.9 7.5
v 6.1 6.9 -9.5
v 6.1 6.9 -9.8
v 6.1 9.9 7.8
v 6.1 9.9 7.5
v 6.1 9.9 -9.5
v 6.1 9.9 -9.8
v 6.1 10.5 7.8
v 6.1 10.5 7.5
v 6.1 10.5 -9.5
v 6.1 10.5 -9.8
v 6.1 12.3 7.8
v 6.1 12.3 7.5
v 6.1 12.3 -9.5
v 6.1 12.3 -9.8
v 6.1 12.9 7.8
v 6.1 12.9 7.5
v 6.1 12.9 -9.5
v 6.1 12.9 -9.8
v 6.4 5.7 7.5
v 6.4 5.7 7.2
v 6.4 5.7 -9.2
v 6.4 5.7 -9.5
v 6.4 6.6 7.5
v 6.4 6.6 7.2
v 6.4 6.6 -9.2
v 6.4 6.6 -9.5
v 6.4 6.9 7.8
v 6.4 6.9 7.5
v 6.4 6.9 -9.5
v 6.4 6.9 -9.8
v 6.4 7.8 7.8
v 6.4 7.8 7.5
v 6.4 7.8 -9.5
v 6.4 7.8 -9.8
v 6.4 9 7.8
v 6.4 9 7.5
v 6.4 9 -9.5
v 6.4 9 -9.8
v 6.4 9.9 7.8
v 6.4 9.9 7.5
v 6.4 9.9 -9.5
v 6.4 9.9 -9.8
v 6.4 12.9 7.8
v 6.4 12.9 7.5
v 6.4 12.9 -9.5
v 6.4 12.9 -9.8
v 6.4 13.8 7.8
v 6.4 13.8 7.5
v 6.4 13.8 -9.5
v 6.4 13.8 -9.8
v 6.7 6.6 7.5
v 6.7 6.6 7.2
v 6.7 6.6 -9.2
v 6.7 6.6 -9.5
v 6.7 7.8 7.8
v 6.7 7.8 7.5
v 6.7 7.8 7.2
v 6.7 7.8 -9.2
v 6.7 7.8 -9.5
v 6.7 7.8 -9.8
v 6.7 9 7.8
v 6.7 9 7.5
v 6.7 9 -9.5
v 6.7 9 -9.8
v 6.7 13.8 7.8
v 6.7 13.8 7.5
v 6.7 13.8 -9.5
v 6.7 13.8 -9.8
v 6.7 15.3 7.8
v 6.7 15.3 7.5
v 6.7 15.3 -9.5
v 6.7 15.3 -9.8
v 7 7.8 7.5
v 7 7.8 7.2
v 7 7.8 -9.2
v 7 7.8 -9.5
v 7 15.3 7.5
v 7 15.3 7.2
v 7 15.3 -9.2
v 7 15.3 -9.5
v 7.9 3.9 6.9
v 7.9 3.9 3.9
v 7.9 3.9 -5.9
v 7.9 3.9 -8.9
v 7.9 4.2 6.9
v 7.9 4.2 3.9
v 7.9 4.2 -5.9
v 7.9 4.2 -8.9
v 8.2 3.9 3.9
v 8.2 3.9 0.6
v 8.2 3.9 -0.7
v 8.2 3.9 -0.9
v 8.2 3.9 -2.2
v 8.2 3.9 -5.9
v 8.2 4.2 7.2
v 8.2 4.2 6
v 8.2 4.2 4.5
v 8.2 4.2 3.9
v 8.2 4.2 0.6
v 8.2 4.2 -2.2
v 8.2 4.2 -5.9
v 8.2 4.2 -6.5
v 8.2 4.2 -7.7
v 8.2 4.2 -8
v 8.2 4.2 -9.2
v 8.2 4.5 4.8
v 8.2 4.5 4.5
v 8.2 4.5 0.6
v 8.2 4.5 0.3
v 8.2 4.5 -1.9
v 8.2 4.5 -2.2
v 8.2 4.5 -6.5
v 8.2 4.5 -6.8
v 8.2 5.1 5.1
v 8.2 5.1 4.8
v 8.2 5.1 0.3
v 8.2 5.1 0
v 8.2 5.1 -1.6
v 8.2 5.1 -1.9
v 8.2 5.1 -6.8
v 8.2 5.1 -7.1
v 8.2 5.5 -7.1
v 8.2 5.5 -7.7
v 8.2 5.7 5.4
v 8.2 5.7 5.1
v 8.2 5.7 -7.1
v 8.2 5.7 -7.4
v 8.2 6 0
v 8.2 6 -0.7
v 8.2 6 -0.9
v 8.2 6 -1.6
v 8.2 6.6 5.7
v 8.2 6.6 5.4
v 8.2 6.6 -7.4
v 8.2 6.6 -7.7
v 8.2 7.8 6
v 8.2 7.8 5.7
v 8.2 7.8 -7.7
v 8.2 7.8 -8
v 8.2 15.3 7.2
v 8.2 15.3 6
v 8.2 15.3 -8
v 8.2 15.3 -9.2
v 8.3 3.9 -0.7
v 8.3 3.9 -0.9
v 8.3 5.9 -0.7
v 8.3 5.9 -0.9
v 8.4 14.2 6.6
v 8.4 14.2 6.4
v 8.4 14.5 6.5
v 8.4 14.5 6.4
v 8.4 14.8 6.6
v 8.4 14.8 6.5
v 8.5 4.2 4.5
v 8.5 4.2 0.6
v 8.5 4.2 -2.2
v 8.5 4.2 -6.5
v 8.5 4.5 4.8
v 8.5 4.5 4.5
v 8.5 4.5 0.6
v 8.5 4.5 0.3
v 8.5 4.5 -1.9
v 8.5 4.5 -2.2
v 8.5 4.5 -6.5
v 8.5 4.5 -6.8
v 8.5 4.7 4.2
v 8.5 4.7 0.9
v 8.5 4.7 -2.5
v 8.5 4.7 -6.2
v 8.5 4.9 4.2
v 8.5 4.9 0.9
v 8.5 4.9 -2.5
v 8.5 4.9 -6.2
v 8.5 5.1 5.1
v 8.5 5.1 4.8
v 8.5 5.1 4.5
v 8.5 5.1 0.6
v 8.5 5.1 0.3
v 8.5 5.1 0
v 8.5 5.1 -1.6
v 8.5 5.1 -1.9
v 8.5 5.1 -2.2
v 8.5 5.1 -6.5
v 8.5 5.1 -6.8
v 8.5 5.1 -7.1
v 8.5 5.7 5.4
v 8.5 5.7 5.1
v 8.5 5.7 4.8
v 8.5 5.7 4.5
v 8.5 5.7 0.6
v 8.5 5.7 0.3
v 8.5 5.7 -1.9
v 8.5 5.7 -2.2
v 8.5 5.7 -6.5
v 8.5 5.7 -6.8
v 8.5 5.7 -7.1
v 8.5 5.7 -7.4
v 8.5 6 0
v 8.5 6 -0.7
v 8.5 6 -0.9
v 8.5 6 -1.6
v 8.5 6.3 5.1
v 8.5 6.3 4.8
v 8.5 6.3 -6.8
v 8.5 6.3 -7.1
v 8.5 6.6 5.7
v 8.5 6.6 5.4
v 8.5 6.6 -7.4
v 8.5 6.6 -7.7
v 8.5 6.9 5.4
v 8.5 6.9 5.1
v 8.5 6.9 0.3
v 8.5 6.9 0
v 8.5 6.9 -1.6
v 8.5 6.9 -1.9
v 8.5 6.9 -7.1
v 8.5 6.9 -7.4
v 8.5 7.8 6
v 8.5 7.8 5.7
v 8.5 7.8 5.4
v 8.5 7.8 -7.4
v 8.5 7.8 -7.7
v 8.5 7.8 -8
v 8.5 9 5.7
v 8.5 9 5.4
v 8.5 9 -7.4
v 8.5 9 -7.7
v 8.5 9.3 0.3
v 8.5 9.3 0
v 8.5 9.3 -1.6
v 8.5 9.3 -1.9
v 8.5 9.9 5.4
v 8.5 9.9 5.1
v 8.5 9.9 -7.1
v 8.5 9.9 -7.4
v 8.5 10.5 5.1
v 8.5 10.5 4.8
v 8.5 10.5 0.6
v 8.5 10.5 0.3
v 8.5 10.5 -1.9
v 8.5 10.5 -2.2
v 8.5 10.5 -6.8
v 8.5 10.5 -7.1
v 8.5 11.1 4.8
v 8.5 11.1 0.6
v 8.5 11.1 -2.2
v 8.5 11.1 -6.8
v 8.5 11.3 4.5
v 8.5 11.3 0.9
v 8.5 11.3 -2.5
v 8.5 11.3 -6.5
v 8.5 11.5 4.5
v 8.5 11.5 0.9
v 8.5 11.5 -2.5
v 8.5 11.5 -6.5
v 8.5 11.7 4.8
v 8.5 11.7 0.6
v 8.5 11.7 -2.2
v 8.5 11.7 -6.8
v 8.5 12.3 5.1
v 8.5 12.3 4.8
v 8.5 12.3 0.6
v 8.5 12.3 0.3
v 8.5 12.3 -1.9
v 8.5 12.3 -2.2
v 8.5 12.3 -6.8
v 8.5 12.3 -7.1
v 8.5 12.9 5.4
v 8.5 12.9 5.1
v 8.5 12.9 -7.1
v 8.5 12.9 -7.4
v 8.5 13.5 0.3
v 8.5 13.5 0
v 8.5 13.5 -1.6
v 8.5 13.5 -1.9
v 8.5 13.8 5.7
v 8.5 13.8 5.4
v 8.5 13.8 -7.4
v 8.5 13.8 -7.7
v 8.5 15.3 6
v 8.5 15.3 5.7
v 8.5 15.3 0
v 8.5 15.3 -0.7
v 8.5 15.3 -0.9
v 8.5 15.3 -1.6
v 8.5 15.3 -7.7
v 8.5 15.3 -8
v 8.6 4.7 4.2
v 8.6 4.7 0.9
v 8.6 4.7 -2.5
v 8.6 4.7 -6.2
v 8.6 4.9 4.2
v 8.6 4.9 0.9
v 8.6 4.9 -2.5
v 8.6 4.9 -6.2
v 8.6 5.1 2.8
v 8.6 5.1 2.4
v 8.6 5.1 -4.3
v 8.6 5.1 -4.7
v 8.6 5.2 2.8
v 8.6 5.2 2.4
v 8.6 5.2 -4.3
v 8.6 5.2 -4.7
v 8.6 5.9 -0.7
v 8.6 5.9 -0.9
v 8.6 11.3 4.5
v 8.6 11.3 0.9
v 8.6 11.3 -2.5
v 8.6 11.3 -6.5
v 8.6 11.5 4.5
v 8.6 11.5 0.9
v 8.6 11.5 -2.5
v 8.6 11.5 -6.5
v 8.6 11.7 2.8
v 8.6 11.7 2.4
v 8.6 11.7 -4.3
v 8.6 11.7 -4.7
v 8.6 11.8 2.8
v 8.6 11.8 2.4
v 8.6 11.8 -4.3
v 8.6 11.8 -4.7
v 8.6 15.3 -0.7
v 8.6 15.3 -0.9
v 8.7 6.2 4.2
v 8.7 6.2 3.8
v 8.7 6.3 4.3
v 8.7 6.3 4.2
v 8.7 6.3 3.8
v 8.7 6.3 3.7
v 8.7 6.4 4.4
v 8.7 6.4 4.3
v 8.7 6.4 4.2
v 8.7 6.4 4.1
v 8.7 6.4 3.9
v 8.7 6.4 3.8
v 8.7 6.4 3.7
v 8.7 6.4 3.6
v 8.7 6.5 4.2
v 8.7 6.5 4.1
v 8.7 6.5 3.9
v 8.7 6.5 3.8
v 8.7 6.5 -5.2
v 8.7 6.5 -5.4
v 8.7 6.6 -5.1
v 8.7 6.6 -5.2
v 8.7 6.6 -5.4
v 8.7 6.6 -5.5
v 8.7 6.7 4.2
v 8.7 6.7 4.1
v 8.7 6.7 3.9
v 8.7 6.7 3.8
v 8.7 6.7 3.7
v 8.7 6.7 3.6
v 8.7 6.7 3.5
v 8.7 6.7 -5
v 8.7 6.7 -5.1
v 8.7 6.7 -5.2
v 8.7 6.7 -5.4
v 8.7 6.7 -5.5
v 8.7 6.7 -5.6
v 8.7 6.8 4.4
v 8.7 6.8 4.3
v 8.7 6.8 4.2
v 8.7 6.8 4.1
v 8.7 6.8 3.9
v 8.7 6.8 3.6
v 8.7 6.8 3.5
v 8.7 6.8 3.4
v 8.7 6.8 -4.9
v 8.7 6.8 -5
v 8.7 6.8 -5.1
v 8.7 6.9 4.3
v 8.7 6.9 4.2
v 8.7 6.9 3.9
v 8.7 6.9 3.5
v 8.7 6.9 3.4
v 8.7 6.9 3.3
v 8.7 6.9 -4.8
v 8.7 6.9 -4.9
v 8.7 6.9 -5
v 8.7 6.9 -5.4
v 8.7 6.9 -5.5
v 8.7 6.9 -5.6
v 8.7 7 4.2
v 8.7 7 3.9
v 8.7 7 3.8
v 8.7 7 3.4
v 8.7 7 3.3
v 8.7 7 3.2
v 8.7 7 -4.7
v 8.7 7 -4.8
v 8.7 7 -4.9
v 8.7 7 -5.3
v 8.7 7 -5.4
v 8.7 7 -5.5
v 8.7 7.1 3.9
v 8.7 7.1 3.8
v 8.7 7.1 3.7
v 8.7 7.1 3.3
v 8.7 7.1 3.2
v 8.7 7.1 3.1
v 8.7 7.1 -4.6
v 8.7 7.1 -4.7
v 8.7 7.1 -4.8
v 8.7 7.1 -5.2
v 8.7 7.1 -5.3
v 8.7 7.1 -5.4
v 8.7 7.2 3.8
v 8.7 7.2 3.7
v 8.7 7.2 3.6
v 8.7 7.2 3.2
v 8.7 7.2 3.1
v 8.7 7.2 3
v 8.7 7.2 -4.5
v 8.7 7.2 -4.6
v 8.7 7.2 -4.7
v 8.7 7.2 -5.1
v 8.7 7.2 -5.2
v 8.7 7.2 -5.3
v 8.7 7.3 3.7
v 8.7 7.3 3.6
v 8.7 7.3 3.5
v 8.7 7.3 3.1
v 8.7 7.3 3
v 8.7 7.3 2.9
v 8.7 7.3 -4.4
v 8.7 7.3 -4.5
v 8.7 7.3 -4.6
v 8.7 7.3 -5
v 8.7 7.3 -5.1
v 8.7 7.3 -5.2
v 8.7 7.4 3.6
v 8.7 7.4 3.5
v 8.7 7.4 3.4
v 8.7 7.4 3
v 8.7 7.4 2.9
v 8.7 7.4 2.8
v 8.7 7.4 -4.3
v 8.7 7.4 -4.4
v 8.7 7.4 -4.5
v 8.7 7.4 -4.9
v 8.7 7.4 -5
v 8.7 7.4 -5.1
v 8.7 7.5 3.5
v 8.7 7.5 3.4
v 8.7 7.5 3.3
v 8.7 7.5 2.9
v 8.7 7.5 2.8
v 8.7 7.5 2.7
v 8.7 7.5 -4.2
v 8.7 7.5 -4.3
v 8.7 7.5 -4.4
v 8.7 7.5 -4.8
v 8.7 7.5 -4.9
v 8.7 7.5 -5
v 8.7 7.6 3.4
v 8.7 7.6 3.3
v 8.7 7.6 3.2
v 8.7 7.6 2.8
v 8.7 7.6 2.7
v 8.7 7.6 2.6
v 8.7 7.6 -4.1
v 8.7 7.6 -4.2
v 8.7 7.6 -4.3
v 8.7 7.6 -4.7
v 8.7 7.6 -4.8
v 8.7 7.6 -4.9
v 8.7 7.7 3.3
v 8.7 7.7 3.2
v 8.7 7.7 3.1
v 8.7 7.7 2.7
v 8.7 7.7 2.6
v 8.7 7.7 2.5
v 8.7 7.7 -4
v 8.7 7.7 -4.1
v 8.7 7.7 -4.2
v 8.7 7.7 -4.6
v 8.7 7.7 -4.7
v 8.7 7.7 -4.8
v 8.7 7.8 3.2
v 8.7 7.8 3.1
v 8.7 7.8 3
v 8.7 7.8 2.6
v 8.7 7.8 2.5
v 8.7 7.8 2.4
v 8.7 7.8 -3.9
v 8.7 7.8 -4
v 8.7 7.8 -4.1
v 8.7 7.8 -4.5
v 8.7 7.8 -4.6
v 8.7 7.8 -4.7
v 8.7 7.9 3.1
v 8.7 7.9 3
v 8.7 7.9 2.9
v 8.7 7.9 2.5
v 8.7 7.9 2.4
v 8.7 7.9 2.3
v 8.7 7.9 -3.8
v 8.7 7.9 -3.9
v 8.7 7.9 -4
v 8.7 7.9 -4.4
v 8.7 7.9 -4.5
v 8.7 7.9 -4.6
v 8.7 8 3
v 8.7 8 2.9
v 8.7 8 2.8
v 8.7 8 2.4
v 8.7 8 2.3
v 8.7 8 2.2
v 8.7 8 -2.8
v 8.7 8 -3
v 8.7 8 -3.7
v 8.7 8 -3.8
v 8.7 8 -3.9
v 8.7 8 -4.3
v 8.7 8 -4.4
v 8.7 8 -4.5
v 8.7 8.1 2.9
v 8.7 8.1 2.8
v 8.7 8.1 2.7
v 8.7 8.1 2.3
v 8.7 8.1 2.2
v 8.7 8.1 2.1
v 8.7 8.1 -2.7
v 8.7 8.1 -2.8
v 8.7 8.1 -3
v 8.7 8.1 -3.1
v 8.7 8.1 -3.6
v 8.7 8.1 -3.7
v 8.7 8.1 -3.8
v 8.7 8.1 -4.2
v 8.7 8.1 -4.3
v 8.7 8.1 -4.4
v 8.7 8.2 2.8
v 8.7 8.2 2.7
v 8.7 8.2 2.6
v 8.7 8.2 2.2
v 8.7 8.2 2.1
v 8.7 8.2 2
v 8.7 8.2 -2.6
v 8.7 8.2 -2.7
v 8.7 8.2 -2.8
v 8.7 8.2 -3
v 8.7 8.2 -3.1
v 8.7 8.2 -3.2
v 8.7 8.2 -3.5
v 8.7 8.2 -3.6
v 8.7 8.2 -4.1
v 8.7 8.2 -4.2
v 8.7 8.2 -4.3
v 8.7 8.3 2.7
v 8.7 8.3 2.6
v 8.7 8.3 2.5
v 8.7 8.3 2.1
v 8.7 8.3 2
v 8.7 8.3 1.9
v 8.7 8.3 -2.5
v 8.7 8.3 -2.6
v 8.7 8.3 -2.7
v 8.7 8.3 -2.8
v 8.7 8.3 -2.9
v 8.7 8.3 -3.1
v 8.7 8.3 -3.2
v 8.7 8.3 -3.3
v 8.7 8.3 -3.4
v 8.7 8.3 -3.5
v 8.7 8.3 -3.7
v 8.7 8.3 -3.8
v 8.7 8.3 -4
v 8.7 8.3 -4.1
v 8.7 8.3 -4.2
v 8.7 8.4 2.6
v 8.7 8.4 2.5
v 8.7 8.4 2.4
v 8.7 8.4 2
v 8.7 8.4 1.9
v 8.7 8.4 1.1
v 8.7 8.4 -2.4
v 8.7 8.4 -2.5
v 8.7 8.4 -2.6
v 8.7 8.4 -2.7
v 8.7 8.4 -2.8
v 8.7 8.4 -2.9
v 8.7 8.4 -3.2
v 8.7 8.4 -3.3
v 8.7 8.4 -3.4
v 8.7 8.4 -3.7
v 8.7 8.4 -3.8
v 8.7 8.4 -4
v 8.7 8.4 -4.1
v 8.7 8.5 2.5
v 8.7 8.5 2.4
v 8.7 8.5 2.3
v 8.7 8.5 1.9
v 8.7 8.5 1.2
v 8.7 8.5 -2.3
v 8.7 8.5 -2.4
v 8.7 8.5 -2.5
v 8.7 8.5 -2.6
v 8.7 8.5 -2.7
v 8.7 8.5 -2.8
v 8.7 8.5 -3.3
v 8.7 8.5 -3.5
v 8.7 8.5 -3.6
v 8.7 8.5 -3.9
v 8.7 8.5 -4
v 8.7 8.6 2.4
v 8.7 8.6 2.3
v 8.7 8.6 2.2
v 8.7 8.6 1.8
v 8.7 8.6 1.7
v 8.7 8.6 1.3
v 8.7 8.6 1.2
v 8.7 8.6 1.1
v 8.7 8.6 -2.6
v 8.7 8.6 -2.7
v 8.7 8.6 -3.5
v 8.7 8.6 -3.6
v 8.7 8.6 -3.8
v 8.7 8.6 -3.9
v 8.7 8.7 2.3
v 8.7 8.7 2.2
v 8.7 8.7 2.1
v 8.7 8.7 1.9
v 8.7 8.7 1.8
v 8.7 8.7 1.7
v 8.7 8.7 1.6
v 8.7 8.7 1.4
v 8.7 8.7 1.3
v 8.7 8.7 1.2
v 8.7 8.7 1.1
v 8.7 8.7 -2.3
v 8.7 8.7 -2.4
v 8.7 8.7 -2.5
v 8.7 8.7 -3.7
v 8.7 8.7 -3.8
v 8.7 8.8 2
v 8.7 8.8 1.9
v 8.7 8.8 1.8
v 8.7 8.8 1.7
v 8.7 8.8 1.6
v 8.7 8.8 1.5
v 8.7 8.8 1.4
v 8.7 8.8 1.3
v 8.7 8.8 1.2
v 8.7 8.8 1.1
v 8.7 8.8 1
v 8.7 8.8 -2.4
v 8.7 8.8 -2.5
v 8.7 8.8 -2.6
v 8.7 8.8 -3.6
v 8.7 8.8 -3.7
v 8.7 8.8 -3.8
v 8.7 8.9 2
v 8.7 8.9 1.9
v 8.7 8.9 1.8
v 8.7 8.9 1.7
v 8.7 8.9 1.6
v 8.7 8.9 1.5
v 8.7 8.9 1.4
v 8.7 8.9 1.3
v 8.7 8.9 -2.5
v 8.7 8.9 -2.6
v 8.7 8.9 -2.7
v 8.7 8.9 -3.7
v 8.7 8.9 -3.8
v 8.7 8.9 -3.9
v 8.7 9 1.9
v 8.7 9 1.8
v 8.7 9 1.7
v 8.7 9 1.6
v 8.7 9 1.5
v 8.7 9 1.4
v 8.7 9 1.3
v 8.7 9 1.2
v 8.7 9 1.1
v 8.7 9 1
v 8.7 9 0.9
v 8.7 9 -2.6
v 8.7 9 -2.7
v 8.7 9 -2.8
v 8.7 9 -3.8
v 8.7 9 -3.9
v 8.7 9 -4
v 8.7 9.1 2.2
v 8.7 9.1 2.1
v 8.7 9.1 2
v 8.7 9.1 1.8
v 8.7 9.1 1.7
v 8.7 9.1 1.6
v 8.7 9.1 1.3
v 8.7 9.1 1.2
v 8.7 9.1 1.1
v 8.7 9.1 -2.7
v 8.7 9.1 -2.8
v 8.7 9.1 -2.9
v 8.7 9.1 -3.9
v 8.7 9.1 -4
v 8.7 9.1 -4.1
v 8.7 9.2 1.2
v 8.7 9.2 1.1
v 8.7 9.2 1
v 8.7 9.2 -2.8
v 8.7 9.2 -2.9
v 8.7 9.2 -3
v 8.7 9.2 -3.7
v 8.7 9.2 -3.8
v 8.7 9.3 1.8
v 8.7 9.3 1.7
v 8.7 9.3 1.6
v 8.7 9.3 1.1
v 8.7 9.3 1
v 8.7 9.3 -2.9
v 8.7 9.3 -3
v 8.7 9.3 -3.1
v 8.7 9.3 -3.6
v 8.7 9.3 -3.7
v 8.7 9.3 -3.8
v 8.7 9.3 -3.9
v 8.7 9.3 -4
v 8.7 9.3 -4.1
v 8.7 9.4 2.1
v 8.7 9.4 2
v 8.7 9.4 1.9
v 8.7 9.4 1.7
v 8.7 9.4 1.6
v 8.7 9.4 1.5
v 8.7 9.4 1
v 8.7 9.4 0.9
v 8.7 9.4 -3
v 8.7 9.4 -3.1
v 8.7 9.4 -3.2
v 8.7 9.4 -3.5
v 8.7 9.4 -3.6
v 8.7 9.4 -3.7
v 8.7 9.4 -3.8
v 8.7 9.4 -3.9
v 8.7 9.4 -4
v 8.7 9.5 2
v 8.7 9.5 1.9
v 8.7 9.5 1.8
v 8.7 9.5 1.6
v 8.7 9.5 1.5
v 8.7 9.5 1.4
v 8.7 9.5 -3.1
v 8.7 9.5 -3.2
v 8.7 9.5 -3.3
v 8.7 9.5 -3.5
v 8.7 9.5 -3.6
v 8.7 9.5 -3.7
v 8.7 9.5 -3.8
v 8.7 9.5 -3.9
v 8.7 9.6 1.9
v 8.7 9.6 1.8
v 8.7 9.6 1.5
v 8.7 9.6 1.4
v 8.7 9.6 1.3
v 8.7 9.6 -3.2
v 8.7 9.6 -3.3
v 8.7 9.6 -3.4
v 8.7 9.6 -3.6
v 8.7 9.6 -3.7
v 8.7 9.6 -3.8
v 8.7 9.7 1.8
v 8.7 9.7 1.3
v 8.7 9.7 -3.3
v 8.7 9.7 -3.4
v 8.7 9.7 -3.6
v 8.7 9.7 -3.7
v 8.7 9.8 -3.4
v 8.7 9.8 -3.6
v 8.8 5.1 4.5
v 8.8 5.1 0.6
v 8.8 5.1 -2.2
v 8.8 5.1 -6.5
v 8.8 5.7 4.8
v 8.8 5.7 4.5
v 8.8 5.7 0.6
v 8.8 5.7 0.3
v 8.8 5.7 -1.9
v 8.8 5.7 -2.2
v 8.8 5.7 -6.5
v 8.8 5.7 -6.8
v 8.8 6.2 4.2
v 8.8 6.2 3.8
v 8.8 6.3 5.1
v 8.8 6.3 4.8
v 8.8 6.3 4.3
v 8.8 6.3 4.2
v 8.8 6.3 3.8
v 8.8 6.3 3.7
v 8.8 6.3 -6.8
v 8.8 6.3 -7.1
v 8.8 6.4 4.4
v 8.8 6.4 4.3
v 8.8 6.4 4.1
v 8.8 6.4 3.9
v 8.8 6.4 3.7
v 8.8 6.4 3.6
v 8.8 6.5 4.2
v 8.8 6.5 4.1
v 8.8 6.5 3.9
v 8.8 6.5 3.8
v 8.8 6.5 -5.2
v 8.8 6.5 -5.4
v 8.8 6.6 -5.1
v 8.8 6.6 -5.2
v 8.8 6.6 -5.4
v 8.8 6.6 -5.5
v 8.8 6.7 4.2
v 8.8 6.7 4.1
v 8.8 6.7 3.9
v 8.8 6.7 3.8
v 8.8 6.7 3.6
v 8.8 6.7 3.5
v 8.8 6.7 -5
v 8.8 6.7 -5.1
v 8.8 6.7 -5.5
v 8.8 6.7 -5.6
v 8.8 6.8 4.4
v 8.8 6.8 4.3
v 8.8 6.8 4.1
v 8.8 6.8 3.9
v 8.8 6.8 3.5
v 8.8 6.8 3.4
v 8.8 6.8 -4.9
v 8.8 6.8 -5
v 8.8 6.9 5.4
v 8.8 6.9 5.1
v 8.8 6.9 4.3
v 8.8 6.9 4.2
v 8.8 6.9 3.4
v 8.8 6.9 3.3
v 8.8 6.9 0.3
v 8.8 6.9 0
v 8.8 6.9 -1.6
v 8.8 6.9 -1.9
v 8.8 6.9 -4.8
v 8.8 6.9 -4.9
v 8.8 6.9 -5.5
v 8.8 6.9 -5.6
v 8.8 6.9 -7.1
v 8.8 6.9 -7.4
v 8.8 7 4.2
v 8.8 7 3.9
v 8.8 7 3.3
v 8.8 7 3.2
v 8.8 7 -4.7
v 8.8 7 -4.8
v 8.8 7 -5.4
v 8.8 7 -5.5
v 8.8 7.1 3.9
v 8.8 7.1 3.8
v 8.8 7.1 3.2
v 8.8 7.1 3.1
v 8.8 7.1 -4.6
v 8.8 7.1 -4.7
v 8.8 7.1 -5.3
v 8.8 7.1 -5.4
v 8.8 7.2 3.8
v 8.8 7.2 3.7
v 8.8 7.2 3.1
v 8.8 7.2 3
v 8.8 7.2 -4.5
v 8.8 7.2 -4.6
v 8.8 7.2 -5.2
v 8.8 7.2 -5.3
v 8.8 7.3 3.7
v 8.8 7.3 3.6
v 8.8 7.3 3
v 8.8 7.3 2.9
v 8.8 7.3 -4.4
v 8.8 7.3 -4.5
v 8.8 7.3 -5.1
v 8.8 7.3 -5.2
v 8.8 7.4 3.6
v 8.8 7.4 3.5
v 8.8 7.4 2.9
v 8.8 7.4 2.8
v 8.8 7.4 -4.3
v 8.8 7.4 -4.4
v 8.8 7.4 -5
v 8.8 7.4 -5.1
v 8.8 7.5 3.5
v 8.8 7.5 3.4
v 8.8 7.5 2.8
v 8.8 7.5 2.7
v 8.8 7.5 -4.2
v 8.8 7.5 -4.3
v 8.8 7.5 -4.9
v 8.8 7.5 -5
v 8.8 7.6 3.4
v 8.8 7.6 3.3
v 8.8 7.6 2.7
v 8.8 7.6 2.6
v 8.8 7.6 -4.1
v 8.8 7.6 -4.2
v 8.8 7.6 -4.8
v 8.8 7.6 -4.9
v 8.8 7.7 3.3
v 8.8 7.7 3.2
v 8.8 7.7 2.6
v 8.8 7.7 2.5
v 8.8 7.7 -4
v 8.8 7.7 -4.1
v 8.8 7.7 -4.7
v 8.8 7.7 -4.8
v 8.8 7.8 5.7
v 8.8 7.8 5.4
v 8.8 7.8 3.2
v 8.8 7.8 3.1
v 8.8 7.8 2.5
v 8.8 7.8 2.4
v 8.8 7.8 -3.9
v 8.8 7.8 -4
v 8.8 7.8 -4.6
v 8.8 7.8 -4.7
v 8.8 7.8 -7.4
v 8.8 7.8 -7.7
v 8.8 7.9 3.1
v 8.8 7.9 3
v 8.8 7.9 2.4
v 8.8 7.9 2.3
v 8.8 7.9 -3.8
v 8.8 7.9 -3.9
v 8.8 7.9 -4.5
v 8.8 7.9 -4.6
v 8.8 8 3
v 8.8 8 2.9
v 8.8 8 2.3
v 8.8 8 2.2
v 8.8 8 -2.8
v 8.8 8 -3
v 8.8 8 -3.7
v 8.8 8 -3.8
v 8.8 8 -4.4
v 8.8 8 -4.5
v 8.8 8.1 2.9
v 8.8 8.1 2.8
v 8.8 8.1 2.2
v 8.8 8.1 2.1
v 8.8 8.1 -2.7
v 8.8 8.1 -2.8
v 8.8 8.1 -3
v 8.8 8.1 -3.1
v 8.8 8.1 -3.6
v 8.8 8.1 -3.7
v 8.8 8.1 -4.3
v 8.8 8.1 -4.4
v 8.8 8.2 2.8
v 8.8 8.2 2.7
v 8.8 8.2 2.1
v 8.8 8.2 2
v 8.8 8.2 -2.6
v 8.8 8.2 -2.7
v 8.8 8.2 -3.1
v 8.8 8.2 -3.2
v 8.8 8.2 -3.5
v 8.8 8.2 -3.6
v 8.8 8.2 -4.2
v 8.8 8.2 -4.3
v 8.8 8.3 2.7
v 8.8 8.3 2.6
v 8.8 8.3 2
v 8.8 8.3 1.9
v 8.8 8.3 -2.5
v 8.8 8.3 -2.6
v 8.8 8.3 -3.2
v 8.8 8.3 -3.3
v 8.8 8.3 -3.4
v 8.8 8.3 -3.5
v 8.8 8.3 -4.1
v 8.8 8.3 -4.2
v 8.8 8.4 2.6
v 8.8 8.4 2.5
v 8.8 8.4 1.9
v 8.8 8.4 1.1
v 8.8 8.4 -2.4
v 8.8 8.4 -2.5
v 8.8 8.4 -3.3
v 8.8 8.4 -3.4
v 8.8 8.4 -4
v 8.8 8.4 -4.1
v 8.8 8.5 2.5
v 8.8 8.5 2.4
v 8.8 8.5 -2.3
v 8.8 8.5 -2.4
v 8.8 8.5 -3.9
v 8.8 8.5 -4
v 8.8 8.6 2.4
v 8.8 8.6 2.3
v 8.8 8.6 1.2
v 8.8 8.6 1.1
v 8.8 8.6 -3.8
v 8.8 8.6 -3.9
v 8.8 8.7 2.3
v 8.8 8.7 2.2
v 8.8 8.7 1.2
v 8.8 8.7 1.1
v 8.8 8.7 -2.3
v 8.8 8.7 -2.4
v 8.8 8.7 -3.7
v 8.8 8.7 -3.8
v 8.8 8.8 1.1
v 8.8 8.8 1
v 8.8 8.8 -2.4
v 8.8 8.8 -2.5
v 8.8 8.8 -3.7
v 8.8 8.8 -3.8
v 8.8 8.9 1.5
v 8.8 8.9 1.4
v 8.8 8.9 -2.5
v 8.8 8.9 -2.6
v 8.8 8.9 -3.8
v 8.8 8.9 -3.9
v 8.8 9 5.7
v 8.8 9 5.4
v 8.8 9 1.6
v 8.8 9 1.5
v 8.8 9 1.4
v 8.8 9 1.3
v 8.8 9 1
v 8.8 9 0.9
v 8.8 9 -2.6
v 8.8 9 -2.7
v 8.8 9 -3.9
v 8.8 9 -4
v 8.8 9 -7.4
v 8.8 9 -7.7
v 8.8 9.1 2.2
v 8.8 9.1 2.1
v 8.8 9.1 1.7
v 8.8 9.1 1.6
v 8.8 9.1 1.3
v 8.8 9.1 1.2
v 8.8 9.1 -2.7
v 8.8 9.1 -2.8
v 8.8 9.1 -4
v 8.8 9.1 -4.1
v 8.8 9.2 1.2
v 8.8 9.2 1.1
v 8.8 9.2 -2.8
v 8.8 9.2 -2.9
v 8.8 9.2 -3.7
v 8.8 9.2 -3.8
v 8.8 9.3 1.7
v 8.8 9.3 1.6
v 8.8 9.3 1.1
v 8.8 9.3 1
v 8.8 9.3 0.3
v 8.8 9.3 0
v 8.8 9.3 -1.6
v 8.8 9.3 -1.9
v 8.8 9.3 -2.9
v 8.8 9.3 -3
v 8.8 9.3 -3.7
v 8.8 9.3 -3.8
v 8.8 9.3 -4
v 8.8 9.3 -4.1
v 8.8 9.4 2.1
v 8.8 9.4 2
v 8.8 9.4 1.6
v 8.8 9.4 1.5
v 8.8 9.4 1
v 8.8 9.4 0.9
v 8.8 9.4 -3
v 8.8 9.4 -3.1
v 8.8 9.4 -3.9
v 8.8 9.4 -4
v 8.8 9.5 2
v 8.8 9.5 1.9
v 8.8 9.5 1.5
v 8.8 9.5 1.4
v 8.8 9.5 -3.1
v 8.8 9.5 -3.2
v 8.8 9.5 -3.8
v 8.8 9.5 -3.9
v 8.8 9.6 1.9
v 8.8 9.6 1.8
v 8.8 9.6 1.4
v 8.8 9.6 1.3
v 8.8 9.6 -3.2
v 8.8 9.6 -3.3
v 8.8 9.6 -3.7
v 8.8 9.6 -3.8
v 8.8 9.7 1.8
v 8.8 9.7 1.3
v 8.8 9.7 -3.3
v 8.8 9.7 -3.4
v 8.8 9.7 -3.6
v 8.8 9.7 -3.7
v 8.8 9.8 -3.4
v 8.8 9.8 -3.6
v 8.8 9.9 5.4
v 8.8 9.9 5.1
v 8.8 9.9 -7.1
v 8.8 9.9 -7.4
v 8.8 10.5 5.1
v 8.8 10.5 4.8
v 8.8 10.5 0.6
v 8.8 10.5 0.3
v 8.8 10.5 -1.9
v 8.8 10.5 -2.2
v 8.8 10.5 -6.8
v 8.8 10.5 -7.1
v 8.8 11.1 4.8
v 8.8 11.1 0.6
v 8.8 11.1 -2.2
v 8.8 11.1 -6.8
v 8.8 11.7 4.8
v 8.8 11.7 0.6
v 8.8 11.7 -2.2
v 8.8 11.7 -6.8
v 8.8 12.3 5.1
v 8.8 12.3 4.8
v 8.8 12.3 0.6
v 8.8 12.3 0.3
v 8.8 12.3 -1.9
v 8.8 12.3 -2.2
v 8.8 12.3 -6.8
v 8.8 12.3 -7.1
v 8.8 12.9 5.4
v 8.8 12.9 5.1
v 8.8 12.9 -7.1
v 8.8 12.9 -7.4
v 8.8 13.5 0.3
v 8.8 13.5 0
v 8.8 13.5 -1.6
v 8.8 13.5 -1.9
v 8.8 13.8 5.7
v 8.8 13.8 5.4
v 8.8 13.8 -7.4
v 8.8 13.8 -7.7
v 8.8 15.3 5.7
v 8.8 15.3 0
v 8.8 15.3 -1.6
v 8.8 15.3 -7.7
v -8.8 5.1 4.5
v -8.8 5.1 0.6
v -8.8 5.1 -2.2
v -8.8 5.1 -6.5
v -8.8 5.7 4.8
v -8.8 5.7 4.5
v -8.8 5.7 0.6
v -8.8 5.7 0.3
v -8.8 5.7 -1.9
v -8.8 5.7 -2.2
v -8.8 5.7 -6.5
v -8.8 5.7 -6.8
v -8.8 6.2 4.2
v -8.8 6.2 3.8
v -8.8 6.3 5.1
v -8.8 6.3 4.8
v -8.8 6.3 4.3
v -8.8 6.3 4.2
v -8.8 6.3 3.8
v -8.8 6.3 3.7
v -8.8 6.3 -6.8
v -8.8 6.3 -7.1
v -8.8 6.4 4.4
v -8.8 6.4 4.3
v -8.8 6.4 4.1
v -8.8 6.4 3.9
v -8.8 6.4 3.7
v -8.8 6.4 3.6
v -8.8 6.5 4.2
v -8.8 6.5 4.1
v -8.8 6.5 3.9
v -8.8 6.5 3.8
v -8.8 6.5 -5.2
v -8.8 6.5 -5.4
v -8.8 6.6 -5.1
v -8.8 6.6 -5.2
v -8.8 6.6 -5.4
v -8.8 6.6 -5.5
v -8.8 6.7 4.2
v -8.8 6.7 4.1
v -8.8 6.7 3.9
v -8.8 6.7 3.8
v -8.8 6.7 3.6
v -8.8 6.7 3.5
v -8.8 6.7 -5
v -8.8 6.7 -5.1
v -8.8 6.7 -5.5
v -8.8 6.7 -5.6
v -8.8 6.8 4.4
v -8.8 6.8 4.3
v -8.8 6.8 4.1
v -8.8 6.8 3.9
v -8.8 6.8 3.5
v -8.8 6.8 3.4
v -8.8 6.8 -4.9
v -8.8 6.8 -5
v -8.8 6.9 5.4
v -8.8 6.9 5.1
v -8.8 6.9 4.3
v -8.8 6.9 4.2
v -8.8 6.9 3.4
v -8.8 6.9 3.3
v -8.8 6.9 0.3
v -8.8 6.9 0
v -8.8 6.9 -1.6
v -8.8 6.9 -1.9
v -8.8 6.9 -4.8
v -8.8 6.9 -4.9
v -8.8 6.9 -5.5
v -8.8 6.9 -5.6
v -8.8 6.9 -7.1
v -8.8 6.9 -7.4
v -8.8 7 4.2
v -8.8 7 3.9
v -8.8 7 3.3
v -8.8 7 3.2
v -8.8 7 -4.7
v -8.8 7 -4.8
v -8.8 7 -5.4
v -8.8 7 -5.5
v -8.8 7.1 3.9
v -8.8 7.1 3.8
v -8.8 7.1 3.2
v -8.8 7.1 3.1
v -8.8 7.1 -4.6
v -8.8 7.1 -4.7
v -8.8 7.1 -5.3
v -8.8 7.1 -5.4
v -8.8 7.2 3.8
v -8.8 7.2 3.7
v -8.8 7.2 3.1
v -8.8 7.2 3
v -8.8 7.2 -4.5
v -8.8 7.2 -4.6
v -8.8 7.2 -5.2
v -8.8 7.2 -5.3
v -8.8 7.3 3.7
v -8.8 7.3 3.6
v -8.8 7.3 3
v -8.8 7.3 2.9
v -8.8 7.3 -4.4
v -8.8 7.3 -4.5
v -8.8 7.3 -5.1
v -8.8 7.3 -5.2
v -8.8 7.4 3.6
v -8.8 7.4 3.5
v -8.8 7.4 2.9
v -8.8 7.4 2.8
v -8.8 7.4 -4.3
v -8.8 7.4 -4.4
v -8.8 7.4 -5
v -8.8 7.4 -5.1
v -8.8 7.5 3.5
v -8.8 7.5 3.4
v -8.8 7.5 2.8
v -8.8 7.5 2.7
v -8.8 7.5 -4.2
v -8.8 7.5 -4.3
v -8.8 7.5 -4.9
v -8.8 7.5 -5
v -8.8 7.6 3.4
v -8.8 7.6 3.3
v -8.8 7.6 2.7
v -8.8 7.6 2.6
v -8.8 7.6 -4.1
v -8.8 7.6 -4.2
v -8.8 7.6 -4.8
v -8.8 7.6 -4.9
v -8.8 7.7 3.3
v -8.8 7.7 3.2
v -8.8 7.7 2.6
v -8.8 7.7 2.5
v -8.8 7.7 -4
v -8.8 7.7 -4.1
v -8.8 7.7 -4.7
v -8.8 7.7 -4.8
v -8.8 7.8 5.7
v -8.8 7.8 5.4
v -8.8 7.8 3.2
v -8.8 7.8 3.1
v -8.8 7.8 2.5
v -8.8 7.8 2.4
v -8.8 7.8 -3.9
v -8.8 7.8 -4
v -8.8 7.8 -4.6
v -8.8 7.8 -4.7
v -8.8 7.8 -7.4
v -8.8 7.8 -7.7
v -8.8 7.9 3.1
v -8.8 7.9 3
v -8.8 7.9 2.4
v -8.8 7.9 2.3
v -8.8 7.9 -3.8
v -8.8 7.9 -3.9
v -8.8 7.9 -4.5
v -8.8 7.9 -4.6
v -8.8 8 3
v -8.8 8 2.9
v -8.8 8 2.3
v -8.8 8 2.2
v -8.8 8 -2.8
v -8.8 8 -3
v -8.8 8 -3.7
v -8.8 8 -3.8
v -8.8 8 -4.4
v -8.8 8 -4.5
v -8.8 8.1 2.9
v -8.8 8.1 2.8
v -8.8 8.1 2.2
v -8.8 8.1 2.1
v -8.8 8.1 -2.7
v -8.8 8.1 -2.8
v -8.8 8.1 -3
v -8.8 8.1 -3.1
v -8.8 8.1 -3.6
v -8.8 8.1 -3.7
v -8.8 8.1 -4.3
v -8.8 8.1 -4.4
v -8.8 8.2 2.8
v -8.8 8.2 2.7
v -8.8 8.2 2.1
v -8.8 8.2 2
v -8.8 8.2 -2.6
v -8.8 8.2 -2.7
v -8.8 8.2 -3.1
v -8.8 8.2 -3.2
v -8.8 8.2 -3.5
v -8.8 8.2 -3.6
v -8.8 8.2 -4.2
v -8.8 8.2 -4.3
v -8.8 8.3 2.7
v -8.8 8.3 2.6
v -8.8 8.3 2
v -8.8 8.3 1.9
v -8.8 8.3 -2.5
v -8.8 8.3 -2.6
v -8.8 8.3 -3.2
v -8.8 8.3 -3.3
v -8.8 8.3 -3.4
v -8.8 8.3 -3.5
v -8.8 8.3 -4.1
v -8.8 8.3 -4.2
v -8.8 8.4 2.6
v -8.8 8.4 2.5
v -8.8 8.4 1.9
v -8.8 8.4 1.1
v -8.8 8.4 -2.4
v -8.8 8.4 -2.5
v -8.8 8.4 -3.3
v -8.8 8.4 -3.4
v -8.8 8.4 -4
v -8.8 8.4 -4.1
v -8.8 8.5 2.5
v -8.8 8.5 2.4
v -8.8 8.5 -2.3
v -8.8 8.5 -2.4
v -8.8 8.5 -3.9
v -8.8 8.5 -4
v -8.8 8.6 2.4
v -8.8 8.6 2.3
v -8.8 8.6 1.2
v -8.8 8.6 1.1
v -8.8 8.6 -3.8
v -8.8 8.6 -3.9
v -8.8 8.7 2.3
v -8.8 8.7 2.2
v -8.8 8.7 1.2
v -8.8 8.7 1.1
v -8.8 8.7 -2.3
v -8.8 8.7 -2.4
v -8.8 8.7 -3.7
v -8.8 8.7 -3.8
v -8.8 8.8 1.1
v -8.8 8.8 1
v -8.8 8.8 -2.4
v -8.8 8.8 -2.5
v -8.8 8.8 -3.7
v -8.8 8.8 -3.8
v -8.8 8.9 1.5
v -8.8 8.9 1.4
v -8.8 8.9 -2.5
v -8.8 8.9 -2.6
v -8.8 8.9 -3.8
v -8.8 8.9 -3.9
v -8.8 9 5.7
v -8.8 9 5.4
v -8.8 9 1.6
v -8.8 9 1.5
v -8.8 9 1.4
v -8.8 9 1.3
v -8.8 9 1
v -8.8 9 0.9
v -8.8 9 -2.6
v -8.8 9 -2.7
v -8.8 9 -3.9
v -8.8 9 -4
v -8.8 9 -7.4
v -8.8 9 -7.7
v -8.8 9.1 2.2
v -8.8 9.1 2.1
v -8.8 9.1 1.7
v -8.8 9.1 1.6
v -8.8 9.1 1.3
v -8.8 9.1 1.2
v -8.8 9.1 -2.7
v -8.8 9.1 -2.8
v -8.8 9.1 -4
v -8.8 9.1 -4.1
v -8.8 9.2 1.2
v -8.8 9.2 1.1
v -8.8 9.2 -2.8
v -8.8 9.2 -2.9
v -8.8 9.2 -3.7
v -8.8 9.2 -3.8
v -8.8 9.3 1.7
v -8.8 9.3 1.6
v -8.8 9.3 1.1
v -8.8 9.3 1
v -8.8 9.3 0.3
v -8.8 9.3 0
v -8.8 9.3 -1.6
v -8.8 9.3 -1.9
v -8.8 9.3 -2.9
v -8.8 9.3 -3
v -8.8 9.3 -3.7
v -8.8 9.3 -3.8
v -8.8 9.3 -4
v -8.8 9.3 -4.1
v -8.8 9.4 2.1
v -8.8 9.4 2
v -8.8 9.4 1.6
v -8.8 9.4 1.5
v -8.8 9.4 1
v -8.8 9.4 0.9
v -8.8 9.4 -3
v -8.8 9.4 -3.1
v -8.8 9.4 -3.9
v -8.8 9.4 -4
v -8.8 9.5 2
v -8.8 9.5 1.9
v -8.8 9.5 1.5
v -8.8 9.5 1.4
v -8.8 9.5 -3.1
v -8.8 9.5 -3.2
v -8.8 9.5 -3.8
v -8.8 9.5 -3.9
v -8.8 9.6 1.9
v -8.8 9.6 1.8
v -8.8 9.6 1.4
v -8.8 9.6 1.3
v -8.8 9.6 -3.2
v -8.8 9.6 -3.3
v -8.8 9.6 -3.7
v -8.8 9.6 -3.8
v -8.8 9.7 1.8
v -8.8 9.7 1.3
v -8.8 9.7 -3.3
v -8.8 9.7 -3.4
v -8.8 9.7 -3.6
v -8.8 9.7 -3.7
v -8.8 9.8 -3.4
v -8.8 9.8 -3.6
v -8.8 9.9 5.4
v -8.8 9.9 5.1
v -8.8 9.9 -7.1
v -8.8 9.9 -7.4
v -8.8 10.5 5.1
v -8.8 10.5 4.8
v -8.8 10.5 0.6
v -8.8 10.5 0.3
v -8.8 10.5 -1.9
v -8.8 10.5 -2.2
v -8.8 10.5 -6.8
v -8.8 10.5 -7.1
v -8.8 11.1 4.8
v -8.8 11.1 0.6
v -8.8 11.1 -2.2
v -8.8 11.1 -6.8
v -8.8 11.7 4.8
v -8.8 11.7 0.6
v -8.8 11.7 -2.2
v -8.8 11.7 -6.8
v -8.8 12.3 5.1
v -8.8 12.3 4.8
v -8.8 12.3 0.6
v -8.8 12.3 0.3
v -8.8 12.3 -1.9
v -8.8 12.3 -2.2
v -8.8 12.3 -6.8
v -8.8 12.3 -7.1
v -8.8 12.9 5.4
v -8.8 12.9 5.1
v -8.8 12.9 -7.1
v -8.8 12.9 -7.4
v -8.8 13.5 0.3
v -8.8 13.5 0
v -8.8 13.5 -1.6
v -8.8 13.5 -1.9
v -8.8 13.8 5.7
v -8.8 13.8 5.4
v -8.8 13.8 -7.4
v -8.8 13.8 -7.7
v -8.8 15.3 5.7
v -8.8 15.3 0
v -8.8 15.3 -1.6
v -8.8 15.3 -7.7
v -8.7 6.2 4.2
v -8.7 6.2 3.8
v -8.7 6.3 4.3
v -8.7 6.3 4.2
v -8.7 6.3 3.8
v -8.7 6.3 3.7
v -8.7 6.4 4.4
v -8.7 6.4 4.3
v -8.7 6.4 4.2
v -8.7 6.4 4.1
v -8.7 6.4 3.9
v -8.7 6.4 3.8
v -8.7 6.4 3.7
v -8.7 6.4 3.6
v -8.7 6.5 4.2
v -8.7 6.5 4.1
v -8.7 6.5 3.9
v -8.7 6.5 3.8
v -8.7 6.5 -5.2
v -8.7 6.5 -5.4
v -8.7 6.6 -5.1
v -8.7 6.6 -5.2
v -8.7 6.6 -5.4
v -8.7 6.6 -5.5
v -8.7 6.7 4.2
v -8.7 6.7 4.1
v -8.7 6.7 3.9
v -8.7 6.7 3.8
v -8.7 6.7 3.7
v -8.7 6.7 3.6
v -8.7 6.7 3.5
v -8.7 6.7 -5
v -8.7 6.7 -5.1
v -8.7 6.7 -5.2
v -8.7 6.7 -5.4
v -8.7 6.7 -5.5
v -8.7 6.7 -5.6
v -8.7 6.8 4.4
v -8.7 6.8 4.3
v -8.7 6.8 4.2
v -8.7 6.8 4.1
v -8.7 6.8 3.9
v -8.7 6.8 3.6
v -8.7 6.8 3.5
v -8.7 6.8 3.4
v -8.7 6.8 -4.9
v -8.7 6.8 -5
v -8.7 6.8 -5.1
v -8.7 6.9 4.3
v -8.7 6.9 4.2
v -8.7 6.9 3.9
v -8.7 6.9 3.5
v -8.7 6.9 3.4
v -8.7 6.9 3.3
v -8.7 6.9 -4.8
v -8.7 6.9 -4.9
v -8.7 6.9 -5
v -8.7 6.9 -5.4
v -8.7 6.9 -5.5
v -8.7 6.9 -5.6
v -8.7 7 4.2
v -8.7 7 3.9
v -8.7 7 3.8
v -8.7 7 3.4
v -8.7 7 3.3
v -8.7 7 3.2
v -8.7 7 -4.7
v -8.7 7 -4.8
v -8.7 7 -4.9
v -8.7 7 -5.3
v -8.7 7 -5.4
v -8.7 7 -5.5
v -8.7 7.1 3.9
v -8.7 7.1 3.8
v -8.7 7.1 3.7
v -8.7 7.1 3.3
v -8.7 7.1 3.2
v -8.7 7.1 3.1
v -8.7 7.1 -4.6
v -8.7 7.1 -4.7
v -8.7 7.1 -4.8
v -8.7 7.1 -5.2
v -8.7 7.1 -5.3
v -8.7 7.1 -5.4
v -8.7 7.2 3.8
v -8.7 7.2 3.7
v -8.7 7.2 3.6
v -8.7 7.2 3.2
v -8.7 7.2 3.1
v -8.7 7.2 3
v -8.7 7.2 -4.5
v -8.7 7.2 -4.6
v -8.7 7.2 -4.7
v -8.7 7.2 -5.1
v -8.7 7.2 -5.2
v -8.7 7.2 -5.3
v -8.7 7.3 3.7
v -8.7 7.3 3.6
v -8.7 7.3 3.5
v -8.7 7.3 3.1
v -8.7 7.3 3
v -8.7 7.3 2.9
v -8.7 7.3 -4.4
v -8.7 7.3 -4.5
v -8.7 7.3 -4.6
v -8.7 7.3 -5
v -8.7 7.3 -5.1
v -8.7 7.3 -5.2
v -8.7 7.4 3.6
v -8.7 7.4 3.5
v -8.7 7.4 3.4
v -8.7 7.4 3
v -8.7 7.4 2.9
v -8.7 7.4 2.8
v -8.7 7.4 -4.3
v -8.7 7.4 -4.4
v -8.7 7.4 -4.5
v -8.7 7.4 -4.9
v -8.7 7.4 -5
v -8.7 7.4 -5.1
v -8.7 7.5 3.5
v -8.7 7.5 3.4
v -8.7 7.5 3.3
v -8.7 7.5 2.9
v -8.7 7.5 2.8
v -8.7 7.5 2.7
v -8.7 7.5 -4.2
v -8.7 7.5 -4.3
v -8.7 7.5 -4.4
v -8.7 7.5 -4.8
v -8.7 7.5 -4.9
v -8.7 7.5 -5
v -8.7 7.6 3.4
v -8.7 7.6 3.3
v -8.7 7.6 3.2
v -8.7 7.6 2.8
v -8.7 7.6 2.7
v -8.7 7.6 2.6
v -8.7 7.6 -4.1
v -8.7 7.6 -4.2
v -8.7 7.6 -4.3
v -8.7 7.6 -4.7
v -8.7 7.6 -4.8
v -8.7 7.6 -4.9
v -8.7 7.7 3.3
v -8.7 7.7 3.2
v -8.7 7.7 3.1
v -8.7 7.7 2.7
v -8.7 7.7 2.6
v -8.7 7.7 2.5
v -8.7 7.7 -4
v -8.7 7.7 -4.1
v -8.7 7.7 -4.2
v -8.7 7.7 -4.6
v -8.7 7.7 -4.7
v -8.7 7.7 -4.8
v -8.7 7.8 3.2
v -8.7 7.8 3.1
v -8.7 7.8 3
v -8.7 7.8 2.6
v -8.7 7.8 2.5
v -8.7 7.8 2.4
v -8.7 7.8 -3.9
v -8.7 7.8 -4
v -8.7 7.8 -4.1
v -8.7 7.8 -4.5
v -8.7 7.8 -4.6
v -8.7 7.8 -4.7
v -8.7 7.9 3.1
v -8.7 7.9 3
v -8.7 7.9 2.9
v -8.7 7.9 2.5
v -8.7 7.9 2.4
v -8.7 7.9 2.3
v -8.7 7.9 -3.8
v -8.7 7.9 -3.9
v -8.7 7.9 -4
v -8.7 7.9 -4.4
v -8.7 7.9 -4.5
v -8.7 7.9 -4.6
v -8.7 8 3
v -8.7 8 2.9
v -8.7 8 2.8
v -8.7 8 2.4
v -8.7 8 2.3
v -8.7 8 2.2
v -8.7 8 -2.8
v -8.7 8 -3
v -8.7 8 -3.7
v -8.7 8 -3.8
v -8.7 8 -3.9
v -8.7 8 -4.3
v -8.7 8 -4.4
v -8.7 8 -4.5
v -8.7 8.1 2.9
v -8.7 8.1 2.8
v -8.7 8.1 2.7
v -8.7 8.1 2.3
v -8.7 8.1 2.2
v -8.7 8.1 2.1
v -8.7 8.1 -2.7
v -8.7 8.1 -2.8
v -8.7 8.1 -3
v -8.7 8.1 -3.1
v -8.7 8.1 -3.6
v -8.7 8.1 -3.7
v -8.7 8.1 -3.8
v -8.7 8.1 -4.2
v -8.7 8.1 -4.3
v -8.7 8.1 -4.4
v -8.7 8.2 2.8
v -8.7 8.2 2.7
v -8.7 8.2 2.6
v -8.7 8.2 2.2
v -8.7 8.2 2.1
v -8.7 8.2 2
v -8.7 8.2 -2.6
v -8.7 8.2 -2.7
v -8.7 8.2 -2.8
v -8.7 8.2 -3
v -8.7 8.2 -3.1
v -8.7 8.2 -3.2
v -8.7 8.2 -3.5
v -8.7 8.2 -3.6
v -8.7 8.2 -4.1
v -8.7 8.2 -4.2
v -8.7 8.2 -4.3
v -8.7 8.3 2.7
v -8.7 8.3 2.6
v -8.7 8.3 2.5
v -8.7 8.3 2.1
v -8.7 8.3 2
v -8.7 8.3 1.9
v -8.7 8.3 -2.5
v -8.7 8.3 -2.6
v -8.7 8.3 -2.7
v -8.7 8.3 -2.8
v -8.7 8.3 -2.9
v -8.7 8.3 -3.1
v -8.7 8.3 -3.2
v -8.7 8.3 -3.3
v -8.7 8.3 -3.4
v -8.7 8.3 -3.5
v -8.7 8.3 -3.7
v -8.7 8.3 -3.8
v -8.7 8.3 -4
v -8.7 8.3 -4.1
v -8.7 8.3 -4.2
v -8.7 8.4 2.6
v -8.7 8.4 2.5
v -8.7 8.4 2.4
v -8.7 8.4 2
v -8.7 8.4 1.9
v -8.7 8.4 1.1
v -8.7 8.4 -2.4
v -8.7 8.4 -2.5
v -8.7 8.4 -2.6
v -8.7 8.4 -2.7
v -8.7 8.4 -2.8
v -8.7 8.4 -2.9
v -8.7 8.4 -3.2
v -8.7 8.4 -3.3
v -8.7 8.4 -3.4
v -8.7 8.4 -3.7
v -8.7 8.4 -3.8
v -8.7 8.4 -4
v -8.7 8.4 -4.1
v -8.7 8.5 2.5
v -8.7 8.5 2.4
v -8.7 8.5 2.3
v -8.7 8.5 1.9
v -8.7 8.5 1.2
v -8.7 8.5 -2.3
v -8.7 8.5 -2.4
v -8.7 8.5 -2.5
v -8.7 8.5 -2.6
v -8.7 8.5 -2.7
v -8.7 8.5 -2.8
v -8.7 8.5 -3.3
v -8.7 8.5 -3.5
v -8.7 8.5 -3.6
v -8.7 8.5 -3.9
v -8.7 8.5 -4
v -8.7 8.6 2.4
v -8.7 8.6 2.3
v -8.7 8.6 2.2
v -8.7 8.6 1.8
v -8.7 8.6 1.7
v -8.7 8.6 1.3
v -8.7 8.6 1.2
v -8.7 8.6 1.1
v -8.7 8.6 -2.6
v -8.7 8.6 -2.7
v -8.7 8.6 -3.5
v -8.7 8.6 -3.6
v -8.7 8.6 -3.8
v -8.7 8.6 -3.9
v -8.7 8.7 2.3
v -8.7 8.7 2.2
v -8.7 8.7 2.1
v -8.7 8.7 1.9
v -8.7 8.7 1.8
v -8.7 8.7 1.7
v -8.7 8.7 1.6
v -8.7 8.7 1.4
v -8.7 8.7 1.3
v -8.7 8.7 1.2
v -8.7 8.7 1.1
v -8.7 8.7 -2.3
v -8.7 8.7 -2.4
v -8.7 8.7 -2.5
v -8.7 8.7 -3.7
v -8.7 8.7 -3.8
v -8.7 8.8 2
v -8.7 8.8 1.9
v -8.7 8.8 1.8
v -8.7 8.8 1.7
v -8.7 8.8 1.6
v -8.7 8.8 1.5
v -8.7 8.8 1.4
v -8.7 8.8 1.3
v -8.7 8.8 1.2
v -8.7 8.8 1.1
v -8.7 8.8 1
v -8.7 8.8 -2.4
v -8.7 8.8 -2.5
v -8.7 8.8 -2.6
v -8.7 8.8 -3.6
v -8.7 8.8 -3.7
v -8.7 8.8 -3.8
v -8.7 8.9 2
v -8.7 8.9 1.9
v -8.7 8.9 1.8
v -8.7 8.9 1.7
v -8.7 8.9 1.6
v -8.7 8.9 1.5
v -8.7 8.9 1.4
v -8.7 8.9 1.3
v -8.7 8.9 -2.5
v -8.7 8.9 -2.6
v -8.7 8.9 -2.7
v -8.7 8.9 -3.7
v -8.7 8.9 -3.8
v -8.7 8.9 -3.9
v -8.7 9 1.9
v -8.7 9 1.8
v -8.7 9 1.7
v -8.7 9 1.6
v -8.7 9 1.5
v -8.7 9 1.4
v -8.7 9 1.3
v -8.7 9 1.2
v -8.7 9 1.1
v -8.7 9 1
v -8.7 9 0.9
v -8.7 9 -2.6
v -8.7 9 -2.7
v -8.7 9 -2.8
v -8.7 9 -3.8
v -8.7 9 -3.9
v -8.7 9 -4
v -8.7 9.1 2.2
v -8.7 9.1 2.1
v -8.7 9.1 2
v -8.7 9.1 1.8
v -8.7 9.1 1.7
v -8.7 9.1 1.6
v -8.7 9.1 1.3
v -8.7 9.1 1.2
v -8.7 9.1 1.1
v -8.7 9.1 -2.7
v -8.7 9.1 -2.8
v -8.7 9.1 -2.9
v -8.7 9.1 -3.9
v -8.7 9.1 -4
v -8.7 9.1 -4.1
v -8.7 9.2 1.2
v -8.7 9.2 1.1
v -8.7 9.2 1
v -8.7 9.2 -2.8
v -8.7 9.2 -2.9
v -8.7 9.2 -3
v -8.7 9.2 -3.7
v -8.7 9.2 -3.8
v -8.7 9.3 1.8
v -8.7 9.3 1.7
v -8.7 9.3 1.6
v -8.7 9.3 1.1
v -8.7 9.3 1
v -8.7 9.3 -2.9
v -8.7 9.3 -3
v -8.7 9.3 -3.1
v -8.7 9.3 -3.6
v -8.7 9.3 -3.7
v -8.7 9.3 -3.8
v -8.7 9.3 -3.9
v -8.7 9.3 -4
v -8.7 9.3 -4.1
v -8.7 9.4 2.1
v -8.7 9.4 2
v -8.7 9.4 1.9
v -8.7 9.4 1.7
v -8.7 9.4 1.6
v -8.7 9.4 1.5
v -8.7 9.4 1
v -8.7 9.4 0.9
v -8.7 9.4 -3
v -8.7 9.4 -3.1
v -8.7 9.4 -3.2
v -8.7 9.4 -3.5
v -8.7 9.4 -3.6
v -8.7 9.4 -3.7
v -8.7 9.4 -3.8
v -8.7 9.4 -3.9
v -8.7 9.4 -4
v -8.7 9.5 2
v -8.7 9.5 1.9
v -8.7 9.5 1.8
v -8.7 9.5 1.6
v -8.7 9.5 1.5
v -8.7 9.5 1.4
v -8.7 9.5 -3.1
v -8.7 9.5 -3.2
v -8.7 9.5 -3.3
v -8.7 9.5 -3.5
v -8.7 9.5 -3.6
v -8.7 9.5 -3.7
v -8.7 9.5 -3.8
v -8.7 9.5 -3.9
v -8.7 9.6 1.9
v -8.7 9.6 1.8
v -8.7 9.6 1.5
v -8.7 9.6 1.4
v -8.7 9.6 1.3
v -8.7 9.6 -3.2
v -8.7 9.6 -3.3
v -8.7 9.6 -3.4
v -8.7 9.6 -3.6
v -8.7 9.6 -3.7
v -8.7 9.6 -3.8
v -8.7 9.7 1.8
v -8.7 9.7 1.3
v -8.7 9.7 -3.3
v -8.7 9.7 -3.4
v -8.7 9.7 -3.6
v -8.7 9.7 -3.7
v -8.7 9.8 -3.4
v -8.7 9.8 -3.6
v -8.6 4.7 4.2
v -8.6 4.7 0.9
v -8.6 4.7 -2.5
v -8.6 4.7 -6.2
v -8.6 4.9 4.2
v -8.6 4.9 0.9
v -8.6 4.9 -2.5
v -8.6 4.9 -6.2
v -8.6 5.1 2.8
v -8.6 5.1 2.4
v -8.6 5.1 -4.3
v -8.6 5.1 -4.7
v -8.6 5.2 2.8
v -8.6 5.2 2.4
v -8.6 5.2 -4.3
v -8.6 5.2 -4.7
v -8.6 5.9 -0.7
v -8.6 5.9 -0.9
v -8.6 11.3 4.5
v -8.6 11.3 0.9
v -8.6 11.3 -2.5
v -8.6 11.3 -6.5
v -8.6 11.5 4.5
v -8.6 11.5 0.9
v -8.6 11.5 -2.5
v -8.6 11.5 -6.5
v -8.6 11.7 2.8
v -8.6 11.7 2.4
v -8.6 11.7 -4.3
v -8.6 11.7 -4.7
v -8.6 11.8 2.8
v -8.6 11.8 2.4
v -8.6 11.8 -4.3
v -8.6 11.8 -4.7
v -8.6 15.3 -0.7
v -8.6 15.3 -0.9
v -8.5 4.2 4.5
v -8.5 4.2 0.6
v -8.5 4.2 -2.2
v -8.5 4.2 -6.5
v -8.5 4.5 4.8
v -8.5 4.5 4.5
v -8.5 4.5 0.6
v -8.5 4.5 0.3
v -8.5 4.5 -1.9
v -8.5 4.5 -2.2
v -8.5 4.5 -6.5
v -8.5 4.5 -6.8
v -8.5 4.7 4.2
v -8.5 4.7 0.9
v -8.5 4.7 -2.5
v -8.5 4.7 -6.2
v -8.5 4.9 4.2
v -8.5 4.9 0.9
v -8.5 4.9 -2.5
v -8.5 4.9 -6.2
v -8.5 5.1 5.1
v -8.5 5.1 4.8
v -8.5 5.1 4.5
v -8.5 5.1 0.6
v -8.5 5.1 0.3
v -8.5 5.1 0
v -8.5 5.1 -1.6
v -8.5 5.1 -1.9
v -8.5 5.1 -2.2
v -8.5 5.1 -6.5
v -8.5 5.1 -6.8
v -8.5 5.1 -7.1
v -8.5 5.7 5.4
v -8.5 5.7 5.1
v -8.5 5.7 4.8
v -8.5 5.7 4.5
v -8.5 5.7 0.6
v -8.5 5.7 0.3
v -8.5 5.7 -1.9
v -8.5 5.7 -2.2
v -8.5 5.7 -6.5
v -8.5 5.7 -6.8
v -8.5 5.7 -7.1
v -8.5 5.7 -7.4
v -8.5 6 0
v -8.5 6 -0.7
v -8.5 6 -0.9
v -8.5 6 -1.6
v -8.5 6.3 5.1
v -8.5 6.3 4.8
v -8.5 6.3 -6.8
v -8.5 6.3 -7.1
v -8.5 6.6 5.7
v -8.5 6.6 5.4
v -8.5 6.6 -7.4
v -8.5 6.6 -7.7
v -8.5 6.9 5.4
v -8.5 6.9 5.1
v -8.5 6.9 0.3
v -8.5 6.9 0
v -8.5 6.9 -1.6
v -8.5 6.9 -1.9
v -8.5 6.9 -7.1
v -8.5 6.9 -7.4
v -8.5 7.8 6
v -8.5 7.8 5.7
v -8.5 7.8 5.4
v -8.5 7.8 -7.4
v -8.5 7.8 -7.7
v -8.5 7.8 -8
v -8.5 9 5.7
v -8.5 9 5.4
v -8.5 9 -7.4
v -8.5 9 -7.7
v -8.5 9.3 0.3
v -8.5 9.3 0
v -8.5 9.3 -1.6
v -8.5 9.3 -1.9
v -8.5 9.9 5.4
v -8.5 9.9 5.1
v -8.5 9.9 -7.1
v -8.5 9.9 -7.4
v -8.5 10.5 5.1
v -8.5 10.5 4.8
v -8.5 10.5 0.6
v -8.5 10.5 0.3
v -8.5 10.5 -1.9
v -8.5 10.5 -2.2
v -8.5 10.5 -6.8
v -8.5 10.5 -7.1
v -8.5 11.1 4.8
v -8.5 11.1 0.6
v -8.5 11.1 -2.2
v -8.5 11.1 -6.8
v -8.5 11.3 4.5
v -8.5 11.3 0.9
v -8.5 11.3 -2.5
v -8.5 11.3 -6.5
v -8.5 11.5 4.5
v -8.5 11.5 0.9
v -8.5 11.5 -2.5
v -8.5 11.5 -6.5
v -8.5 11.7 4.8
v -8.5 11.7 0.6
v -8.5 11.7 -2.2
v -8.5 11.7 -6.8
v -8.5 12.3 5.1
v -8.5 12.3 4.8
v -8.5 12.3 0.6
v -8.5 12.3 0.3
v -8.5 12.3 -1.9
v -8.5 12.3 -2.2
v -8.5 12.3 -6.8
v -8.5 12.3 -7.1
v -8.5 12.9 5.4
v -8.5 12.9 5.1
v -8.5 12.9 -7.1
v -8.5 12.9 -7.4
v -8.5 13.5 0.3
v -8.5 13.5 0
v -8.5 13.5 -1.6
v -8.5 13.5 -1.9
v -8.5 13.8 5.7
v -8.5 13.8 5.4
v -8.5 13.8 -7.4
v -8.5 13.8 -7.7
v -8.5 15.3 6
v -8.5 15.3 5.7
v -8.5 15.3 0
v -8.5 15.3 -0.7
v -8.5 15.3 -0.9
v -8.5 15.3 -1.6
v -8.5 15.3 -7.7
v -8.5 15.3 -8
v -8.4 14.2 6.6
v -8.4 14.2 6.4
v -8.4 14.5 6.5
v -8.4 14.5 6.4
v -8.4 14.8 6.6
v -8.4 14.8 6.5
v -8.3 3.9 -0.7
v -8.3 3.9 -0.9
v -8.3 5.9 -0.7
v -8.3 5.9 -0.9
v -8.2 3.8 7.2
v -8.2 3.8 6.9
v -8.2 3.9 7.2
v -8.2 3.9 6.9
v -8.2 3.9 3.9
v -8.2 3.9 0.6
v -8.2 3.9 -0.7
v -8.2 3.9 -0.9
v -8.2 3.9 -2.2
v -8.2 3.9 -5.9
v -8.2 4.2 7.2
v -8.2 4.2 6
v -8.2 4.2 4.5
v -8.2 4.2 3.9
v -8.2 4.2 0.6
v -8.2 4.2 -2.2
v -8.2 4.2 -5.9
v -8.2 4.2 -6.5
v -8.2 4.2 -7.7
v -8.2 4.2 -8
v -8.2 4.2 -9.2
v -8.2 4.5 4.8
v -8.2 4.5 4.5
v -8.2 4.5 0.6
v -8.2 4.5 0.3
v -8.2 4.5 -1.9
v -8.2 4.5 -2.2
v -8.2 4.5 -6.5
v -8.2 4.5 -6.8
v -8.2 5.1 5.1
v -8.2 5.1 4.8
v -8.2 5.1 0.3
v -8.2 5.1 0
v -8.2 5.1 -1.6
v -8.2 5.1 -1.9
v -8.2 5.1 -6.8
v -8.2 5.1 -7.1
v -8.2 5.5 -7.1
v -8.2 5.5 -7.7
v -8.2 5.7 5.4
v -8.2 5.7 5.1
v -8.2 5.7 -7.1
v -8.2 5.7 -7.4
v -8.2 6 0
v -8.2 6 -0.7
v -8.2 6 -0.9
v -8.2 6 -1.6
v -8.2 6.6 5.7
v -8.2 6.6 5.4
v -8.2 6.6 -7.4
v -8.2 6.6 -7.7
v -8.2 7.8 6
v -8.2 7.8 5.7
v -8.2 7.8 -7.7
v -8.2 7.8 -8
v -8.2 15.3 7.2
v -8.2 15.3 6
v -8.2 15.3 -8
v -8.2 15.3 -9.2
v -7.9 3.9 6.9
v -7.9 3.9 3.9
v -7.9 3.9 -5.9
v -7.9 3.9 -8.9
v -7.9 4.2 6.9
v -7.9 4.2 3.9
v -7.9 4.2 -5.9
v -7.9 4.2 -8.9
v -7.6 14.2 7.4
v -7.6 14.2 7.3
v -7.6 14.2 -9.3
v -7.6 14.2 -9.4
v -7.6 14.8 7.4
v -7.6 14.8 7.3
v -7.6 14.8 -9.3
v -7.6 14.8 -9.4
v -7 7.8 7.5
v -7 7.8 7.2
v -7 7.8 -9.2
v -7 7.8 -9.5
v -7 15.3 7.5
v -7 15.3 7.2
v -7 15.3 -9.2
v -7 15.3 -9.5
v -6.7 6.6 7.5
v -6.7 6.6 7.2
v -6.7 6.6 -9.2
v -6.7 6.6 -9.5
v -6.7 7.8 7.8
v -6.7 7.8 7.5
v -6.7 7.8 7.2
v -6.7 7.8 -9.2
v -6.7 7.8 -9.5
v -6.7 7.8 -9.8
v -6.7 9 7.8
v -6.7 9 7.5
v -6.7 9 -9.5
v -6.7 9 -9.8
v -6.7 13.8 7.8
v -6.7 13.8 7.5
v -6.7 13.8 -9.5
v -6.7 13.8 -9.8
v -6.7 15.3 7.8
v -6.7 15.3 7.5
v -6.7 15.3 -9.5
v -6.7 15.3 -9.8
v -6.4 5.7 7.5
v -6.4 5.7 7.2
v -6.4 5.7 -9.2
v -6.4 5.7 -9.5
v -6.4 6.6 7.5
v -6.4 6.6 7.2
v -6.4 6.6 -9.2
v -6.4 6.6 -9.5
v -6.4 6.9 7.8
v -6.4 6.9 7.5
v -6.4 6.9 -9.5
v -6.4 6.9 -9.8
v -6.4 7.8 7.8
v -6.4 7.8 7.5
v -6.4 7.8 -9.5
v -6.4 7.8 -9.8
v -6.4 9 7.8
v -6.4 9 7.5
v -6.4 9 -9.5
v -6.4 9 -9.8
v -6.4 9.9 7.8
v -6.4 9.9 7.5
v -6.4 9.9 -9.5
v -6.4 9.9 -9.8
v -6.4 12.9 7.8
v -6.4 12.9 7.5
v -6.4 12.9 -9.5
v -6.4 12.9 -9.8
v -6.4 13.8 7.8
v -6.4 13.8 7.5
v -6.4 13.8 -9.5
v -6.4 13.8 -9.8
v -6.1 5.1 7.5
v -6.1 5.1 7.2
v -6.1 5.1 -9.2
v -6.1 5.1 -9.5
v -6.1 5.7 7.5
v -6.1 5.7 7.2
v -6.1 5.7 -9.2
v -6.1 5.7 -9.5
v -6.1 6.3 7.8
v -6.1 6.3 7.5
v -6.1 6.3 -9.5
v -6.1 6.3 -9.8
v -6.1 6.9 7.8
v -6.1 6.9 7.5
v -6.1 6.9 -9.5
v -6.1 6.9 -9.8
v -6.1 9.9 7.8
v -6.1 9.9 7.5
v -6.1 9.9 -9.5
v -6.1 9.9 -9.8
v -6.1 10.5 7.8
v -6.1 10.5 7.5
v -6.1 10.5 -9.5
v -6.1 10.5 -9.8
v -6.1 12.3 7.8
v -6.1 12.3 7.5
v -6.1 12.3 -9.5
v -6.1 12.3 -9.8
v -6.1 12.9 7.8
v -6.1 12.9 7.5
v -6.1 12.9 -9.5
v -6.1 12.9 -9.8
v -5.8 4.5 7.5
v -5.8 4.5 7.2
v -5.8 4.5 -9.2
v -5.8 4.5 -9.5
v -5.8 5.1 7.5
v -5.8 5.1 7.2
v -5.8 5.1 -9.2
v -5.8 5.1 -9.5
v -5.8 5.7 7.8
v -5.8 5.7 7.5
v -5.8 5.7 -9.5
v -5.8 5.7 -9.8
v -5.8 6.3 7.8
v -5.8 6.3 7.5
v -5.8 6.3 -9.5
v -5.8 6.3 -9.8
v -5.8 10.5 7.8
v -5.8 10.5 7.5
v -5.8 10.5 -9.5
v -5.8 10.5 -9.8
v -5.8 11.1 7.8
v -5.8 11.1 7.5
v -5.8 11.1 -9.5
v -5.8 11.1 -9.8
v -5.8 11.7 7.8
v -5.8 11.7 7.5
v -5.8 11.7 -9.5
v -5.8 11.7 -9.8
v -5.8 12.3 7.8
v -5.8 12.3 7.5
v -5.8 12.3 -9.5
v -5.8 12.3 -9.8
v -5.7 7.2 8
v -5.7 7.2 7.9
v -5.7 7.2 -9.9
v -5.7 7.2 -10
v -5.7 8.4 8
v -5.7 8.4 7.9
v -5.7 8.4 -9.9
v -5.7 8.4 -10
v -5.6 6.2 8
v -5.6 6.2 7.9
v -5.6 6.2 -9.9
v -5.6 6.2 -10
v -5.6 7.1 8
v -5.6 7.1 7.9
v -5.6 7.1 -9.9
v -5.6 7.1 -10
v -5.5 4.2 7.5
v -5.5 4.2 7.2
v -5.5 4.2 -9.2
v -5.5 4.2 -9.5
v -5.5 4.5 7.5
v -5.5 4.5 7.2
v -5.5 4.5 -9.2
v -5.5 4.5 -9.5
v -5.5 5.1 7.8
v -5.5 5.1 7.5
v -5.5 5.1 -9.5
v -5.5 5.1 -9.8
v -5.5 5.7 7.8
v -5.5 5.7 7.5
v -5.5 5.7 -9.5
v -5.5 5.7 -9.8
v -5.5 11.3 7.6
v -5.5 11.3 7.5
v -5.5 11.3 -9.5
v -5.5 11.3 -9.6
v -5.5 11.5 7.6
v -5.5 11.5 7.5
v -5.5 11.5 -9.5
v -5.5 11.5 -9.6
v -5.2 4.7 7.6
v -5.2 4.7 7.5
v -5.2 4.7 -9.5
v -5.2 4.7 -9.6
v -5.2 4.9 7.6
v -5.2 4.9 7.5
v -5.2 4.9 -9.5
v -5.2 4.9 -9.6
v -5.2 6.5 7.8
v -5.2 6.5 7.7
v -5.2 6.5 -9.7
v -5.2 6.5 -9.8
v -5.2 6.7 7.8
v -5.2 6.7 7.7
v -5.2 6.7 -9.7
v -5.2 6.7 -9.8
v -5.1 6.4 7.8
v -5.1 6.4 7.7
v -5.1 6.4 -9.7
v -5.1 6.4 -9.8
v -5.1 6.5 7.8
v -5.1 6.5 7.7
v -5.1 6.5 -9.7
v -5.1 6.5 -9.8
v -5.1 6.7 7.8
v -5.1 6.7 7.7
v -5.1 6.7 -9.7
v -5.1 6.7 -9.8
v -5.1 6.8 7.8
v -5.1 6.8 7.7
v -5.1 6.8 -9.7
v -5.1 6.8 -9.8
v -4.9 3.9 7.2
v -4.9 3.9 6.9
v -4.9 3.9 -8.9
v -4.9 3.9 -9.2
v -4.9 4.2 7.2
v -4.9 4.2 6.9
v -4.9 4.2 -8.9
v -4.9 4.2 -9.2
v -4.8 6.2 7.8
v -4.8 6.2 7.7
v -4.8 6.2 -9.7
v -4.8 6.2 -9.8
v -4.8 6.3 7.8
v -4.8 6.3 7.7
v -4.8 6.3 -9.7
v -4.8 6.3 -9.8
v -4.7 6.3 7.8
v -4.7 6.3 7.7
v -4.7 6.3 -9.7
v -4.7 6.3 -9.8
v -4.7 6.4 7.8
v -4.7 6.4 7.7
v -4.7 6.4 -9.7
v -4.7 6.4 -9.8
v -4.6 6.4 7.8
v -4.6 6.4 7.7
v -4.6 6.4 -9.7
v -4.6 6.4 -9.8
v -4.6 6.7 7.8
v -4.6 6.7 7.7
v -4.6 6.7 -9.7
v -4.6 6.7 -9.8
v -4.5 6.7 7.8
v -4.5 6.7 7.7
v -4.5 6.7 -9.7
v -4.5 6.7 -9.8
v -4.5 6.8 7.8
v -4.5 6.8 7.7
v -4.5 6.8 -9.7
v -4.5 6.8 -9.8
v -4.4 6.8 7.8
v -4.4 6.8 7.7
v -4.4 6.8 -9.7
v -4.4 6.8 -9.8
v -4.4 6.9 7.8
v -4.4 6.9 7.7
v -4.4 6.9 -9.7
v -4.4 6.9 -9.8
v -4.3 6.9 7.8
v -4.3 6.9 7.7
v -4.3 6.9 -9.7
v -4.3 6.9 -9.8
v -4.3 7 7.8
v -4.3 7 7.7
v -4.3 7 -9.7
v -4.3 7 -9.8
v -4.2 7 7.8
v -4.2 7 7.7
v -4.2 7 -9.7
v -4.2 7 -9.8
v -4.2 7.1 7.8
v -4.2 7.1 7.7
v -4.2 7.1 -9.7
v -4.2 7.1 -9.8
v -4.1 7.1 7.8
v -4.1 7.1 7.7
v -4.1 7.1 -9.7
v -4.1 7.1 -9.8
v -4.1 7.2 7.8
v -4.1 7.2 7.7
v -4.1 7.2 -9.7
v -4.1 7.2 -9.8
v -4 7.2 7.8
v -4 7.2 7.7
v -4 7.2 -9.7
v -4 7.2 -9.8
v -4 7.3 7.8
v -4 7.3 7.7
v -4 7.3 -9.7
v -4 7.3 -9.8
v -3.9 7.3 7.8
v -3.9 7.3 7.7
v -3.9 7.3 -9.7
v -3.9 7.3 -9.8
v -3.9 7.4 7.8
v -3.9 7.4 7.7
v -3.9 7.4 -9.7
v -3.9 7.4 -9.8
v -3.8 7.4 7.8
v -3.8 7.4 7.7
v -3.8 7.4 -9.7
v -3.8 7.4 -9.8
v -3.8 7.5 7.8
v -3.8 7.5 7.7
v -3.8 7.5 -9.7
v -3.8 7.5 -9.8
v -3.7 7.5 7.8
v -3.7 7.5 7.7
v -3.7 7.5 -9.7
v -3.7 7.5 -9.8
v -3.7 7.6 7.8
v -3.7 7.6 7.7
v -3.7 7.6 -9.7
v -3.7 7.6 -9.8
v -3.6 7.6 7.8
v -3.6 7.6 7.7
v -3.6 7.6 -9.7
v -3.6 7.6 -9.8
v -3.6 7.7 7.8
v -3.6 7.7 7.7
v -3.6 7.7 -9.7
v -3.6 7.7 -9.8
v -3.5 7.7 7.8
v -3.5 7.7 7.7
v -3.5 7.7 -9.7
v -3.5 7.7 -9.8
v -3.5 7.8 7.8
v -3.5 7.8 7.7
v -3.5 7.8 -9.7
v -3.5 7.8 -9.8
v -3.4 5.1 7.7
v -3.4 5.1 7.6
v -3.4 5.1 -9.6
v -3.4 5.1 -9.7
v -3.4 5.2 7.7
v -3.4 5.2 7.6
v -3.4 5.2 -9.6
v -3.4 5.2 -9.7
v -3.4 7.8 7.8
v -3.4 7.8 7.7
v -3.4 7.8 -9.7
v -3.4 7.8 -9.8
v -3.4 7.9 7.8
v -3.4 7.9 7.7
v -3.4 7.9 -9.7
v -3.4 7.9 -9.8
v -3.4 11.7 7.7
v -3.4 11.7 7.6
v -3.4 11.7 -9.6
v -3.4 11.7 -9.7
v -3.4 11.8 7.7
v -3.4 11.8 7.6
v -3.4 11.8 -9.6
v -3.4 11.8 -9.7
v -3.3 7.9 7.8
v -3.3 7.9 7.7
v -3.3 7.9 -9.7
v -3.3 7.9 -9.8
v -3.3 8 7.8
v -3.3 8 7.7
v -3.3 8 -9.7
v -3.3 8 -9.8
v -3.2 8 7.8
v -3.2 8 7.7
v -3.2 8 -9.7
v -3.2 8 -9.8
v -3.2 8.1 7.8
v -3.2 8.1 7.7
v -3.2 8.1 -9.7
v -3.2 8.1 -9.8
v -3.1 8.1 7.8
v -3.1 8.1 7.7
v -3.1 8.1 -9.7
v -3.1 8.1 -9.8
v -3.1 8.2 7.8
v -3.1 8.2 7.7
v -3.1 8.2 -9.7
v -3.1 8.2 -9.8
v -3 8.2 7.8
v -3 8.2 7.7
v -3 8.2 -9.7
v -3 8.2 -9.8
v -3 8.3 7.8
v -3 8.3 7.7
v -3 8.3 -9.7
v -3 8.3 -9.8
v -2.9 8.3 7.8
v -2.9 8.3 7.7
v -2.9 8.3 -9.7
v -2.9 8.3 -9.8
v -2.9 8.4 7.8
v -2.9 8.4 7.7
v -2.9 8.4 -9.7
v -2.9 8.4 -9.8
v -2.7 9.1 7.8
v -2.7 9.1 7.7
v -2.7 9.1 -9.7
v -2.7 9.1 -9.8
v -2.7 9.3 7.8
v -2.7 9.3 7.7
v -2.7 9.3 -9.7
v -2.7 9.3 -9.8
v -2.6 9 7.8
v -2.6 9 7.7
v -2.6 9 -9.7
v -2.6 9 -9.8
v -2.6 9.1 7.8
v -2.6 9.1 7.7
v -2.6 9.1 -9.7
v -2.6 9.1 -9.8
v -2.6 9.3 7.8
v -2.6 9.3 7.7
v -2.6 9.3 -9.7
v -2.6 9.3 -9.8
v -2.6 9.4 7.8
v -2.6 9.4 7.7
v -2.6 9.4 -9.7
v -2.6 9.4 -9.8
v -2.5 8.9 7.8
v -2.5 8.9 7.7
v -2.5 8.9 -9.7
v -2.5 8.9 -9.8
v -2.5 9 7.8
v -2.5 9 7.7
v -2.5 9 -9.7
v -2.5 9 -9.8
v -2.5 9.4 7.8
v -2.5 9.4 7.7
v -2.5 9.4 -9.7
v -2.5 9.4 -9.8
v -2.5 9.5 7.8
v -2.5 9.5 7.7
v -2.5 9.5 -9.7
v -2.5 9.5 -9.8
v -2.4 9.5 7.8
v -2.4 9.5 7.7
v -2.4 9.5 -9.7
v -2.4 9.5 -9.8
v -2.4 9.6 7.8
v -2.4 9.6 7.7
v -2.4 9.6 -9.7
v -2.4 9.6 -9.8
v -2.3 9.6 7.8
v -2.3 9.6 7.7
v -2.3 9.6 -9.7
v -2.3 9.6 -9.8
v -2.3 9.7 7.8
v -2.3 9.7 7.7
v -2.3 9.7 -9.7
v -2.3 9.7 -9.8
v -2.2 8.6 7.8
v -2.2 8.6 7.7
v -2.2 8.6 -9.7
v -2.2 8.6 -9.8
v -2.2 8.7 7.8
v -2.2 8.7 7.7
v -2.2 8.7 -9.7
v -2.2 8.7 -9.8
v -2.1 8.4 7.8
v -2.1 8.4 7.7
v -2.1 8.4 -9.7
v -2.1 8.4 -9.8
v -2.1 8.6 7.8
v -2.1 8.6 7.7
v -2.1 8.6 -9.7
v -2.1 8.6 -9.8
v -2.1 8.7 7.8
v -2.1 8.7 7.7
v -2.1 8.7 -9.7
v -2.1 8.7 -9.8
v -2.1 8.8 7.8
v -2.1 8.8 7.7
v -2.1 8.8 -9.7
v -2.1 8.8 -9.8
v -2 8.8 7.8
v -2 8.8 7.7
v -2 8.8 -9.7
v -2 8.8 -9.8
v -2 9 7.8
v -2 9 7.7
v -2 9 -9.7
v -2 9 -9.8
v -1.9 9 7.8
v -1.9 9 7.7
v -1.9 9 -9.7
v -1.9 9 -9.8
v -1.9 9.4 7.8
v -1.9 9.4 7.7
v -1.9 9.4 -9.7
v -1.9 9.4 -9.8
v -0.3 3.8 -0.7
v -0.3 3.8 -0.9
v -0.3 3.9 7.3
v -0.3 3.9 7.2
v -0.3 3.9 -0.7
v -0.3 3.9 -0.9
v -0.3 3.9 -9.2
v -0.3 3.9 -9.3
v -0.3 4.2 -0.7
v -0.3 4.2 -0.9
v -0.3 5.9 7.6
v -0.3 5.9 7.3
v -0.3 5.9 -9.3
v -0.3 5.9 -9.6
v -0.3 6 7.5
v -0.3 6 7.2
v -0.3 6 -9.2
v -0.3 6 -9.5
v -0.3 15.3 7.6
v -0.3 15.3 7.5
v -0.3 15.3 -9.5
v -0.3 15.3 -9.6
v 0.599999 5.1 7.5
v 0.599999 5.1 7.2
v 0.599999 5.1 -9.2
v 0.599999 5.1 -9.5
v 0.599999 6 7.5
v 0.599999 6 7.2
v 0.599999 6 -9.2
v 0.599999 6 -9.5
v 0.599999 6.9 7.8
v 0.599999 6.9 7.5
v 0.599999 6.9 -9.5
v 0.599999 6.9 -9.8
v 0.599999 9.3 7.8
v 0.599999 9.3 7.5
v 0.599999 9.3 -9.5
v 0.599999 9.3 -9.8
v 0.599999 13.5 7.8
v 0.599999 13.5 7.5
v 0.599999 13.5 -9.5
v 0.599999 13.5 -9.8
v 0.599999 15.3 7.8
v 0.599999 15.3 7.5
v 0.599999 15.3 -9.5
v 0.599999 15.3 -9.8
v 0.9 4.5 7.5
v 0.9 4.5 7.2
v 0.9 4.5 -9.2
v 0.9 4.5 -9.5
v 0.9 5.1 7.5
v 0.9 5.1 7.2
v 0.9 5.1 -9.2
v 0.9 5.1 -9.5
v 0.9 5.7 7.8
v 0.9 5.7 7.5
v 0.9 5.7 -9.5
v 0.9 5.7 -9.8
v 0.9 6.9 7.8
v 0.9 6.9 7.5
v 0.9 6.9 -9.5
v 0.9 6.9 -9.8
v 0.9 9.3 7.8
v 0.9 9.3 7.5
v 0.9 9.3 -9.5
v 0.9 9.3 -9.8
v 0.9 10.5 7.8
v 0.9 10.5 7.5
v 0.9 10.5 -9.5
v 0.9 10.5 -9.8
v 0.9 12.3 7.8
v 0.9 12.3 7.5
v 0.9 12.3 -9.5
v 0.9 12.3 -9.8
v 0.9 13.5 7.8
v 0.9 13.5 7.5
v 0.9 13.5 -9.5
v 0.9 13.5 -9.8
v 1 3.9 2.1
v 1 3.9 1.8
v 1 3.9 -3.4
v 1 3.9 -3.7
v 1 4.2 2.1
v 1 4.2 1.8
v 1 4.2 1.6
v 1 4.2 -3.2
v 1 4.2 -3.4
v 1 4.2 -3.7
v 1 4.5 1.8
v 1 4.5 1.6
v 1 4.5 -3.2
v 1 4.5 -3.4
v 1.2 4.2 7.5
v 1.2 4.2 7.2
v 1.2 4.2 -9.2
v 1.2 4.2 -9.5
v 1.2 4.5 7.5
v 1.2 4.5 7.2
v 1.2 4.5 -9.2
v 1.2 4.5 -9.5
v 1.2 5.1 7.8
v 1.2 5.1 7.5
v 1.2 5.1 -9.5
v 1.2 5.1 -9.8
v 1.2 5.7 7.8
v 1.2 5.7 7.5
v 1.2 5.7 -9.5
v 1.2 5.7 -9.8
v 1.2 10.5 7.8
v 1.2 10.5 7.5
v 1.2 10.5 -9.5
v 1.2 10.5 -9.8
v 1.2 11.1 7.8
v 1.2 11.1 7.5
v 1.2 11.1 -9.5
v 1.2 11.1 -9.8
v 1.2 11.7 7.8
v 1.2 11.7 7.5
v 1.2 11.7 -9.5
v 1.2 11.7 -9.8
v 1.2 12.3 7.8
v 1.2 12.3 7.5
v 1.2 12.3 -9.5
v 1.2 12.3 -9.8
v 1.3 3.9 1.8
v 1.3 3.9 1.6
v 1.3 3.9 -3.2
v 1.3 3.9 -3.4
v 1.3 4.2 1.8
v 1.3 4.2 1.6
v 1.3 4.2 1.3
v 1.3 4.2 -2.9
v 1.3 4.2 -3.2
v 1.3 4.2 -3.4
v 1.3 4.5 1.6
v 1.3 4.5 1.3
v 1.3 4.5 -2.9
v 1.3 4.5 -3.2
v 1.5 4.7 7.6
v 1.5 4.7 7.5
v 1.5 4.7 -9.5
v 1.5 4.7 -9.6
v 1.5 4.9 7.6
v 1.5 4.9 7.5
v 1.5 4.9 -9.5
v 1.5 4.9 -9.6
v 1.5 11.3 7.6
v 1.5 11.3 7.5
v 1.5 11.3 -9.5
v 1.5 11.3 -9.6
v 1.5 11.5 7.6
v 1.5 11.5 7.5
v 1.5 11.5 -9.5
v 1.5 11.5 -9.6
v 1.6 3.9 1.6
v 1.6 3.9 1.3
v 1.6 3.9 -2.9
v 1.6 3.9 -3.2
v 1.6 4.2 1.6
v 1.6 4.2 1.3
v 1.6 4.2 1
v 1.6 4.2 -2.6
v 1.6 4.2 -2.9
v 1.6 4.2 -3.2
v 1.6 4.5 1.3
v 1.6 4.5 1
v 1.6 4.5 -2.6
v 1.6 4.5 -2.9
v 1.9 3.9 1.3
v 1.9 3.9 1
v 1.9 3.9 -2.6
v 1.9 3.9 -2.9
v 1.9 4.2 1.3
v 1.9 4.2 1
v 1.9 4.2 0.7
v 1.9 4.2 -2.3
v 1.9 4.2 -2.6
v 1.9 4.2 -2.9
v 1.9 4.5 1
v 1.9 4.5 0.7
v 1.9 4.5 -2.3
v 1.9 4.5 -2.6
v 2 8 7.8
v 2 8 7.7
v 2 8 -9.7
v 2 8 -9.8
v 2 8.1 7.8
v 2 8.1 7.7
v 2 8.1 -9.7
v 2 8.1 -9.8
v 2.1 8.1 7.8
v 2.1 8.1 7.7
v 2.1 8.1 -9.7
v 2.1 8.1 -9.8
v 2.1 8.2 7.8
v 2.1 8.2 7.7
v 2.1 8.2 -9.7
v 2.1 8.2 -9.8
v 2.2 3.9 1
v 2.2 3.9 0.7
v 2.2 3.9 -2.3
v 2.2 3.9 -2.6
v 2.2 4.2 1
v 2.2 4.2 0.7
v 2.2 4.2 0.4
v 2.2 4.2 -2
v 2.2 4.2 -2.3
v 2.2 4.2 -2.6
v 2.2 4.5 0.7
v 2.2 4.5 0.4
v 2.2 4.5 -2
v 2.2 4.5 -2.3
v 2.2 8.2 7.8
v 2.2 8.2 7.7
v 2.2 8.2 -9.7
v 2.2 8.2 -9.8
v 2.2 8.3 7.8
v 2.2 8.3 7.7
v 2.2 8.3 -9.7
v 2.2 8.3 -9.8
v 2.3 8.3 7.8
v 2.3 8.3 7.7
v 2.3 8.3 -9.7
v 2.3 8.3 -9.8
v 2.3 8.4 7.8
v 2.3 8.4 7.7
v 2.3 8.4 -9.7
v 2.3 8.4 -9.8
v 2.4 3.9 0.7
v 2.4 3.9 0.6
v 2.4 3.9 0.4
v 2.4 3.9 -2
v 2.4 3.9 -2.2
v 2.4 3.9 -2.3
v 2.4 4.2 0.7
v 2.4 4.2 0.4
v 2.4 4.2 -2
v 2.4 4.2 -2.3
v 2.4 4.5 0.4
v 2.4 4.5 -2
v 2.6 9.7 7.8
v 2.6 9.7 7.7
v 2.6 9.7 -9.7
v 2.6 9.7 -9.8
v 2.6 9.8 7.8
v 2.6 9.8 7.7
v 2.6 9.8 -9.7
v 2.6 9.8 -9.8
v 2.7 3.9 0.4
v 2.7 3.9 -0.7
v 2.7 3.9 -0.9
v 2.7 3.9 -2
v 2.7 4.2 0.4
v 2.7 4.2 -2
v 2.7 8.7 7.8
v 2.7 8.7 7.7
v 2.7 8.7 -9.7
v 2.7 8.7 -9.8
v 2.7 8.8 7.8
v 2.7 8.8 7.7
v 2.7 8.8 -9.7
v 2.7 8.8 -9.8
v 2.7 9.2 7.8
v 2.7 9.2 7.7
v 2.7 9.2 -9.7
v 2.7 9.2 -9.8
v 2.7 9.3 7.8
v 2.7 9.3 7.7
v 2.7 9.3 -9.7
v 2.7 9.3 -9.8
v 2.7 9.6 7.8
v 2.7 9.6 7.7
v 2.7 9.6 -9.7
v 2.7 9.6 -9.8
v 2.7 9.7 7.8
v 2.7 9.7 7.7
v 2.7 9.7 -9.7
v 2.7 9.7 -9.8
v 2.8 8.6 7.8
v 2.8 8.6 7.7
v 2.8 8.6 -9.7
v 2.8 8.6 -9.8
v 2.8 8.7 7.8
v 2.8 8.7 7.7
v 2.8 8.7 -9.7
v 2.8 8.7 -9.8
v 2.8 8.8 7.8
v 2.8 8.8 7.7
v 2.8 8.8 -9.7
v 2.8 8.8 -9.8
v 2.8 8.9 7.8
v 2.8 8.9 7.7
v 2.8 8.9 -9.7
v 2.8 8.9 -9.8
v 2.8 9.5 7.8
v 2.8 9.5 7.7
v 2.8 9.5 -9.7
v 2.8 9.5 -9.8
v 2.8 9.6 7.8
v 2.8 9.6 7.7
v 2.8 9.6 -9.7
v 2.8 9.6 -9.8
v 2.9 8.5 7.8
v 2.9 8.5 7.7
v 2.9 8.5 -9.7
v 2.9 8.5 -9.8
v 2.9 8.6 7.8
v 2.9 8.6 7.7
v 2.9 8.6 -9.7
v 2.9 8.6 -9.8
v 2.9 8.9 7.8
v 2.9 8.9 7.7
v 2.9 8.9 -9.7
v 2.9 8.9 -9.8
v 2.9 9 7.8
v 2.9 9 7.7
v 2.9 9 -9.7
v 2.9 9 -9.8
v 2.9 9.4 7.8
v 2.9 9.4 7.7
v 2.9 9.4 -9.7
v 2.9 9.4 -9.8
v 2.9 9.5 7.8
v 2.9 9.5 7.7
v 2.9 9.5 -9.7
v 2.9 9.5 -9.8
v 3 8.4 7.8
v 3 8.4 7.7
v 3 8.4 -9.7
v 3 8.4 -9.8
v 3 8.5 7.8
v 3 8.5 7.7
v 3 8.5 -9.7
v 3 8.5 -9.8
v 3 9 7.8
v 3 9 7.7
v 3 9 -9.7
v 3 9 -9.8
v 3 9.1 7.8
v 3 9.1 7.7
v 3 9.1 -9.7
v 3 9.1 -9.8
v 3 9.3 7.8
v 3 9.3 7.7
v 3 9.3 -9.7
v 3 9.3 -9.8
v 3 9.4 7.8
v 3 9.4 7.7
v 3 9.4 -9.7
v 3 9.4 -9.8
v 3.1 8.3 7.8
v 3.1 8.3 7.7
v 3.1 8.3 -9.7
v 3.1 8.3 -9.8
v 3.1 8.4 7.8
v 3.1 8.4 7.7
v 3.1 8.4 -9.7
v 3.1 8.4 -9.8
v 3.1 9.1 7.8
v 3.1 9.1 7.7
v 3.1 9.1 -9.7
v 3.1 9.1 -9.8
v 3.1 9.3 7.8
v 3.1 9.3 7.7
v 3.1 9.3 -9.7
v 3.1 9.3 -9.8
v 3.2 8.2 7.8
v 3.2 8.2 7.7
v 3.2 8.2 -9.7
v 3.2 8.2 -9.8
v 3.2 8.3 7.8
v 3.2 8.3 7.7
v 3.2 8.3 -9.7
v 3.2 8.3 -9.8
v 3.3 8.1 7.8
v 3.3 8.1 7.7
v 3.3 8.1 -9.7
v 3.3 8.1 -9.8
v 3.3 8.2 7.8
v 3.3 8.2 7.7
v 3.3 8.2 -9.7
v 3.3 8.2 -9.8
v 3.4 8 7.8
v 3.4 8 7.7
v 3.4 8 -9.7
v 3.4 8 -9.8
v 3.4 8.1 7.8
v 3.4 8.1 7.7
v 3.4 8.1 -9.7
v 3.4 8.1 -9.8
v 3.5 7.9 7.8
v 3.5 7.9 7.7
v 3.5 7.9 -9.7
v 3.5 7.9 -9.8
v 3.5 8 7.8
v 3.5 8 7.7
v 3.5 8 -9.7
v 3.5 8 -9.8
v 3.6 7.8 7.8
v 3.6 7.8 7.7
v 3.6 7.8 -9.7
v 3.6 7.8 -9.8
v 3.6 7.9 7.8
v 3.6 7.9 7.7
v 3.6 7.9 -9.7
v 3.6 7.9 -9.8
v 3.7 5.1 7.7
v 3.7 5.1 7.6
v 3.7 5.1 -9.6
v 3.7 5.1 -9.7
v 3.7 5.2 7.7
v 3.7 5.2 7.6
v 3.7 5.2 -9.6
v 3.7 5.2 -9.7
v 3.7 7.7 7.8
v 3.7 7.7 7.7
v 3.7 7.7 -9.7
v 3.7 7.7 -9.8
v 3.7 7.8 7.8
v 3.7 7.8 7.7
v 3.7 7.8 -9.7
v 3.7 7.8 -9.8
v 3.7 11.7 7.7
v 3.7 11.7 7.6
v 3.7 11.7 -9.6
v 3.7 11.7 -9.7
v 3.7 11.8 7.7
v 3.7 11.8 7.6
v 3.7 11.8 -9.6
v 3.7 11.8 -9.7
v 3.8 7.6 7.8
v 3.8 7.6 7.7
v 3.8 7.6 -9.7
v 3.8 7.6 -9.8
v 3.8 7.7 7.8
v 3.8 7.7 7.7
v 3.8 7.7 -9.7
v 3.8 7.7 -9.8
v 3.9 7.5 7.8
v 3.9 7.5 7.7
v 3.9 7.5 -9.7
v 3.9 7.5 -9.8
v 3.9 7.6 7.8
v 3.9 7.6 7.7
v 3.9 7.6 -9.7
v 3.9 7.6 -9.8
v 4 7.4 7.8
v 4 7.4 7.7
v 4 7.4 -9.7
v 4 7.4 -9.8
v 4 7.5 7.8
v 4 7.5 7.7
v 4 7.5 -9.7
v 4 7.5 -9.8
v 4.1 7.3 7.8
v 4.1 7.3 7.7
v 4.1 7.3 -9.7
v 4.1 7.3 -9.8
v 4.1 7.4 7.8
v 4.1 7.4 7.7
v 4.1 7.4 -9.7
v 4.1 7.4 -9.8
v 4.2 7.2 7.8
v 4.2 7.2 7.7
v 4.2 7.2 -9.7
v 4.2 7.2 -9.8
v 4.2 7.3 7.8
v 4.2 7.3 7.7
v 4.2 7.3 -9.7
v 4.2 7.3 -9.8
v 4.3 7.1 7.8
v 4.3 7.1 7.7
v 4.3 7.1 -9.7
v 4.3 7.1 -9.8
v 4.3 7.2 7.8
v 4.3 7.2 7.7
v 4.3 7.2 -9.7
v 4.3 7.2 -9.8
v 4.4 6.5 7.8
v 4.4 6.5 7.7
v 4.4 6.5 -9.7
v 4.4 6.5 -9.8
v 4.4 6.6 7.8
v 4.4 6.6 7.7
v 4.4 6.6 -9.7
v 4.4 6.6 -9.8
v 4.4 7 7.8
v 4.4 7 7.7
v 4.4 7 -9.7
v 4.4 7 -9.8
v 4.4 7.1 7.8
v 4.4 7.1 7.7
v 4.4 7.1 -9.7
v 4.4 7.1 -9.8
v 4.5 6.6 7.8
v 4.5 6.6 7.7
v 4.5 6.6 -9.7
v 4.5 6.6 -9.8
v 4.5 6.7 7.8
v 4.5 6.7 7.7
v 4.5 6.7 -9.7
v 4.5 6.7 -9.8
v 4.5 6.9 7.8
v 4.5 6.9 7.7
v 4.5 6.9 -9.7
v 4.5 6.9 -9.8
v 4.5 7 7.8
v 4.5 7 7.7
v 4.5 7 -9.7
v 4.5 7 -9.8
v 4.6 6.7 7.8
v 4.6 6.7 7.7
v 4.6 6.7 -9.7
v 4.6 6.7 -9.8
v 4.6 6.9 7.8
v 4.6 6.9 7.7
v 4.6 6.9 -9.7
v 4.6 6.9 -9.8
v 8.2 3.8 8
v 8.2 3.8 7.2
v 8.2 3.8 -9.2
v 8.2 3.8 -10
v 8.2 3.9 8
v 8.2 3.9 7.2
v 8.2 3.9 -9.2
v 8.2 3.9 -10
v 8.2 15.3 8
v 8.2 15.3 7.2
v 8.2 15.3 -9.2
v 8.2 15.3 -10
v 8.3 14.2 6.6
v 8.3 14.2 6.4
v 8.3 14.5 6.5
v 8.3 14.5 6.4
v 8.3 14.8 6.6
v 8.3 14.8 6.5
v 8.7 5.1 2.8
v 8.7 5.1 2.4
v 8.7 5.1 -4.3
v 8.7 5.1 -4.7
v 8.7 5.2 2.8
v 8.7 5.2 2.4
v 8.7 5.2 -4.3
v 8.7 5.2 -4.7
v 8.7 11.7 2.8
v 8.7 11.7 2.4
v 8.7 11.7 -4.3
v 8.7 11.7 -4.7
v 8.7 11.8 2.8
v 8.7 11.8 2.4
v 8.7 11.8 -4.3
v 8.7 11.8 -4.7
v 8.9 6.2 4.6
v 8.9 6.2 4.5
v 8.9 7.1 4.6
v 8.9 7.1 4.5
v 8.9 7.2 4.7
v 8.9 7.2 4.6
v 8.9 8.4 4.7
v 8.9 8.4 4.6
v 9 3.8 7.2
v 9 3.8 -0.0999994
v 9 3.8 -0.7
v 9 3.8 -0.9
v 9 3.8 -1.5
v 9 3.8 -9.2
v 9 3.9 7.2
v 9 3.9 6.2
v 9 3.9 -0.0999994
v 9 3.9 -0.7
v 9 3.9 -0.9
v 9 3.9 -1.5
v 9 3.9 -8.5
v 9 3.9 -9.2
v 9 6.2 4.6
v 9 6.2 4.5
v 9 7.1 4.6
v 9 7.1 4.5
v 9 7.2 4.7
v 9 7.2 4.6
v 9 8.4 4.7
v 9 8.4 4.6
v 9 15.3 7.2
v 9 15.3 6.2
v 9 15.3 -8.5
v 9 15.3 -9.2
v -8.2 3.8 8
v -8.2 3.9 8
v -8.2 15.3 8
v -7.2 3.9 8
v -7.2 15.3 8
v -5.7 7.2 8
v -5.7 8.4 8
v -5.6 6.2 8
v -5.6 7.1 8
v -5.6 7.2 8
v -5.6 8.4 8
v -5.5 6.2 8
v -5.5 7.1 8
v -0.900001 3.8 8
v -0.900001 3.9 8
v -0.3 3.8 8
v -0.3 3.9 8
v -0.1 3.8 8
v -0.1 3.9 8
v 0.5 3.8 8
v 0.5 3.9 8
v 7.5 3.9 8
v 7.5 15.3 8
v 8.2 3.8 8
v 8.2 3.9 8
v 8.2 15.3 8
v -5.7 7.2 7.9
v -5.7 8.4 7.9
v -5.6 6.2 7.9
v -5.6 7.1 7.9
v -5.6 7.2 7.9
v -5.6 8.4 7.9
v -5.5 6.2 7.9
v -5.5 7.1 7.9
v -3.8 5.1 7.7
v -3.8 5.2 7.7
v -3.8 11.7 7.7
v -3.8 11.8 7.7
v -3.4 5.1 7.7
v -3.4 5.2 7.7
v -3.4 11.7 7.7
v -3.4 11.8 7.7
v 3.3 5.1 7.7
v 3.3 5.2 7.7
v 3.3 11.7 7.7
v 3.3 11.8 7.7
v 3.7 5.1 7.7
v 3.7 5.2 7.7
v 3.7 11.7 7.7
v 3.7 11.8 7.7
v -7.6 14.2 7.3
v -7.6 14.8 7.3
v -7.5 14.5 7.3
v -7.5 14.8 7.3
v -7.4 14.2 7.3
v -7.4 14.5 7.3
v -9 3.8 7.2
v -9 3.9 7.2
v -9 15.3 7.2
v -8.2 3.8 7.2
v -8.2 3.9 7.2
v -8.2 15.3 7.2
v 8.2 3.8 7.2
v 8.2 3.9 7.2
v 8.2 15.3 7.2
v 9 3.8 7.2
v 9 3.9 7.2
v 9 15.3 7.2
v -8.2 3.8 6.9
v -8.2 3.9 6.9
v -7.9 3.8 6.9
v -7.9 3.9 6.9
v -8.4 14.5 6.5
v -8.4 14.8 6.5
v -8.3 14.5 6.5
v -8.3 14.8 6.5
v 8.3 14.5 6.5
v 8.3 14.8 6.5
v 8.4 14.5 6.5
v 8.4 14.8 6.5
v -8.4 14.2 6.4
v -8.4 14.5 6.4
v -8.3 14.2 6.4
v -8.3 14.5 6.4
v 8.3 14.2 6.4
v 8.3 14.5 6.4
v 8.4 14.2 6.4
v 8.4 14.5 6.4
v -9 7.2 4.6
v -9 8.4 4.6
v -8.9 7.2 4.6
v -8.9 8.4 4.6
v 8.9 7.2 4.6
v 8.9 8.4 4.6
v 9 7.2 4.6
v 9 8.4 4.6
v -9 6.2 4.5
v -9 7.1 4.5
v -8.9 6.2 4.5
v -8.9 7.1 4.5
v 8.9 6.2 4.5
v 8.9 7.1 4.5
v 9 6.2 4.5
v 9 7.1 4.5
v -8.8 6.4 4.4
v -8.8 6.8 4.4
v -8.7 6.4 4.4
v -8.7 6.8 4.4
v 8.7 6.4 4.4
v 8.7 6.8 4.4
v 8.8 6.4 4.4
v 8.8 6.8 4.4
v -8.8 6.3 4.3
v -8.8 6.4 4.3
v -8.8 6.8 4.3
v -8.8 6.9 4.3
v -8.7 6.3 4.3
v -8.7 6.4 4.3
v -8.7 6.8 4.3
v -8.7 6.9 4.3
v 8.7 6.3 4.3
v 8.7 6.4 4.3
v 8.7 6.8 4.3
v 8.7 6.9 4.3
v 8.8 6.3 4.3
v 8.8 6.4 4.3
v 8.8 6.8 4.3
v 8.8 6.9 4.3
v -8.8 6.2 4.2
v -8.8 6.3 4.2
v -8.8 6.9 4.2
v -8.8 7 4.2
v -8.7 6.2 4.2
v -8.7 6.3 4.2
v -8.7 6.9 4.2
v -8.7 7 4.2
v 8.7 6.2 4.2
v 8.7 6.3 4.2
v 8.7 6.9 4.2
v 8.7 7 4.2
v 8.8 6.2 4.2
v 8.8 6.3 4.2
v 8.8 6.9 4.2
v 8.8 7 4.2
v -8.8 6.4 3.9
v -8.8 6.5 3.9
v -8.8 6.7 3.9
v -8.8 6.8 3.9
v -8.8 7 3.9
v -8.8 7.1 3.9
v -8.7 6.4 3.9
v -8.7 6.5 3.9
v -8.7 6.7 3.9
v -8.7 6.8 3.9
v -8.7 7 3.9
v -8.7 7.1 3.9
v 8.7 6.4 3.9
v 8.7 6.5 3.9
v 8.7 6.7 3.9
v 8.7 6.8 3.9
v 8.7 7 3.9
v 8.7 7.1 3.9
v 8.8 6.4 3.9
v 8.8 6.5 3.9
v 8.8 6.7 3.9
v 8.8 6.8 3.9
v 8.8 7 3.9
v 8.8 7.1 3.9
v -8.8 6.5 3.8
v -8.8 6.7 3.8
v -8.8 7.1 3.8
v -8.8 7.2 3.8
v -8.7 6.5 3.8
v -8.7 6.7 3.8
v -8.7 7.1 3.8
v -8.7 7.2 3.8
v 8.7 6.5 3.8
v 8.7 6.7 3.8
v 8.7 7.1 3.8
v 8.7 7.2 3.8
v 8.8 6.5 3.8
v 8.8 6.7 3.8
v 8.8 7.1 3.8
v 8.8 7.2 3.8
v -8.8 7.2 3.7
v -8.8 7.3 3.7
v -8.7 7.2 3.7
v -8.7 7.3 3.7
v 8.7 7.2 3.7
v 8.7 7.3 3.7
v 8.8 7.2 3.7
v 8.8 7.3 3.7
v -8.8 7.3 3.6
v -8.8 7.4 3.6
v -8.7 7.3 3.6
v -8.7 7.4 3.6
v 8.7 7.3 3.6
v 8.7 7.4 3.6
v 8.8 7.3 3.6
v 8.8 7.4 3.6
v -8.8 7.4 3.5
v -8.8 7.5 3.5
v -8.7 7.4 3.5
v -8.7 7.5 3.5
v 8.7 7.4 3.5
v 8.7 7.5 3.5
v 8.8 7.4 3.5
v 8.8 7.5 3.5
v -8.8 7.5 3.4
v -8.8 7.6 3.4
v -8.7 7.5 3.4
v -8.7 7.6 3.4
v 8.7 7.5 3.4
v 8.7 7.6 3.4
v 8.8 7.5 3.4
v 8.8 7.6 3.4
v -8.8 7.6 3.3
v -8.8 7.7 3.3
v -8.7 7.6 3.3
v -8.7 7.7 3.3
v 8.7 7.6 3.3
v 8.7 7.7 3.3
v 8.8 7.6 3.3
v 8.8 7.7 3.3
v -8.8 7.7 3.2
v -8.8 7.8 3.2
v -8.7 7.7 3.2
v -8.7 7.8 3.2
v 8.7 7.7 3.2
v 8.7 7.8 3.2
v 8.8 7.7 3.2
v 8.8 7.8 3.2
v -8.8 7.8 3.1
v -8.8 7.9 3.1
v -8.7 7.8 3.1
v -8.7 7.9 3.1
v 8.7 7.8 3.1
v 8.7 7.9 3.1
v 8.8 7.8 3.1
v 8.8 7.9 3.1
v -8.8 7.9 3
v -8.8 8 3
v -8.7 7.9 3
v -8.7 8 3
v 8.7 7.9 3
v 8.7 8 3
v 8.8 7.9 3
v 8.8 8 3
v -8.8 8 2.9
v -8.8 8.1 2.9
v -8.7 8 2.9
v -8.7 8.1 2.9
v 8.7 8 2.9
v 8.7 8.1 2.9
v 8.8 8 2.9
v 8.8 8.1 2.9
v -8.8 8.1 2.8
v -8.8 8.2 2.8
v -8.7 5.1 2.8
v -8.7 5.2 2.8
v -8.7 8.1 2.8
v -8.7 8.2 2.8
v -8.7 11.7 2.8
v -8.7 11.8 2.8
v -8.6 5.1 2.8
v -8.6 5.2 2.8
v -8.6 11.7 2.8
v -8.6 11.8 2.8
v 8.6 5.1 2.8
v 8.6 5.2 2.8
v 8.6 11.7 2.8
v 8.6 11.8 2.8
v 8.7 5.1 2.8
v 8.7 5.2 2.8
v 8.7 8.1 2.8
v 8.7 8.2 2.8
v 8.7 11.7 2.8
v 8.7 11.8 2.8
v 8.8 8.1 2.8
v 8.8 8.2 2.8
v -8.8 8.2 2.7
v -8.8 8.3 2.7
v -8.7 8.2 2.7
v -8.7 8.3 2.7
v 8.7 8.2 2.7
v 8.7 8.3 2.7
v 8.8 8.2 2.7
v 8.8 8.3 2.7
v -8.8 8.3 2.6
v -8.8 8.4 2.6
v -8.7 8.3 2.6
v -8.7 8.4 2.6
v 8.7 8.3 2.6
v 8.7 8.4 2.6
v 8.8 8.3 2.6
v 8.8 8.4 2.6
v -8.8 8.4 2.5
v -8.8 8.5 2.5
v -8.7 8.4 2.5
v -8.7 8.5 2.5
v 8.7 8.4 2.5
v 8.7 8.5 2.5
v 8.8 8.4 2.5
v 8.8 8.5 2.5
v -8.8 8.5 2.4
v -8.8 8.6 2.4
v -8.7 8.5 2.4
v -8.7 8.6 2.4
v 8.7 8.5 2.4
v 8.7 8.6 2.4
v 8.8 8.5 2.4
v 8.8 8.6 2.4
v -8.8 8.6 2.3
v -8.8 8.7 2.3
v -8.7 8.6 2.3
v -8.7 8.7 2.3
v 8.7 8.6 2.3
v 8.7 8.7 2.3
v 8.8 8.6 2.3
v 8.8 8.7 2.3
v -8.8 8.7 2.2
v -8.8 9.1 2.2
v -8.7 8.7 2.2
v -8.7 9.1 2.2
v 8.7 8.7 2.2
v 8.7 9.1 2.2
v 8.8 8.7 2.2
v 8.8 9.1 2.2
v -8.8 9.1 2.1
v -8.8 9.4 2.1
v -8.7 9.1 2.1
v -8.7 9.4 2.1
v -1.4 3.9 2.1
v -1.4 4.2 2.1
v -0.3 3.9 2.1
v -0.1 3.9 2.1
v 1 3.9 2.1
v 1 4.2 2.1
v 8.7 9.1 2.1
v 8.7 9.4 2.1
v 8.8 9.1 2.1
v 8.8 9.4 2.1
v -8.8 9.4 2
v -8.8 9.5 2
v -8.7 9.4 2
v -8.7 9.5 2
v 8.7 9.4 2
v 8.7 9.5 2
v 8.8 9.4 2
v 8.8 9.5 2
v -8.8 9.5 1.9
v -8.8 9.6 1.9
v -8.7 9.5 1.9
v -8.7 9.6 1.9
v 8.7 9.5 1.9
v 8.7 9.6 1.9
v 8.8 9.5 1.9
v 8.8 9.6 1.9
v -8.8 9.6 1.8
v -8.8 9.7 1.8
v -8.7 9.6 1.8
v -8.7 9.7 1.8
v -1.7 3.9 1.8
v -1.7 4.2 1.8
v -1.6 3.9 1.8
v -1.4 3.9 1.8
v -1.4 4.2 1.8
v -1.4 4.5 1.8
v 1 3.9 1.8
v 1 4.2 1.8
v 1 4.5 1.8
v 1.2 3.9 1.8
v 1.3 3.9 1.8
v 1.3 4.2 1.8
v 8.7 9.6 1.8
v 8.7 9.7 1.8
v 8.8 9.6 1.8
v 8.8 9.7 1.8
v -2 3.9 1.6
v -2 4.2 1.6
v -1.7 3.9 1.6
v -1.7 4.2 1.6
v -1.7 4.5 1.6
v -1.4 4.2 1.6
v -1.4 4.5 1.6
v 1 4.2 1.6
v 1 4.5 1.6
v 1.3 3.9 1.6
v 1.3 4.2 1.6
v 1.3 4.5 1.6
v 1.6 3.9 1.6
v 1.6 4.2 1.6
v -8.8 8.9 1.4
v -8.8 9 1.4
v -8.7 8.9 1.4
v -8.7 9 1.4
v 8.7 8.9 1.4
v 8.7 9 1.4
v 8.8 8.9 1.4
v 8.8 9 1.4
v -8.8 9 1.3
v -8.8 9.1 1.3
v -8.7 9 1.3
v -8.7 9.1 1.3
v -2.3 3.9 1.3
v -2.3 4.2 1.3
v -2 3.9 1.3
v -2 4.2 1.3
v -2 4.5 1.3
v -1.7 4.2 1.3
v -1.7 4.5 1.3
v 1.3 4.2 1.3
v 1.3 4.5 1.3
v 1.6 3.9 1.3
v 1.6 4.2 1.3
v 1.6 4.5 1.3
v 1.9 3.9 1.3
v 1.9 4.2 1.3
v 8.7 9 1.3
v 8.7 9.1 1.3
v 8.8 9 1.3
v 8.8 9.1 1.3
v -8.8 9.1 1.2
v -8.8 9.2 1.2
v -8.7 9.1 1.2
v -8.7 9.2 1.2
v 8.7 9.1 1.2
v 8.7 9.2 1.2
v 8.8 9.1 1.2
v 8.8 9.2 1.2
v -8.8 9.2 1.1
v -8.8 9.3 1.1
v -8.7 9.2 1.1
v -8.7 9.3 1.1
v 8.7 9.2 1.1
v 8.7 9.3 1.1
v 8.8 9.2 1.1
v 8.8 9.3 1.1
v -8.8 9.3 1
v -8.8 9.4 1
v -8.7 9.3 1
v -8.7 9.4 1
v -2.6 3.9 1
v -2.6 4.2 1
v -2.3 3.9 1
v -2.3 4.2 1
v -2.3 4.5 1
v -2 4.2 1
v -2 4.5 1
v 1.6 4.2 1
v 1.6 4.5 1
v 1.9 3.9 1
v 1.9 4.2 1
v 1.9 4.5 1
v 2.2 3.9 1
v 2.2 4.2 1
v 8.7 9.3 1
v 8.7 9.4 1
v 8.8 9.3 1
v 8.8 9.4 1
v -8.6 4.7 0.9
v -8.6 4.9 0.9
v -8.6 11.3 0.9
v -8.6 11.5 0.9
v -8.5 4.7 0.9
v -8.5 4.9 0.9
v -8.5 11.3 0.9
v -8.5 11.5 0.9
v 8.5 4.7 0.9
v 8.5 4.9 0.9
v 8.5 11.3 0.9
v 8.5 11.5 0.9
v 8.6 4.7 0.9
v 8.6 4.9 0.9
v 8.6 11.3 0.9
v 8.6 11.5 0.9
v -2.8 3.9 0.7
v -2.8 4.2 0.7
v -2.6 3.9 0.7
v -2.6 4.2 0.7
v -2.6 4.5 0.7
v -2.3 4.2 0.7
v -2.3 4.5 0.7
v 1.9 4.2 0.7
v 1.9 4.5 0.7
v 2.2 3.9 0.7
v 2.2 4.2 0.7
v 2.2 4.5 0.7
v 2.4 3.9 0.7
v 2.4 4.2 0.7
v -8.8 5.1 0.6
v -8.8 5.7 0.6
v -8.8 10.5 0.6
v -8.8 11.1 0.6
v -8.8 11.7 0.6
v -8.8 12.3 0.6
v -8.5 4.2 0.6
v -8.5 4.5 0.6
v -8.5 5.1 0.6
v -8.5 5.7 0.6
v -8.5 10.5 0.6
v -8.5 11.1 0.6
v -8.5 11.7 0.6
v -8.5 12.3 0.6
v -8.2 4.2 0.6
v -8.2 4.5 0.6
v 8.2 4.2 0.6
v 8.2 4.5 0.6
v 8.5 4.2 0.6
v 8.5 4.5 0.6
v 8.5 5.1 0.6
v 8.5 5.7 0.6
v 8.5 10.5 0.6
v 8.5 11.1 0.6
v 8.5 11.7 0.6
v 8.5 12.3 0.6
v 8.8 5.1 0.6
v 8.8 5.7 0.6
v 8.8 10.5 0.6
v 8.8 11.1 0.6
v 8.8 11.7 0.6
v 8.8 12.3 0.6
v -3.1 3.9 0.4
v -3.1 4.2 0.4
v -2.8 3.9 0.4
v -2.8 4.2 0.4
v -2.8 4.5 0.4
v -2.6 4.2 0.4
v -2.6 4.5 0.4
v 2.2 4.2 0.4
v 2.2 4.5 0.4
v 2.4 3.9 0.4
v 2.4 4.2 0.4
v 2.4 4.5 0.4
v 2.7 3.9 0.4
v 2.7 4.2 0.4
v -8.8 5.7 0.3
v -8.8 6.9 0.3
v -8.8 9.3 0.3
v -8.8 10.5 0.3
v -8.8 12.3 0.3
v -8.8 13.5 0.3
v -8.5 4.5 0.3
v -8.5 5.1 0.3
v -8.5 5.7 0.3
v -8.5 6.9 0.3
v -8.5 9.3 0.3
v -8.5 10.5 0.3
v -8.5 12.3 0.3
v -8.5 13.5 0.3
v -8.2 4.5 0.3
v -8.2 5.1 0.3
v 8.2 4.5 0.3
v 8.2 5.1 0.3
v 8.5 4.5 0.3
v 8.5 5.1 0.3
v 8.5 5.7 0.3
v 8.5 6.9 0.3
v 8.5 9.3 0.3
v 8.5 10.5 0.3
v 8.5 12.3 0.3
v 8.5 13.5 0.3
v 8.8 5.7 0.3
v 8.8 6.9 0.3
v 8.8 9.3 0.3
v 8.8 10.5 0.3
v 8.8 12.3 0.3
v 8.8 13.5 0.3
v -8.8 6.9 0
v -8.8 9.3 0
v -8.8 13.5 0
v -8.8 15.3 0
v -8.5 5.1 0
v -8.5 6 0
v -8.5 6.9 0
v -8.5 9.3 0
v -8.5 13.5 0
v -8.5 15.3 0
v -8.2 5.1 0
v -8.2 6 0
v 8.2 5.1 0
v 8.2 6 0
v 8.5 5.1 0
v 8.5 6 0
v 8.5 6.9 0
v 8.5 9.3 0
v 8.5 13.5 0
v 8.5 15.3 0
v 8.8 6.9 0
v 8.8 9.3 0
v 8.8 13.5 0
v 8.8 15.3 0
v -8.6 5.9 -0.9
v -8.6 15.3 -0.9
v -8.5 6 -0.9
v -8.5 15.3 -0.9
v -8.3 3.9 -0.9
v -8.3 5.9 -0.9
v -8.2 3.9 -0.9
v -8.2 6 -0.9
v -0.3 3.8 -0.9
v -0.3 3.9 -0.9
v -0.3 4.2 -0.9
v -0.1 3.8 -0.9
v -0.1 3.9 -0.9
v -0.1 4.2 -0.9
v 8.2 3.9 -0.9
v 8.2 6 -0.9
v 8.3 3.9 -0.9
v 8.3 5.9 -0.9
v 8.5 6 -0.9
v 8.5 15.3 -0.9
v 8.6 5.9 -0.9
v 8.6 15.3 -0.9
v -8.8 8.5 -2.3
v -8.8 8.7 -2.3
v -8.7 8.5 -2.3
v -8.7 8.7 -2.3
v 8.7 8.5 -2.3
v 8.7 8.7 -2.3
v 8.8 8.5 -2.3
v 8.8 8.7 -2.3
v -8.8 8.4 -2.4
v -8.8 8.5 -2.4
v -8.8 8.7 -2.4
v -8.8 8.8 -2.4
v -8.7 8.4 -2.4
v -8.7 8.5 -2.4
v -8.7 8.7 -2.4
v -8.7 8.8 -2.4
v 8.7 8.4 -2.4
v 8.7 8.5 -2.4
v 8.7 8.7 -2.4
v 8.7 8.8 -2.4
v 8.8 8.4 -2.4
v 8.8 8.5 -2.4
v 8.8 8.7 -2.4
v 8.8 8.8 -2.4
v -8.8 8.3 -2.5
v -8.8 8.4 -2.5
v -8.8 8.8 -2.5
v -8.8 8.9 -2.5
v -8.7 8.3 -2.5
v -8.7 8.4 -2.5
v -8.7 8.8 -2.5
v -8.7 8.9 -2.5
v 8.7 8.3 -2.5
v 8.7 8.4 -2.5
v 8.7 8.8 -2.5
v 8.7 8.9 -2.5
v 8.8 8.3 -2.5
v 8.8 8.4 -2.5
v 8.8 8.8 -2.5
v 8.8 8.9 -2.5
v -8.8 8.2 -2.6
v -8.8 8.3 -2.6
v -8.8 8.9 -2.6
v -8.8 9 -2.6
v -8.7 8.2 -2.6
v -8.7 8.3 -2.6
v -8.7 8.9 -2.6
v -8.7 9 -2.6
v 8.7 8.2 -2.6
v 8.7 8.3 -2.6
v 8.7 8.9 -2.6
v 8.7 9 -2.6
v 8.8 8.2 -2.6
v 8.8 8.3 -2.6
v 8.8 8.9 -2.6
v 8.8 9 -2.6
v -8.8 8.1 -2.7
v -8.8 8.2 -2.7
v -8.8 9 -2.7
v -8.8 9.1 -2.7
v -8.7 8.1 -2.7
v -8.7 8.2 -2.7
v -8.7 9 -2.7
v -8.7 9.1 -2.7
v 8.7 8.1 -2.7
v 8.7 8.2 -2.7
v 8.7 9 -2.7
v 8.7 9.1 -2.7
v 8.8 8.1 -2.7
v 8.8 8.2 -2.7
v 8.8 9 -2.7
v 8.8 9.1 -2.7
v -8.8 8 -2.8
v -8.8 8.1 -2.8
v -8.8 9.1 -2.8
v -8.8 9.2 -2.8
v -8.7 8 -2.8
v -8.7 8.1 -2.8
v -8.7 9.1 -2.8
v -8.7 9.2 -2.8
v 8.7 8 -2.8
v 8.7 8.1 -2.8
v 8.7 9.1 -2.8
v 8.7 9.2 -2.8
v 8.8 8 -2.8
v 8.8 8.1 -2.8
v 8.8 9.1 -2.8
v 8.8 9.2 -2.8
v -8.8 9.2 -2.9
v -8.8 9.3 -2.9
v -8.7 9.2 -2.9
v -8.7 9.3 -2.9
v 8.7 9.2 -2.9
v 8.7 9.3 -2.9
v 8.8 9.2 -2.9
v 8.8 9.3 -2.9
v -8.8 9.3 -3
v -8.8 9.4 -3
v -8.7 9.3 -3
v -8.7 9.4 -3
v 8.7 9.3 -3
v 8.7 9.4 -3
v 8.8 9.3 -3
v 8.8 9.4 -3
v -8.8 9.4 -3.1
v -8.8 9.5 -3.1
v -8.7 9.4 -3.1
v -8.7 9.5 -3.1
v 8.7 9.4 -3.1
v 8.7 9.5 -3.1
v 8.8 9.4 -3.1
v 8.8 9.5 -3.1
v -8.8 9.5 -3.2
v -8.8 9.6 -3.2
v -8.7 9.5 -3.2
v -8.7 9.6 -3.2
v 8.7 9.5 -3.2
v 8.7 9.6 -3.2
v 8.8 9.5 -3.2
v 8.8 9.6 -3.2
v -8.8 9.6 -3.3
v -8.8 9.7 -3.3
v -8.7 9.6 -3.3
v -8.7 9.7 -3.3
v 8.7 9.6 -3.3
v 8.7 9.7 -3.3
v 8.8 9.6 -3.3
v 8.8 9.7 -3.3
v -8.8 8.3 -3.4
v -8.8 8.4 -3.4
v -8.8 9.7 -3.4
v -8.8 9.8 -3.4
v -8.7 8.3 -3.4
v -8.7 8.4 -3.4
v -8.7 9.7 -3.4
v -8.7 9.8 -3.4
v 8.7 8.3 -3.4
v 8.7 8.4 -3.4
v 8.7 9.7 -3.4
v 8.7 9.8 -3.4
v 8.8 8.3 -3.4
v 8.8 8.4 -3.4
v 8.8 9.7 -3.4
v 8.8 9.8 -3.4
v -8.8 8.2 -3.5
v -8.8 8.3 -3.5
v -8.7 8.2 -3.5
v -8.7 8.3 -3.5
v 8.7 8.2 -3.5
v 8.7 8.3 -3.5
v 8.8 8.2 -3.5
v 8.8 8.3 -3.5
v -8.8 8.1 -3.6
v -8.8 8.2 -3.6
v -8.7 8.1 -3.6
v -8.7 8.2 -3.6
v 8.7 8.1 -3.6
v 8.7 8.2 -3.6
v 8.8 8.1 -3.6
v 8.8 8.2 -3.6
v -8.8 8 -3.7
v -8.8 8.1 -3.7
v -8.7 8 -3.7
v -8.7 8.1 -3.7
v 8.7 8 -3.7
v 8.7 8.1 -3.7
v 8.8 8 -3.7
v 8.8 8.1 -3.7
v -8.8 7.9 -3.8
v -8.8 8 -3.8
v -8.8 9.2 -3.8
v -8.8 9.3 -3.8
v -8.7 7.9 -3.8
v -8.7 8 -3.8
v -8.7 9.2 -3.8
v -8.7 9.3 -3.8
v 8.7 7.9 -3.8
v 8.7 8 -3.8
v 8.7 9.2 -3.8
v 8.7 9.3 -3.8
v 8.8 7.9 -3.8
v 8.8 8 -3.8
v 8.8 9.2 -3.8
v 8.8 9.3 -3.8
v -8.8 7.8 -3.9
v -8.8 7.9 -3.9
v -8.7 7.8 -3.9
v -8.7 7.9 -3.9
v 8.7 7.8 -3.9
v 8.7 7.9 -3.9
v 8.8 7.8 -3.9
v 8.8 7.9 -3.9
v -8.8 7.7 -4
v -8.8 7.8 -4
v -8.7 7.7 -4
v -8.7 7.8 -4
v 8.7 7.7 -4
v 8.7 7.8 -4
v 8.8 7.7 -4
v 8.8 7.8 -4
v -8.8 7.6 -4.1
v -8.8 7.7 -4.1
v -8.7 7.6 -4.1
v -8.7 7.7 -4.1
v 8.7 7.6 -4.1
v 8.7 7.7 -4.1
v 8.8 7.6 -4.1
v 8.8 7.7 -4.1
v -8.8 7.5 -4.2
v -8.8 7.6 -4.2
v -8.7 7.5 -4.2
v -8.7 7.6 -4.2
v 8.7 7.5 -4.2
v 8.7 7.6 -4.2
v 8.8 7.5 -4.2
v 8.8 7.6 -4.2
v -8.8 7.4 -4.3
v -8.8 7.5 -4.3
v -8.7 5.1 -4.3
v -8.7 5.2 -4.3
v -8.7 7.4 -4.3
v -8.7 7.5 -4.3
v -8.7 11.7 -4.3
v -8.7 11.8 -4.3
v -8.6 5.1 -4.3
v -8.6 5.2 -4.3
v -8.6 11.7 -4.3
v -8.6 11.8 -4.3
v 8.6 5.1 -4.3
v 8.6 5.2 -4.3
v 8.6 11.7 -4.3
v 8.6 11.8 -4.3
v 8.7 5.1 -4.3
v 8.7 5.2 -4.3
v 8.7 7.4 -4.3
v 8.7 7.5 -4.3
v 8.7 11.7 -4.3
v 8.7 11.8 -4.3
v 8.8 7.4 -4.3
v 8.8 7.5 -4.3
v -8.8 7.3 -4.4
v -8.8 7.4 -4.4
v -8.7 7.3 -4.4
v -8.7 7.4 -4.4
v 8.7 7.3 -4.4
v 8.7 7.4 -4.4
v 8.8 7.3 -4.4
v 8.8 7.4 -4.4
v -8.8 7.2 -4.5
v -8.8 7.3 -4.5
v -8.7 7.2 -4.5
v -8.7 7.3 -4.5
v 8.7 7.2 -4.5
v 8.7 7.3 -4.5
v 8.8 7.2 -4.5
v 8.8 7.3 -4.5
v -8.8 7.1 -4.6
v -8.8 7.2 -4.6
v -8.7 7.1 -4.6
v -8.7 7.2 -4.6
v 8.7 7.1 -4.6
v 8.7 7.2 -4.6
v 8.8 7.1 -4.6
v 8.8 7.2 -4.6
v -8.8 7 -4.7
v -8.8 7.1 -4.7
v -8.7 7 -4.7
v -8.7 7.1 -4.7
v 8.7 7 -4.7
v 8.7 7.1 -4.7
v 8.8 7 -4.7
v 8.8 7.1 -4.7
v -8.8 6.9 -4.8
v -8.8 7 -4.8
v -8.7 6.9 -4.8
v -8.7 7 -4.8
v 8.7 6.9 -4.8
v 8.7 7 -4.8
v 8.8 6.9 -4.8
v 8.8 7 -4.8
v -8.8 6.8 -4.9
v -8.8 6.9 -4.9
v -8.7 6.8 -4.9
v -8.7 6.9 -4.9
v 8.7 6.8 -4.9
v 8.7 6.9 -4.9
v 8.8 6.8 -4.9
v 8.8 6.9 -4.9
v -8.8 6.7 -5
v -8.8 6.8 -5
v -8.7 6.7 -5
v -8.7 6.8 -5
v 8.7 6.7 -5
v 8.7 6.8 -5
v 8.8 6.7 -5
v 8.8 6.8 -5
v -8.8 6.6 -5.1
v -8.8 6.7 -5.1
v -8.7 6.6 -5.1
v -8.7 6.7 -5.1
v 8.7 6.6 -5.1
v 8.7 6.7 -5.1
v 8.8 6.6 -5.1
v 8.8 6.7 -5.1
v -8.8 6.5 -5.2
v -8.8 6.6 -5.2
v -8.7 6.5 -5.2
v -8.7 6.6 -5.2
v 8.7 6.5 -5.2
v 8.7 6.6 -5.2
v 8.8 6.5 -5.2
v 8.8 6.6 -5.2
v -8.2 3.9 -5.9
v -8.2 4.2 -5.9
v -7.9 3.9 -5.9
v -7.9 4.2 -5.9
v 7.9 3.9 -5.9
v 7.9 4.2 -5.9
v 8.2 3.9 -5.9
v 8.2 4.2 -5.9
v -8.6 4.7 -6.2
v -8.6 4.9 -6.2
v -8.5 4.7 -6.2
v -8.5 4.9 -6.2
v 8.5 4.7 -6.2
v 8.5 4.9 -6.2
v 8.6 4.7 -6.2
v 8.6 4.9 -6.2
v -8.8 5.1 -6.5
v -8.8 5.7 -6.5
v -8.6 11.3 -6.5
v -8.6 11.5 -6.5
v -8.5 4.2 -6.5
v -8.5 4.5 -6.5
v -8.5 5.1 -6.5
v -8.5 5.7 -6.5
v -8.5 11.3 -6.5
v -8.5 11.5 -6.5
v -8.3 4.2 -6.5
v -8.3 4.5 -6.5
v -8.2 4.2 -6.5
v -8.2 4.5 -6.5
v 8.2 4.2 -6.5
v 8.2 4.5 -6.5
v 8.3 4.2 -6.5
v 8.3 4.5 -6.5
v 8.5 4.2 -6.5
v 8.5 4.5 -6.5
v 8.5 5.1 -6.5
v 8.5 5.7 -6.5
v 8.5 11.3 -6.5
v 8.5 11.5 -6.5
v 8.6 11.3 -6.5
v 8.6 11.5 -6.5
v 8.8 5.1 -6.5
v 8.8 5.7 -6.5
v -8.8 5.7 -6.8
v -8.8 6.3 -6.8
v -8.8 10.5 -6.8
v -8.8 11.1 -6.8
v -8.8 11.7 -6.8
v -8.8 12.3 -6.8
v -8.5 4.5 -6.8
v -8.5 5.1 -6.8
v -8.5 5.7 -6.8
v -8.5 6.3 -6.8
v -8.5 10.5 -6.8
v -8.5 11.1 -6.8
v -8.5 11.7 -6.8
v -8.5 12.3 -6.8
v -8.3 4.5 -6.8
v -8.3 5.1 -6.8
v -8.2 4.5 -6.8
v -8.2 5.1 -6.8
v 8.2 4.5 -6.8
v 8.2 5.1 -6.8
v 8.3 4.5 -6.8
v 8.3 5.1 -6.8
v 8.5 4.5 -6.8
v 8.5 5.1 -6.8
v 8.5 5.7 -6.8
v 8.5 6.3 -6.8
v 8.5 10.5 -6.8
v 8.5 11.1 -6.8
v 8.5 11.7 -6.8
v 8.5 12.3 -6.8
v 8.8 5.7 -6.8
v 8.8 6.3 -6.8
v 8.8 10.5 -6.8
v 8.8 11.1 -6.8
v 8.8 11.7 -6.8
v 8.8 12.3 -6.8
v -8.8 6.3 -7.1
v -8.8 6.9 -7.1
v -8.8 9.9 -7.1
v -8.8 10.5 -7.1
v -8.8 12.3 -7.1
v -8.8 12.9 -7.1
v -8.5 5.1 -7.1
v -8.5 5.7 -7.1
v -8.5 6.3 -7.1
v -8.5 6.9 -7.1
v -8.5 9.9 -7.1
v -8.5 10.5 -7.1
v -8.5 12.3 -7.1
v -8.5 12.9 -7.1
v -8.3 5.1 -7.1
v -8.3 5.5 -7.1
v -8.2 5.1 -7.1
v -8.2 5.5 -7.1
v -8.2 5.7 -7.1
v 8.2 5.1 -7.1
v 8.2 5.5 -7.1
v 8.2 5.7 -7.1
v 8.3 5.1 -7.1
v 8.3 5.5 -7.1
v 8.5 5.1 -7.1
v 8.5 5.7 -7.1
v 8.5 6.3 -7.1
v 8.5 6.9 -7.1
v 8.5 9.9 -7.1
v 8.5 10.5 -7.1
v 8.5 12.3 -7.1
v 8.5 12.9 -7.1
v 8.8 6.3 -7.1
v 8.8 6.9 -7.1
v 8.8 9.9 -7.1
v 8.8 10.5 -7.1
v 8.8 12.3 -7.1
v 8.8 12.9 -7.1
v -8.8 6.9 -7.4
v -8.8 7.8 -7.4
v -8.8 9 -7.4
v -8.8 9.9 -7.4
v -8.8 12.9 -7.4
v -8.8 13.8 -7.4
v -8.5 5.7 -7.4
v -8.5 6.6 -7.4
v -8.5 6.9 -7.4
v -8.5 7.8 -7.4
v -8.5 9 -7.4
v -8.5 9.9 -7.4
v -8.5 12.9 -7.4
v -8.5 13.8 -7.4
v -8.2 5.7 -7.4
v -8.2 6.6 -7.4
v 8.2 5.7 -7.4
v 8.2 6.6 -7.4
v 8.5 5.7 -7.4
v 8.5 6.6 -7.4
v 8.5 6.9 -7.4
v 8.5 7.8 -7.4
v 8.5 9 -7.4
v 8.5 9.9 -7.4
v 8.5 12.9 -7.4
v 8.5 13.8 -7.4
v 8.8 6.9 -7.4
v 8.8 7.8 -7.4
v 8.8 9 -7.4
v 8.8 9.9 -7.4
v 8.8 12.9 -7.4
v 8.8 13.8 -7.4
v -8.8 7.8 -7.7
v -8.8 9 -7.7
v -8.8 13.8 -7.7
v -8.8 15.3 -7.7
v -8.5 6.6 -7.7
v -8.5 7.8 -7.7
v -8.5 9 -7.7
v -8.5 13.8 -7.7
v -8.5 15.3 -7.7
v -8.2 6.6 -7.7
v -8.2 7.8 -7.7
v 8.2 6.6 -7.7
v 8.2 7.8 -7.7
v 8.5 6.6 -7.7
v 8.5 7.8 -7.7
v 8.5 9 -7.7
v 8.5 13.8 -7.7
v 8.5 15.3 -7.7
v 8.8 7.8 -7.7
v 8.8 9 -7.7
v 8.8 13.8 -7.7
v 8.8 15.3 -7.7
v -8.5 7.8 -8
v -8.5 15.3 -8
v -8.2 7.8 -8
v -8.2 15.3 -8
v 8.2 7.8 -8
v 8.2 15.3 -8
v 8.5 7.8 -8
v 8.5 15.3 -8
v -7.9 3.9 -8.9
v -7.9 4.2 -8.9
v -4.9 3.9 -8.9
v -4.9 4.2 -8.9
v 4.9 3.9 -8.9
v 4.9 4.2 -8.9
v 7.9 3.9 -8.9
v 7.9 4.2 -8.9
v -8.2 4.2 -9.2
v -8.2 15.3 -9.2
v -7 4.2 -9.2
v -7 7.8 -9.2
v -7 15.3 -9.2
v -6.7 6.6 -9.2
v -6.7 7.8 -9.2
v -6.4 5.7 -9.2
v -6.4 6.6 -9.2
v -6.1 5.1 -9.2
v -6.1 5.7 -9.2
v -5.8 4.5 -9.2
v -5.8 5.1 -9.2
v -5.5 4.2 -9.2
v -5.5 4.5 -9.2
v -4.9 3.9 -9.2
v -4.9 4.2 -9.2
v -1.6 3.9 -9.2
v -1.6 4.2 -9.2
v -1.6 4.5 -9.2
v -1.3 4.5 -9.2
v -1.3 5.1 -9.2
v -1 5.1 -9.2
v -1 6 -9.2
v -0.3 3.9 -9.2
v -0.3 6 -9.2
v -0.1 3.9 -9.2
v -0.1 6 -9.2
v 0.599999 5.1 -9.2
v 0.599999 6 -9.2
v 0.9 4.5 -9.2
v 0.9 5.1 -9.2
v 1.2 3.9 -9.2
v 1.2 4.2 -9.2
v 1.2 4.5 -9.2
v 4.9 3.9 -9.2
v 4.9 4.2 -9.2
v 5.5 4.2 -9.2
v 5.5 4.5 -9.2
v 5.8 4.5 -9.2
v 5.8 5.1 -9.2
v 6.1 5.1 -9.2
v 6.1 5.5 -9.2
v 6.1 5.7 -9.2
v 6.4 5.7 -9.2
v 6.4 6.6 -9.2
v 6.7 4.2 -9.2
v 6.7 5.5 -9.2
v 6.7 6.6 -9.2
v 6.7 7.8 -9.2
v 7 4.2 -9.2
v 7 7.8 -9.2
v 7 15.3 -9.2
v 8.2 4.2 -9.2
v 8.2 15.3 -9.2
v -0.3 3.9 -9.3
v -0.3 5.9 -9.3
v -0.1 3.9 -9.3
v -0.1 5.9 -9.3
v -7.6 14.2 -9.4
v -7.6 14.8 -9.4
v -7.5 14.5 -9.4
v -7.5 14.8 -9.4
v -7.4 14.2 -9.4
v -7.4 14.5 -9.4
v -7 7.8 -9.5
v -7 15.3 -9.5
v -6.7 6.6 -9.5
v -6.7 7.8 -9.5
v -6.7 9 -9.5
v -6.7 13.8 -9.5
v -6.7 15.3 -9.5
v -6.4 5.7 -9.5
v -6.4 6.6 -9.5
v -6.4 6.9 -9.5
v -6.4 7.8 -9.5
v -6.4 9 -9.5
v -6.4 9.9 -9.5
v -6.4 12.9 -9.5
v -6.4 13.8 -9.5
v -6.1 5.1 -9.5
v -6.1 5.7 -9.5
v -6.1 6.3 -9.5
v -6.1 6.9 -9.5
v -6.1 9.9 -9.5
v -6.1 10.5 -9.5
v -6.1 12.3 -9.5
v -6.1 12.9 -9.5
v -5.8 4.5 -9.5
v -5.8 5.1 -9.5
v -5.8 5.7 -9.5
v -5.8 6.3 -9.5
v -5.8 10.5 -9.5
v -5.8 11.1 -9.5
v -5.8 11.7 -9.5
v -5.8 12.3 -9.5
v -5.5 4.2 -9.5
v -5.5 4.5 -9.5
v -5.5 5.1 -9.5
v -5.5 5.7 -9.5
v -5.5 11.3 -9.5
v -5.5 11.5 -9.5
v -5.2 4.7 -9.5
v -5.2 4.9 -9.5
v -1.9 4.7 -9.5
v -1.9 4.9 -9.5
v -1.9 11.3 -9.5
v -1.9 11.5 -9.5
v -1.6 4.2 -9.5
v -1.6 4.5 -9.5
v -1.6 5.1 -9.5
v -1.6 5.7 -9.5
v -1.6 10.5 -9.5
v -1.6 11.1 -9.5
v -1.6 11.7 -9.5
v -1.6 12.3 -9.5
v -1.3 4.5 -9.5
v -1.3 5.1 -9.5
v -1.3 5.7 -9.5
v -1.3 6.9 -9.5
v -1.3 9.3 -9.5
v -1.3 10.5 -9.5
v -1.3 12.3 -9.5
v -1.3 13.5 -9.5
v -1 5.1 -9.5
v -1 6 -9.5
v -1 6.9 -9.5
v -1 9.3 -9.5
v -1 13.5 -9.5
v -1 15.3 -9.5
v -0.3 6 -9.5
v -0.3 15.3 -9.5
v -0.1 6 -9.5
v -0.1 15.3 -9.5
v 0.599999 5.1 -9.5
v 0.599999 6 -9.5
v 0.599999 6.9 -9.5
v 0.599999 9.3 -9.5
v 0.599999 13.5 -9.5
v 0.599999 15.3 -9.5
v 0.9 4.5 -9.5
v 0.9 5.1 -9.5
v 0.9 5.7 -9.5
v 0.9 6.9 -9.5
v 0.9 9.3 -9.5
v 0.9 10.5 -9.5
v 0.9 12.3 -9.5
v 0.9 13.5 -9.5
v 1.2 4.2 -9.5
v 1.2 4.5 -9.5
v 1.2 5.1 -9.5
v 1.2 5.7 -9.5
v 1.2 10.5 -9.5
v 1.2 11.1 -9.5
v 1.2 11.7 -9.5
v 1.2 12.3 -9.5
v 1.5 4.7 -9.5
v 1.5 4.9 -9.5
v 1.5 11.3 -9.5
v 1.5 11.5 -9.5
v 5.2 4.7 -9.5
v 5.2 4.9 -9.5
v 5.5 4.2 -9.5
v 5.5 4.5 -9.5
v 5.5 5.1 -9.5
v 5.5 5.7 -9.5
v 5.5 11.3 -9.5
v 5.5 11.5 -9.5
v 5.8 4.5 -9.5
v 5.8 5.1 -9.5
v 5.8 5.7 -9.5
v 5.8 6.3 -9.5
v 5.8 10.5 -9.5
v 5.8 11.1 -9.5
v 5.8 11.7 -9.5
v 5.8 12.3 -9.5
v 6.1 5.1 -9.5
v 6.1 5.7 -9.5
v 6.1 6.3 -9.5
v 6.1 6.9 -9.5
v 6.1 9.9 -9.5
v 6.1 10.5 -9.5
v 6.1 12.3 -9.5
v 6.1 12.9 -9.5
v 6.4 5.7 -9.5
v 6.4 6.6 -9.5
v 6.4 6.9 -9.5
v 6.4 7.8 -9.5
v 6.4 9 -9.5
v 6.4 9.9 -9.5
v 6.4 12.9 -9.5
v 6.4 13.8 -9.5
v 6.7 6.6 -9.5
v 6.7 7.8 -9.5
v 6.7 9 -9.5
v 6.7 13.8 -9.5
v 6.7 15.3 -9.5
v 7 7.8 -9.5
v 7 15.3 -9.5
v -5.5 11.3 -9.6
v -5.5 11.5 -9.6
v -5.2 4.7 -9.6
v -5.2 4.9 -9.6
v -3.8 5.1 -9.6
v -3.8 5.2 -9.6
v -3.8 11.7 -9.6
v -3.8 11.8 -9.6
v -3.4 5.1 -9.6
v -3.4 5.2 -9.6
v -3.4 11.7 -9.6
v -3.4 11.8 -9.6
v -1.9 4.7 -9.6
v -1.9 4.9 -9.6
v -1.9 11.3 -9.6
v -1.9 11.5 -9.6
v -0.3 5.9 -9.6
v -0.3 15.3 -9.6
v -0.1 5.9 -9.6
v -0.1 15.3 -9.6
v 1.5 4.7 -9.6
v 1.5 4.9 -9.6
v 1.5 11.3 -9.6
v 1.5 11.5 -9.6
v 3.3 5.1 -9.6
v 3.3 5.2 -9.6
v 3.3 11.7 -9.6
v 3.3 11.8 -9.6
v 3.7 5.1 -9.6
v 3.7 5.2 -9.6
v 3.7 11.7 -9.6
v 3.7 11.8 -9.6
v 5.2 4.7 -9.6
v 5.2 4.9 -9.6
v 5.5 11.3 -9.6
v 5.5 11.5 -9.6
v -5.4 6.4 -9.7
v -5.4 6.8 -9.7
v -5.3 6.3 -9.7
v -5.3 6.4 -9.7
v -5.3 6.8 -9.7
v -5.3 6.9 -9.7
v -5.2 6.2 -9.7
v -5.2 6.3 -9.7
v -5.2 6.4 -9.7
v -5.2 6.5 -9.7
v -5.2 6.7 -9.7
v -5.2 6.8 -9.7
v -5.2 6.9 -9.7
v -5.2 7 -9.7
v -5.1 6.4 -9.7
v -5.1 6.5 -9.7
v -5.1 6.7 -9.7
v -5.1 6.8 -9.7
v -4.9 6.4 -9.7
v -4.9 6.5 -9.7
v -4.9 6.7 -9.7
v -4.9 6.8 -9.7
v -4.9 6.9 -9.7
v -4.9 7 -9.7
v -4.9 7.1 -9.7
v -4.8 6.2 -9.7
v -4.8 6.3 -9.7
v -4.8 6.4 -9.7
v -4.8 6.5 -9.7
v -4.8 6.7 -9.7
v -4.8 7 -9.7
v -4.8 7.1 -9.7
v -4.8 7.2 -9.7
v -4.7 6.3 -9.7
v -4.7 6.4 -9.7
v -4.7 6.7 -9.7
v -4.7 7.1 -9.7
v -4.7 7.2 -9.7
v -4.7 7.3 -9.7
v -4.6 6.4 -9.7
v -4.6 6.7 -9.7
v -4.6 6.8 -9.7
v -4.6 7.2 -9.7
v -4.6 7.3 -9.7
v -4.6 7.4 -9.7
v -4.5 6.7 -9.7
v -4.5 6.8 -9.7
v -4.5 6.9 -9.7
v -4.5 7.3 -9.7
v -4.5 7.4 -9.7
v -4.5 7.5 -9.7
v -4.4 6.8 -9.7
v -4.4 6.9 -9.7
v -4.4 7 -9.7
v -4.4 7.4 -9.7
v -4.4 7.5 -9.7
v -4.4 7.6 -9.7
v -4.3 6.9 -9.7
v -4.3 7 -9.7
v -4.3 7.1 -9.7
v -4.3 7.5 -9.7
v -4.3 7.6 -9.7
v -4.3 7.7 -9.7
v -4.2 7 -9.7
v -4.2 7.1 -9.7
v -4.2 7.2 -9.7
v -4.2 7.6 -9.7
v -4.2 7.7 -9.7
v -4.2 7.8 -9.7
v -4.1 7.1 -9.7
v -4.1 7.2 -9.7
v -4.1 7.3 -9.7
v -4.1 7.7 -9.7
v -4.1 7.8 -9.7
v -4.1 7.9 -9.7
v -4 7.2 -9.7
v -4 7.3 -9.7
v -4 7.4 -9.7
v -4 7.8 -9.7
v -4 7.9 -9.7
v -4 8 -9.7
v -3.9 7.3 -9.7
v -3.9 7.4 -9.7
v -3.9 7.5 -9.7
v -3.9 7.9 -9.7
v -3.9 8 -9.7
v -3.9 8.1 -9.7
v -3.8 7.4 -9.7
v -3.8 7.5 -9.7
v -3.8 7.6 -9.7
v -3.8 8 -9.7
v -3.8 8.1 -9.7
v -3.8 8.2 -9.7
v -3.7 7.5 -9.7
v -3.7 7.6 -9.7
v -3.7 7.7 -9.7
v -3.7 8.1 -9.7
v -3.7 8.2 -9.7
v -3.7 8.3 -9.7
v -3.6 7.6 -9.7
v -3.6 7.7 -9.7
v -3.6 7.8 -9.7
v -3.6 8.2 -9.7
v -3.6 8.3 -9.7
v -3.6 8.4 -9.7
v -3.5 7.7 -9.7
v -3.5 7.8 -9.7
v -3.5 7.9 -9.7
v -3.5 8.3 -9.7
v -3.5 8.4 -9.7
v -3.5 8.5 -9.7
v -3.4 7.8 -9.7
v -3.4 7.9 -9.7
v -3.4 8 -9.7
v -3.4 8.4 -9.7
v -3.4 8.5 -9.7
v -3.4 8.6 -9.7
v -3.3 7.9 -9.7
v -3.3 8 -9.7
v -3.3 8.1 -9.7
v -3.3 8.5 -9.7
v -3.3 8.6 -9.7
v -3.3 8.7 -9.7
v -3.2 8 -9.7
v -3.2 8.1 -9.7
v -3.2 8.2 -9.7
v -3.2 8.6 -9.7
v -3.2 8.7 -9.7
v -3.2 9.1 -9.7
v -3.1 8.1 -9.7
v -3.1 8.2 -9.7
v -3.1 8.3 -9.7
v -3.1 8.7 -9.7
v -3.1 9.1 -9.7
v -3.1 9.4 -9.7
v -3 8.2 -9.7
v -3 8.3 -9.7
v -3 8.4 -9.7
v -3 8.8 -9.7
v -3 8.9 -9.7
v -3 9.1 -9.7
v -3 9.4 -9.7
v -3 9.5 -9.7
v -2.9 8.3 -9.7
v -2.9 8.4 -9.7
v -2.9 8.5 -9.7
v -2.9 8.7 -9.7
v -2.9 8.8 -9.7
v -2.9 8.9 -9.7
v -2.9 9 -9.7
v -2.9 9.4 -9.7
v -2.9 9.5 -9.7
v -2.9 9.6 -9.7
v -2.8 8.6 -9.7
v -2.8 8.7 -9.7
v -2.8 8.8 -9.7
v -2.8 8.9 -9.7
v -2.8 9 -9.7
v -2.8 9.1 -9.7
v -2.8 9.3 -9.7
v -2.8 9.5 -9.7
v -2.8 9.6 -9.7
v -2.8 9.7 -9.7
v -2.7 8.6 -9.7
v -2.7 8.7 -9.7
v -2.7 8.8 -9.7
v -2.7 8.9 -9.7
v -2.7 9 -9.7
v -2.7 9.1 -9.7
v -2.7 9.3 -9.7
v -2.7 9.4 -9.7
v -2.6 8.7 -9.7
v -2.6 8.8 -9.7
v -2.6 8.9 -9.7
v -2.6 9 -9.7
v -2.6 9.1 -9.7
v -2.6 9.3 -9.7
v -2.6 9.4 -9.7
v -2.6 9.5 -9.7
v -2.5 8.8 -9.7
v -2.5 8.9 -9.7
v -2.5 9 -9.7
v -2.5 9.4 -9.7
v -2.5 9.5 -9.7
v -2.5 9.6 -9.7
v -2.4 8.7 -9.7
v -2.4 8.8 -9.7
v -2.4 8.9 -9.7
v -2.4 9 -9.7
v -2.4 9.5 -9.7
v -2.4 9.6 -9.7
v -2.3 8.6 -9.7
v -2.3 8.7 -9.7
v -2.3 8.8 -9.7
v -2.3 8.9 -9.7
v -2.3 9 -9.7
v -2.3 9.1 -9.7
v -2.3 9.6 -9.7
v -2.3 9.7 -9.7
v -2.2 8.5 -9.7
v -2.2 8.6 -9.7
v -2.2 8.7 -9.7
v -2.2 8.8 -9.7
v -2.2 9 -9.7
v -2.2 9.1 -9.7
v -2.2 9.2 -9.7
v -2.1 8.4 -9.7
v -2.1 8.6 -9.7
v -2.1 8.7 -9.7
v -2.1 8.8 -9.7
v -2.1 9 -9.7
v -2.1 9.1 -9.7
v -2.1 9.2 -9.7
v -2.1 9.3 -9.7
v -2 8.8 -9.7
v -2 9 -9.7
v -2 9.2 -9.7
v -2 9.3 -9.7
v -2 9.4 -9.7
v -1.9 9 -9.7
v -1.9 9.4 -9.7
v 1.3 8.5 -9.7
v 1.3 8.7 -9.7
v 1.4 8.4 -9.7
v 1.4 8.5 -9.7
v 1.4 8.7 -9.7
v 1.4 8.8 -9.7
v 1.5 8.3 -9.7
v 1.5 8.4 -9.7
v 1.5 8.5 -9.7
v 1.5 8.7 -9.7
v 1.5 8.8 -9.7
v 1.5 8.9 -9.7
v 1.6 8.2 -9.7
v 1.6 8.3 -9.7
v 1.6 8.4 -9.7
v 1.6 8.5 -9.7
v 1.6 8.6 -9.7
v 1.6 8.8 -9.7
v 1.6 8.9 -9.7
v 1.6 9 -9.7
v 1.7 8.1 -9.7
v 1.7 8.2 -9.7
v 1.7 8.3 -9.7
v 1.7 8.4 -9.7
v 1.7 8.5 -9.7
v 1.7 8.6 -9.7
v 1.7 8.9 -9.7
v 1.7 9 -9.7
v 1.7 9.1 -9.7
v 1.8 8 -9.7
v 1.8 8.1 -9.7
v 1.8 8.2 -9.7
v 1.8 8.3 -9.7
v 1.8 8.4 -9.7
v 1.8 8.5 -9.7
v 1.8 9 -9.7
v 1.8 9.1 -9.7
v 1.8 9.2 -9.7
v 1.9 8.3 -9.7
v 1.9 8.4 -9.7
v 1.9 9.1 -9.7
v 1.9 9.2 -9.7
v 1.9 9.3 -9.7
v 2 8 -9.7
v 2 8.1 -9.7
v 2 8.2 -9.7
v 2 9.2 -9.7
v 2 9.3 -9.7
v 2 9.4 -9.7
v 2.1 8.1 -9.7
v 2.1 8.2 -9.7
v 2.1 8.3 -9.7
v 2.1 9.3 -9.7
v 2.1 9.4 -9.7
v 2.1 9.5 -9.7
v 2.2 8.2 -9.7
v 2.2 8.3 -9.7
v 2.2 8.4 -9.7
v 2.2 9.4 -9.7
v 2.2 9.5 -9.7
v 2.2 9.6 -9.7
v 2.3 8.3 -9.7
v 2.3 8.4 -9.7
v 2.3 8.5 -9.7
v 2.3 9.5 -9.7
v 2.3 9.6 -9.7
v 2.3 9.7 -9.7
v 2.4 8.3 -9.7
v 2.4 8.4 -9.7
v 2.4 9.6 -9.7
v 2.4 9.7 -9.7
v 2.4 9.8 -9.7
v 2.5 8.2 -9.7
v 2.5 8.3 -9.7
v 2.5 8.5 -9.7
v 2.5 8.6 -9.7
v 2.5 9.4 -9.7
v 2.5 9.5 -9.7
v 2.6 8.1 -9.7
v 2.6 8.2 -9.7
v 2.6 8.5 -9.7
v 2.6 8.6 -9.7
v 2.6 8.8 -9.7
v 2.6 9.3 -9.7
v 2.6 9.4 -9.7
v 2.6 9.5 -9.7
v 2.6 9.6 -9.7
v 2.6 9.7 -9.7
v 2.6 9.8 -9.7
v 2.7 8 -9.7
v 2.7 8.1 -9.7
v 2.7 8.3 -9.7
v 2.7 8.4 -9.7
v 2.7 8.7 -9.7
v 2.7 8.8 -9.7
v 2.7 8.9 -9.7
v 2.7 9.2 -9.7
v 2.7 9.3 -9.7
v 2.7 9.4 -9.7
v 2.7 9.5 -9.7
v 2.7 9.6 -9.7
v 2.7 9.7 -9.7
v 2.8 7.9 -9.7
v 2.8 8 -9.7
v 2.8 8.1 -9.7
v 2.8 8.3 -9.7
v 2.8 8.4 -9.7
v 2.8 8.6 -9.7
v 2.8 8.7 -9.7
v 2.8 8.8 -9.7
v 2.8 8.9 -9.7
v 2.8 9 -9.7
v 2.8 9.2 -9.7
v 2.8 9.3 -9.7
v 2.8 9.4 -9.7
v 2.8 9.5 -9.7
v 2.8 9.6 -9.7
v 2.9 7.8 -9.7
v 2.9 7.9 -9.7
v 2.9 8 -9.7
v 2.9 8.5 -9.7
v 2.9 8.6 -9.7
v 2.9 8.9 -9.7
v 2.9 9 -9.7
v 2.9 9.1 -9.7
v 2.9 9.3 -9.7
v 2.9 9.4 -9.7
v 2.9 9.5 -9.7
v 3 7.7 -9.7
v 3 7.8 -9.7
v 3 7.9 -9.7
v 3 8.3 -9.7
v 3 8.4 -9.7
v 3 8.5 -9.7
v 3 9 -9.7
v 3 9.1 -9.7
v 3 9.3 -9.7
v 3 9.4 -9.7
v 3.1 7.6 -9.7
v 3.1 7.7 -9.7
v 3.1 7.8 -9.7
v 3.1 8.2 -9.7
v 3.1 8.3 -9.7
v 3.1 8.4 -9.7
v 3.1 9.1 -9.7
v 3.1 9.3 -9.7
v 3.2 7.5 -9.7
v 3.2 7.6 -9.7
v 3.2 7.7 -9.7
v 3.2 8.1 -9.7
v 3.2 8.2 -9.7
v 3.2 8.3 -9.7
v 3.3 7.4 -9.7
v 3.3 7.5 -9.7
v 3.3 7.6 -9.7
v 3.3 8 -9.7
v 3.3 8.1 -9.7
v 3.3 8.2 -9.7
v 3.4 7.3 -9.7
v 3.4 7.4 -9.7
v 3.4 7.5 -9.7
v 3.4 7.9 -9.7
v 3.4 8 -9.7
v 3.4 8.1 -9.7
v 3.5 7.2 -9.7
v 3.5 7.3 -9.7
v 3.5 7.4 -9.7
v 3.5 7.8 -9.7
v 3.5 7.9 -9.7
v 3.5 8 -9.7
v 3.6 7.1 -9.7
v 3.6 7.2 -9.7
v 3.6 7.3 -9.7
v 3.6 7.7 -9.7
v 3.6 7.8 -9.7
v 3.6 7.9 -9.7
v 3.7 7 -9.7
v 3.7 7.1 -9.7
v 3.7 7.2 -9.7
v 3.7 7.6 -9.7
v 3.7 7.7 -9.7
v 3.7 7.8 -9.7
v 3.8 6.9 -9.7
v 3.8 7 -9.7
v 3.8 7.1 -9.7
v 3.8 7.5 -9.7
v 3.8 7.6 -9.7
v 3.8 7.7 -9.7
v 3.9 6.8 -9.7
v 3.9 6.9 -9.7
v 3.9 7 -9.7
v 3.9 7.4 -9.7
v 3.9 7.5 -9.7
v 3.9 7.6 -9.7
v 4 6.7 -9.7
v 4 6.8 -9.7
v 4 6.9 -9.7
v 4 7.3 -9.7
v 4 7.4 -9.7
v 4 7.5 -9.7
v 4.1 6.6 -9.7
v 4.1 6.7 -9.7
v 4.1 6.8 -9.7
v 4.1 7.2 -9.7
v 4.1 7.3 -9.7
v 4.1 7.4 -9.7
v 4.2 6.5 -9.7
v 4.2 6.6 -9.7
v 4.2 6.7 -9.7
v 4.2 7.1 -9.7
v 4.2 7.2 -9.7
v 4.2 7.3 -9.7
v 4.3 7 -9.7
v 4.3 7.1 -9.7
v 4.3 7.2 -9.7
v 4.4 6.5 -9.7
v 4.4 6.6 -9.7
v 4.4 6.7 -9.7
v 4.4 6.9 -9.7
v 4.4 7 -9.7
v 4.4 7.1 -9.7
v 4.5 6.6 -9.7
v 4.5 6.7 -9.7
v 4.5 6.9 -9.7
v 4.5 7 -9.7
v 4.6 6.7 -9.7
v 4.6 6.9 -9.7
v -6.7 7.8 -9.8
v -6.7 9 -9.8
v -6.7 13.8 -9.8
v -6.7 15.3 -9.8
v -6.4 6.9 -9.8
v -6.4 7.8 -9.8
v -6.4 9 -9.8
v -6.4 9.9 -9.8
v -6.4 12.9 -9.8
v -6.4 13.8 -9.8
v -6.1 6.3 -9.8
v -6.1 6.9 -9.8
v -6.1 9.9 -9.8
v -6.1 10.5 -9.8
v -6.1 12.3 -9.8
v -6.1 12.9 -9.8
v -5.8 5.7 -9.8
v -5.8 6.3 -9.8
v -5.8 10.5 -9.8
v -5.8 11.1 -9.8
v -5.8 11.7 -9.8
v -5.8 12.3 -9.8
v -5.5 5.1 -9.8
v -5.5 5.7 -9.8
v -5.4 6.4 -9.8
v -5.4 6.8 -9.8
v -5.3 6.3 -9.8
v -5.3 6.4 -9.8
v -5.3 6.8 -9.8
v -5.3 6.9 -9.8
v -5.2 6.2 -9.8
v -5.2 6.3 -9.8
v -5.2 6.5 -9.8
v -5.2 6.7 -9.8
v -5.2 6.9 -9.8
v -5.2 7 -9.8
v -5.1 6.4 -9.8
v -5.1 6.5 -9.8
v -5.1 6.7 -9.8
v -5.1 6.8 -9.8
v -4.9 6.4 -9.8
v -4.9 6.5 -9.8
v -4.9 6.7 -9.8
v -4.9 6.8 -9.8
v -4.9 7 -9.8
v -4.9 7.1 -9.8
v -4.8 6.2 -9.8
v -4.8 6.3 -9.8
v -4.8 6.5 -9.8
v -4.8 6.7 -9.8
v -4.8 7.1 -9.8
v -4.8 7.2 -9.8
v -4.7 6.3 -9.8
v -4.7 6.4 -9.8
v -4.7 7.2 -9.8
v -4.7 7.3 -9.8
v -4.6 6.4 -9.8
v -4.6 6.7 -9.8
v -4.6 7.3 -9.8
v -4.6 7.4 -9.8
v -4.5 6.7 -9.8
v -4.5 6.8 -9.8
v -4.5 7.4 -9.8
v -4.5 7.5 -9.8
v -4.4 6.8 -9.8
v -4.4 6.9 -9.8
v -4.4 7.5 -9.8
v -4.4 7.6 -9.8
v -4.3 6.9 -9.8
v -4.3 7 -9.8
v -4.3 7.6 -9.8
v -4.3 7.7 -9.8
v -4.2 7 -9.8
v -4.2 7.1 -9.8
v -4.2 7.7 -9.8
v -4.2 7.8 -9.8
v -4.1 7.1 -9.8
v -4.1 7.2 -9.8
v -4.1 7.8 -9.8
v -4.1 7.9 -9.8
v -4 7.2 -9.8
v -4 7.3 -9.8
v -4 7.9 -9.8
v -4 8 -9.8
v -3.9 7.3 -9.8
v -3.9 7.4 -9.8
v -3.9 8 -9.8
v -3.9 8.1 -9.8
v -3.8 7.4 -9.8
v -3.8 7.5 -9.8
v -3.8 8.1 -9.8
v -3.8 8.2 -9.8
v -3.7 7.5 -9.8
v -3.7 7.6 -9.8
v -3.7 8.2 -9.8
v -3.7 8.3 -9.8
v -3.6 7.6 -9.8
v -3.6 7.7 -9.8
v -3.6 8.3 -9.8
v -3.6 8.4 -9.8
v -3.5 7.7 -9.8
v -3.5 7.8 -9.8
v -3.5 8.4 -9.8
v -3.5 8.5 -9.8
v -3.4 7.8 -9.8
v -3.4 7.9 -9.8
v -3.4 8.5 -9.8
v -3.4 8.6 -9.8
v -3.3 7.9 -9.8
v -3.3 8 -9.8
v -3.3 8.6 -9.8
v -3.3 8.7 -9.8
v -3.2 8 -9.8
v -3.2 8.1 -9.8
v -3.2 8.7 -9.8
v -3.2 9.1 -9.8
v -3.1 8.1 -9.8
v -3.1 8.2 -9.8
v -3.1 9.1 -9.8
v -3.1 9.4 -9.8
v -3 8.2 -9.8
v -3 8.3 -9.8
v -3 9.4 -9.8
v -3 9.5 -9.8
v -2.9 8.3 -9.8
v -2.9 8.4 -9.8
v -2.9 9.5 -9.8
v -2.9 9.6 -9.8
v -2.8 9.6 -9.8
v -2.8 9.7 -9.8
v -2.7 9.1 -9.8
v -2.7 9.3 -9.8
v -2.6 9 -9.8
v -2.6 9.1 -9.8
v -2.6 9.3 -9.8
v -2.6 9.4 -9.8
v -2.5 8.9 -9.8
v -2.5 9 -9.8
v -2.5 9.4 -9.8
v -2.5 9.5 -9.8
v -2.4 8.9 -9.8
v -2.4 9 -9.8
v -2.4 9.5 -9.8
v -2.4 9.6 -9.8
v -2.3 9 -9.8
v -2.3 9.1 -9.8
v -2.3 9.6 -9.8
v -2.3 9.7 -9.8
v -2.2 8.6 -9.8
v -2.2 8.7 -9.8
v -2.2 9.1 -9.8
v -2.2 9.2 -9.8
v -2.1 8.4 -9.8
v -2.1 8.6 -9.8
v -2.1 8.7 -9.8
v -2.1 8.8 -9.8
v -2.1 9.2 -9.8
v -2.1 9.3 -9.8
v -2 8.8 -9.8
v -2 9 -9.8
v -2 9.3 -9.8
v -2 9.4 -9.8
v -1.9 9 -9.8
v -1.9 9.4 -9.8
v -1.6 5.1 -9.8
v -1.6 5.7 -9.8
v -1.6 10.5 -9.8
v -1.6 11.1 -9.8
v -1.6 11.7 -9.8
v -1.6 12.3 -9.8
v -1.3 5.7 -9.8
v -1.3 6.9 -9.8
v -1.3 9.3 -9.8
v -1.3 10.5 -9.8
v -1.3 12.3 -9.8
v -1.3 13.5 -9.8
v -1 6.9 -9.8
v -1 9.3 -9.8
v -1 13.5 -9.8
v -1 15.3 -9.8
v 0.599999 6.9 -9.8
v 0.599999 9.3 -9.8
v 0.599999 13.5 -9.8
v 0.599999 15.3 -9.8
v 0.9 5.7 -9.8
v 0.9 6.9 -9.8
v 0.9 9.3 -9.8
v 0.9 10.5 -9.8
v 0.9 12.3 -9.8
v 0.9 13.5 -9.8
v 1.2 5.1 -9.8
v 1.2 5.7 -9.8
v 1.2 10.5 -9.8
v 1.2 11.1 -9.8
v 1.2 11.7 -9.8
v 1.2 12.3 -9.8
v 1.3 8.5 -9.8
v 1.3 8.7 -9.8
v 1.4 8.4 -9.8
v 1.4 8.5 -9.8
v 1.4 8.7 -9.8
v 1.4 8.8 -9.8
v 1.5 8.3 -9.8
v 1.5 8.4 -9.8
v 1.5 8.8 -9.8
v 1.5 8.9 -9.8
v 1.6 8.2 -9.8
v 1.6 8.3 -9.8
v 1.6 8.9 -9.8
v 1.6 9 -9.8
v 1.7 8.1 -9.8
v 1.7 8.2 -9.8
v 1.7 9 -9.8
v 1.7 9.1 -9.8
v 1.8 8 -9.8
v 1.8 8.1 -9.8
v 1.8 9.1 -9.8
v 1.8 9.2 -9.8
v 1.9 9.2 -9.8
v 1.9 9.3 -9.8
v 2 8 -9.8
v 2 8.1 -9.8
v 2 9.3 -9.8
v 2 9.4 -9.8
v 2.1 8.1 -9.8
v 2.1 8.2 -9.8
v 2.1 9.4 -9.8
v 2.1 9.5 -9.8
v 2.2 8.2 -9.8
v 2.2 8.3 -9.8
v 2.2 9.5 -9.8
v 2.2 9.6 -9.8
v 2.3 8.3 -9.8
v 2.3 8.4 -9.8
v 2.3 9.6 -9.8
v 2.3 9.7 -9.8
v 2.4 8.3 -9.8
v 2.4 8.4 -9.8
v 2.4 9.7 -9.8
v 2.4 9.8 -9.8
v 2.5 8.2 -9.8
v 2.5 8.3 -9.8
v 2.6 8.1 -9.8
v 2.6 8.2 -9.8
v 2.6 9.7 -9.8
v 2.6 9.8 -9.8
v 2.7 8 -9.8
v 2.7 8.1 -9.8
v 2.7 8.7 -9.8
v 2.7 8.8 -9.8
v 2.7 9.2 -9.8
v 2.7 9.3 -9.8
v 2.7 9.6 -9.8
v 2.7 9.7 -9.8
v 2.8 7.9 -9.8
v 2.8 8 -9.8
v 2.8 8.6 -9.8
v 2.8 8.7 -9.8
v 2.8 8.8 -9.8
v 2.8 8.9 -9.8
v 2.8 9.2 -9.8
v 2.8 9.3 -9.8
v 2.8 9.5 -9.8
v 2.8 9.6 -9.8
v 2.9 7.8 -9.8
v 2.9 7.9 -9.8
v 2.9 8.5 -9.8
v 2.9 8.6 -9.8
v 2.9 8.9 -9.8
v 2.9 9 -9.8
v 2.9 9.4 -9.8
v 2.9 9.5 -9.8
v 3 7.7 -9.8
v 3 7.8 -9.8
v 3 8.4 -9.8
v 3 8.5 -9.8
v 3 9 -9.8
v 3 9.1 -9.8
v 3 9.3 -9.8
v 3 9.4 -9.8
v 3.1 7.6 -9.8
v 3.1 7.7 -9.8
v 3.1 8.3 -9.8
v 3.1 8.4 -9.8
v 3.1 9.1 -9.8
v 3.1 9.3 -9.8
v 3.2 7.5 -9.8
v 3.2 7.6 -9.8
v 3.2 8.2 -9.8
v 3.2 8.3 -9.8
v 3.3 7.4 -9.8
v 3.3 7.5 -9.8
v 3.3 8.1 -9.8
v 3.3 8.2 -9.8
v 3.4 7.3 -9.8
v 3.4 7.4 -9.8
v 3.4 8 -9.8
v 3.4 8.1 -9.8
v 3.5 7.2 -9.8
v 3.5 7.3 -9.8
v 3.5 7.9 -9.8
v 3.5 8 -9.8
v 3.6 7.1 -9.8
v 3.6 7.2 -9.8
v 3.6 7.8 -9.8
v 3.6 7.9 -9.8
v 3.7 7 -9.8
v 3.7 7.1 -9.8
v 3.7 7.7 -9.8
v 3.7 7.8 -9.8
v 3.8 6.9 -9.8
v 3.8 7 -9.8
v 3.8 7.6 -9.8
v 3.8 7.7 -9.8
v 3.9 6.8 -9.8
v 3.9 6.9 -9.8
v 3.9 7.5 -9.8
v 3.9 7.6 -9.8
v 4 6.7 -9.8
v 4 6.8 -9.8
v 4 7.4 -9.8
v 4 7.5 -9.8
v 4.1 6.6 -9.8
v 4.1 6.7 -9.8
v 4.1 7.3 -9.8
v 4.1 7.4 -9.8
v 4.2 6.5 -9.8
v 4.2 6.6 -9.8
v 4.2 7.2 -9.8
v 4.2 7.3 -9.8
v 4.3 7.1 -9.8
v 4.3 7.2 -9.8
v 4.4 6.5 -9.8
v 4.4 6.6 -9.8
v 4.4 7 -9.8
v 4.4 7.1 -9.8
v 4.5 6.6 -9.8
v 4.5 6.7 -9.8
v 4.5 6.9 -9.8
v 4.5 7 -9.8
v 4.6 6.7 -9.8
v 4.6 6.9 -9.8
v 5.5 5.1 -9.8
v 5.5 5.7 -9.8
v 5.8 5.7 -9.8
v 5.8 6.3 -9.8
v 5.8 10.5 -9.8
v 5.8 11.1 -9.8
v 5.8 11.7 -9.8
v 5.8 12.3 -9.8
v 6.1 6.3 -9.8
v 6.1 6.9 -9.8
v 6.1 9.9 -9.8
v 6.1 10.5 -9.8
v 6.1 12.3 -9.8
v 6.1 12.9 -9.8
v 6.4 6.9 -9.8
v 6.4 7.8 -9.8
v 6.4 9 -9.8
v 6.4 9.9 -9.8
v 6.4 12.9 -9.8
v 6.4 13.8 -9.8
v 6.7 7.8 -9.8
v 6.7 9 -9.8
v 6.7 13.8 -9.8
v 6.7 15.3 -9.8
v -6.7 7.8 7.8
v -6.7 9 7.8
v -6.7 13.8 7.8
v -6.7 15.3 7.8
v -6.4 6.9 7.8
v -6.4 7.8 7.8
v -6.4 9 7.8
v -6.4 9.9 7.8
v -6.4 12.9 7.8
v -6.4 13.8 7.8
v -6.1 6.3 7.8
v -6.1 6.9 7.8
v -6.1 9.9 7.8
v -6.1 10.5 7.8
v -6.1 12.3 7.8
v -6.1 12.9 7.8
v -5.8 5.7 7.8
v -5.8 6.3 7.8
v -5.8 10.5 7.8
v -5.8 11.1 7.8
v -5.8 11.7 7.8
v -5.8 12.3 7.8
v -5.5 5.1 7.8
v -5.5 5.7 7.8
v -5.4 6.4 7.8
v -5.4 6.8 7.8
v -5.3 6.3 7.8
v -5.3 6.4 7.8
v -5.3 6.8 7.8
v -5.3 6.9 7.8
v -5.2 6.2 7.8
v -5.2 6.3 7.8
v -5.2 6.5 7.8
v -5.2 6.7 7.8
v -5.2 6.9 7.8
v -5.2 7 7.8
v -5.1 6.4 7.8
v -5.1 6.5 7.8
v -5.1 6.7 7.8
v -5.1 6.8 7.8
v -4.9 6.4 7.8
v -4.9 6.5 7.8
v -4.9 6.7 7.8
v -4.9 6.8 7.8
v -4.9 7 7.8
v -4.9 7.1 7.8
v -4.8 6.2 7.8
v -4.8 6.3 7.8
v -4.8 6.5 7.8
v -4.8 6.7 7.8
v -4.8 7.1 7.8
v -4.8 7.2 7.8
v -4.7 6.3 7.8
v -4.7 6.4 7.8
v -4.7 7.2 7.8
v -4.7 7.3 7.8
v -4.6 6.4 7.8
v -4.6 6.7 7.8
v -4.6 7.3 7.8
v -4.6 7.4 7.8
v -4.5 6.7 7.8
v -4.5 6.8 7.8
v -4.5 7.4 7.8
v -4.5 7.5 7.8
v -4.4 6.8 7.8
v -4.4 6.9 7.8
v -4.4 7.5 7.8
v -4.4 7.6 7.8
v -4.3 6.9 7.8
v -4.3 7 7.8
v -4.3 7.6 7.8
v -4.3 7.7 7.8
v -4.2 7 7.8
v -4.2 7.1 7.8
v -4.2 7.7 7.8
v -4.2 7.8 7.8
v -4.1 7.1 7.8
v -4.1 7.2 7.8
v -4.1 7.8 7.8
v -4.1 7.9 7.8
v -4 7.2 7.8
v -4 7.3 7.8
v -4 7.9 7.8
v -4 8 7.8
v -3.9 7.3 7.8
v -3.9 7.4 7.8
v -3.9 8 7.8
v -3.9 8.1 7.8
v -3.8 7.4 7.8
v -3.8 7.5 7.8
v -3.8 8.1 7.8
v -3.8 8.2 7.8
v -3.7 7.5 7.8
v -3.7 7.6 7.8
v -3.7 8.2 7.8
v -3.7 8.3 7.8
v -3.6 7.6 7.8
v -3.6 7.7 7.8
v -3.6 8.3 7.8
v -3.6 8.4 7.8
v -3.5 7.7 7.8
v -3.5 7.8 7.8
v -3.5 8.4 7.8
v -3.5 8.5 7.8
v -3.4 7.8 7.8
v -3.4 7.9 7.8
v -3.4 8.5 7.8
v -3.4 8.6 7.8
v -3.3 7.9 7.8
v -3.3 8 7.8
v -3.3 8.6 7.8
v -3.3 8.7 7.8
v -3.2 8 7.8
v -3.2 8.1 7.8
v -3.2 8.7 7.8
v -3.2 9.1 7.8
v -3.1 8.1 7.8
v -3.1 8.2 7.8
v -3.1 9.1 7.8
v -3.1 9.4 7.8
v -3 8.2 7.8
v -3 8.3 7.8
v -3 9.4 7.8
v -3 9.5 7.8
v -2.9 8.3 7.8
v -2.9 8.4 7.8
v -2.9 9.5 7.8
v -2.9 9.6 7.8
v -2.8 9.6 7.8
v -2.8 9.7 7.8
v -2.7 9.1 7.8
v -2.7 9.3 7.8
v -2.6 9 7.8
v -2.6 9.1 7.8
v -2.6 9.3 7.8
v -2.6 9.4 7.8
v -2.5 8.9 7.8
v -2.5 9 7.8
v -2.5 9.4 7.8
v -2.5 9.5 7.8
v -2.4 8.9 7.8
v -2.4 9 7.8
v -2.4 9.5 7.8
v -2.4 9.6 7.8
v -2.3 9 7.8
v -2.3 9.1 7.8
v -2.3 9.6 7.8
v -2.3 9.7 7.8
v -2.2 8.6 7.8
v -2.2 8.7 7.8
v -2.2 9.1 7.8
v -2.2 9.2 7.8
v -2.1 8.4 7.8
v -2.1 8.6 7.8
v -2.1 8.7 7.8
v -2.1 8.8 7.8
v -2.1 9.2 7.8
v -2.1 9.3 7.8
v -2 8.8 7.8
v -2 9 7.8
v -2 9.3 7.8
v -2 9.4 7.8
v -1.9 9 7.8
v -1.9 9.4 7.8
v -1.6 5.1 7.8
v -1.6 5.7 7.8
v -1.6 10.5 7.8
v -1.6 11.1 7.8
v -1.6 11.7 7.8
v -1.6 12.3 7.8
v -1.3 5.7 7.8
v -1.3 6.9 7.8
v -1.3 9.3 7.8
v -1.3 10.5 7.8
v -1.3 12.3 7.8
v -1.3 13.5 7.8
v -1 6.9 7.8
v -1 9.3 7.8
v -1 13.5 7.8
v -1 15.3 7.8
v 0.599999 6.9 7.8
v 0.599999 9.3 7.8
v 0.599999 13.5 7.8
v 0.599999 15.3 7.8
v 0.9 5.7 7.8
v 0.9 6.9 7.8
v 0.9 9.3 7.8
v 0.9 10.5 7.8
v 0.9 12.3 7.8
v 0.9 13.5 7.8
v 1.2 5.1 7.8
v 1.2 5.7 7.8
v 1.2 10.5 7.8
v 1.2 11.1 7.8
v 1.2 11.7 7.8
v 1.2 12.3 7.8
v 1.3 8.5 7.8
v 1.3 8.7 7.8
v 1.4 8.4 7.8
v 1.4 8.5 7.8
v 1.4 8.7 7.8
v 1.4 8.8 7.8
v 1.5 8.3 7.8
v 1.5 8.4 7.8
v 1.5 8.8 7.8
v 1.5 8.9 7.8
v 1.6 8.2 7.8
v 1.6 8.3 7.8
v 1.6 8.9 7.8
v 1.6 9 7.8
v 1.7 8.1 7.8
v 1.7 8.2 7.8
v 1.7 9 7.8
v 1.7 9.1 7.8
v 1.8 8 7.8
v 1.8 8.1 7.8
v 1.8 9.1 7.8
v 1.8 9.2 7.8
v 1.9 9.2 7.8
v 1.9 9.3 7.8
v 2 8 7.8
v 2 8.1 7.8
v 2 9.3 7.8
v 2 9.4 7.8
v 2.1 8.1 7.8
v 2.1 8.2 7.8
v 2.1 9.4 7.8
v 2.1 9.5 7.8
v 2.2 8.2 7.8
v 2.2 8.3 7.8
v 2.2 9.5 7.8
v 2.2 9.6 7.8
v 2.3 8.3 7.8
v 2.3 8.4 7.8
v 2.3 9.6 7.8
v 2.3 9.7 7.8
v 2.4 8.3 7.8
v 2.4 8.4 7.8
v 2.4 9.7 7.8
v 2.4 9.8 7.8
v 2.5 8.2 7.8
v 2.5 8.3 7.8
v 2.6 8.1 7.8
v 2.6 8.2 7.8
v 2.6 9.7 7.8
v 2.6 9.8 7.8
v 2.7 8 7.8
v 2.7 8.1 7.8
v 2.7 8.7 7.8
v 2.7 8.8 7.8
v 2.7 9.2 7.8
v 2.7 9.3 7.8
v 2.7 9.6 7.8
v 2.7 9.7 7.8
v 2.8 7.9 7.8
v 2.8 8 7.8
v 2.8 8.6 7.8
v 2.8 8.7 7.8
v 2.8 8.8 7.8
v 2.8 8.9 7.8
v 2.8 9.2 7.8
v 2.8 9.3 7.8
v 2.8 9.5 7.8
v 2.8 9.6 7.8
v 2.9 7.8 7.8
v 2.9 7.9 7.8
v 2.9 8.5 7.8
v 2.9 8.6 7.8
v 2.9 8.9 7.8
v 2.9 9 7.8
v 2.9 9.4 7.8
v 2.9 9.5 7.8
v 3 7.7 7.8
v 3 7.8 7.8
v 3 8.4 7.8
v 3 8.5 7.8
v 3 9 7.8
v 3 9.1 7.8
v 3 9.3 7.8
v 3 9.4 7.8
v 3.1 7.6 7.8
v 3.1 7.7 7.8
v 3.1 8.3 7.8
v 3.1 8.4 7.8
v 3.1 9.1 7.8
v 3.1 9.3 7.8
v 3.2 7.5 7.8
v 3.2 7.6 7.8
v 3.2 8.2 7.8
v 3.2 8.3 7.8
v 3.3 7.4 7.8
v 3.3 7.5 7.8
v 3.3 8.1 7.8
v 3.3 8.2 7.8
v 3.4 7.3 7.8
v 3.4 7.4 7.8
v 3.4 8 7.8
v 3.4 8.1 7.8
v 3.5 7.2 7.8
v 3.5 7.3 7.8
v 3.5 7.9 7.8
v 3.5 8 7.8
v 3.6 7.1 7.8
v 3.6 7.2 7.8
v 3.6 7.8 7.8
v 3.6 7.9 7.8
v 3.7 7 7.8
v 3.7 7.1 7.8
v 3.7 7.7 7.8
v 3.7 7.8 7.8
v 3.8 6.9 7.8
v 3.8 7 7.8
v 3.8 7.6 7.8
v 3.8 7.7 7.8
v 3.9 6.8 7.8
v 3.9 6.9 7.8
v 3.9 7.5 7.8
v 3.9 7.6 7.8
v 4 6.7 7.8
v 4 6.8 7.8
v 4 7.4 7.8
v 4 7.5 7.8
v 4.1 6.6 7.8
v 4.1 6.7 7.8
v 4.1 7.3 7.8
v 4.1 7.4 7.8
v 4.2 6.5 7.8
v 4.2 6.6 7.8
v 4.2 7.2 7.8
v 4.2 7.3 7.8
v 4.3 7.1 7.8
v 4.3 7.2 7.8
v 4.4 6.5 7.8
v 4.4 6.6 7.8
v 4.4 7 7.8
v 4.4 7.1 7.8
v 4.5 6.6 7.8
v 4.5 6.7 7.8
v 4.5 6.9 7.8
v 4.5 7 7.8
v 4.6 6.7 7.8
v 4.6 6.9 7.8
v 5.5 5.1 7.8
v 5.5 5.7 7.8
v 5.8 5.7 7.8
v 5.8 6.3 7.8
v 5.8 10.5 7.8
v 5.8 11.1 7.8
v 5.8 11.7 7.8
v 5.8 12.3 7.8
v 6.1 6.3 7.8
v 6.1 6.9 7.8
v 6.1 9.9 7.8
v 6.1 10.5 7.8
v 6.1 12.3 7.8
v 6.1 12.9 7.8
v 6.4 6.9 7.8
v 6.4 7.8 7.8
v 6.4 9 7.8
v 6.4 9.9 7.8
v 6.4 12.9 7.8
v 6.4 13.8 7.8
v 6.7 7.8 7.8
v 6.7 9 7.8
v 6.7 13.8 7.8
v 6.7 15.3 7.8
v -5.4 6.4 7.7
v -5.4 6.8 7.7
v -5.3 6.3 7.7
v -5.3 6.4 7.7
v -5.3 6.8 7.7
v -5.3 6.9 7.7
v -5.2 6.2 7.7
v -5.2 6.3 7.7
v -5.2 6.4 7.7
v -5.2 6.5 7.7
v -5.2 6.7 7.7
v -5.2 6.8 7.7
v -5.2 6.9 7.7
v -5.2 7 7.7
v -5.1 6.4 7.7
v -5.1 6.5 7.7
v -5.1 6.7 7.7
v -5.1 6.8 7.7
v -4.9 6.4 7.7
v -4.9 6.5 7.7
v -4.9 6.7 7.7
v -4.9 6.8 7.7
v -4.9 6.9 7.7
v -4.9 7 7.7
v -4.9 7.1 7.7
v -4.8 6.2 7.7
v -4.8 6.3 7.7
v -4.8 6.4 7.7
v -4.8 6.5 7.7
v -4.8 6.7 7.7
v -4.8 7 7.7
v -4.8 7.1 7.7
v -4.8 7.2 7.7
v -4.7 6.3 7.7
v -4.7 6.4 7.7
v -4.7 6.7 7.7
v -4.7 7.1 7.7
v -4.7 7.2 7.7
v -4.7 7.3 7.7
v -4.6 6.4 7.7
v -4.6 6.7 7.7
v -4.6 6.8 7.7
v -4.6 7.2 7.7
v -4.6 7.3 7.7
v -4.6 7.4 7.7
v -4.5 6.7 7.7
v -4.5 6.8 7.7
v -4.5 6.9 7.7
v -4.5 7.3 7.7
v -4.5 7.4 7.7
v -4.5 7.5 7.7
v -4.4 6.8 7.7
v -4.4 6.9 7.7
v -4.4 7 7.7
v -4.4 7.4 7.7
v -4.4 7.5 7.7
v -4.4 7.6 7.7
v -4.3 6.9 7.7
v -4.3 7 7.7
v -4.3 7.1 7.7
v -4.3 7.5 7.7
v -4.3 7.6 7.7
v -4.3 7.7 7.7
v -4.2 7 7.7
v -4.2 7.1 7.7
v -4.2 7.2 7.7
v -4.2 7.6 7.7
v -4.2 7.7 7.7
v -4.2 7.8 7.7
v -4.1 7.1 7.7
v -4.1 7.2 7.7
v -4.1 7.3 7.7
v -4.1 7.7 7.7
v -4.1 7.8 7.7
v -4.1 7.9 7.7
v -4 7.2 7.7
v -4 7.3 7.7
v -4 7.4 7.7
v -4 7.8 7.7
v -4 7.9 7.7
v -4 8 7.7
v -3.9 7.3 7.7
v -3.9 7.4 7.7
v -3.9 7.5 7.7
v -3.9 7.9 7.7
v -3.9 8 7.7
v -3.9 8.1 7.7
v -3.8 7.4 7.7
v -3.8 7.5 7.7
v -3.8 7.6 7.7
v -3.8 8 7.7
v -3.8 8.1 7.7
v -3.8 8.2 7.7
v -3.7 7.5 7.7
v -3.7 7.6 7.7
v -3.7 7.7 7.7
v -3.7 8.1 7.7
v -3.7 8.2 7.7
v -3.7 8.3 7.7
v -3.6 7.6 7.7
v -3.6 7.7 7.7
v -3.6 7.8 7.7
v -3.6 8.2 7.7
v -3.6 8.3 7.7
v -3.6 8.4 7.7
v -3.5 7.7 7.7
v -3.5 7.8 7.7
v -3.5 7.9 7.7
v -3.5 8.3 7.7
v -3.5 8.4 7.7
v -3.5 8.5 7.7
v -3.4 7.8 7.7
v -3.4 7.9 7.7
v -3.4 8 7.7
v -3.4 8.4 7.7
v -3.4 8.5 7.7
v -3.4 8.6 7.7
v -3.3 7.9 7.7
v -3.3 8 7.7
v -3.3 8.1 7.7
v -3.3 8.5 7.7
v -3.3 8.6 7.7
v -3.3 8.7 7.7
v -3.2 8 7.7
v -3.2 8.1 7.7
v -3.2 8.2 7.7
v -3.2 8.6 7.7
v -3.2 8.7 7.7
v -3.2 9.1 7.7
v -3.1 8.1 7.7
v -3.1 8.2 7.7
v -3.1 8.3 7.7
v -3.1 8.7 7.7
v -3.1 9.1 7.7
v -3.1 9.4 7.7
v -3 8.2 7.7
v -3 8.3 7.7
v -3 8.4 7.7
v -3 8.8 7.7
v -3 8.9 7.7
v -3 9.1 7.7
v -3 9.4 7.7
v -3 9.5 7.7
v -2.9 8.3 7.7
v -2.9 8.4 7.7
v -2.9 8.5 7.7
v -2.9 8.7 7.7
v -2.9 8.8 7.7
v -2.9 8.9 7.7
v -2.9 9 7.7
v -2.9 9.4 7.7
v -2.9 9.5 7.7
v -2.9 9.6 7.7
v -2.8 8.6 7.7
v -2.8 8.7 7.7
v -2.8 8.8 7.7
v -2.8 8.9 7.7
v -2.8 9 7.7
v -2.8 9.1 7.7
v -2.8 9.3 7.7
v -2.8 9.5 7.7
v -2.8 9.6 7.7
v -2.8 9.7 7.7
v -2.7 8.6 7.7
v -2.7 8.7 7.7
v -2.7 8.8 7.7
v -2.7 8.9 7.7
v -2.7 9 7.7
v -2.7 9.1 7.7
v -2.7 9.3 7.7
v -2.7 9.4 7.7
v -2.6 8.7 7.7
v -2.6 8.8 7.7
v -2.6 8.9 7.7
v -2.6 9 7.7
v -2.6 9.1 7.7
v -2.6 9.3 7.7
v -2.6 9.4 7.7
v -2.6 9.5 7.7
v -2.5 8.8 7.7
v -2.5 8.9 7.7
v -2.5 9 7.7
v -2.5 9.4 7.7
v -2.5 9.5 7.7
v -2.5 9.6 7.7
v -2.4 8.7 7.7
v -2.4 8.8 7.7
v -2.4 8.9 7.7
v -2.4 9 7.7
v -2.4 9.5 7.7
v -2.4 9.6 7.7
v -2.3 8.6 7.7
v -2.3 8.7 7.7
v -2.3 8.8 7.7
v -2.3 8.9 7.7
v -2.3 9 7.7
v -2.3 9.1 7.7
v -2.3 9.6 7.7
v -2.3 9.7 7.7
v -2.2 8.5 7.7
v -2.2 8.6 7.7
v -2.2 8.7 7.7
v -2.2 8.8 7.7
v -2.2 9 7.7
v -2.2 9.1 7.7
v -2.2 9.2 7.7
v -2.1 8.4 7.7
v -2.1 8.6 7.7
v -2.1 8.7 7.7
v -2.1 8.8 7.7
v -2.1 9 7.7
v -2.1 9.1 7.7
v -2.1 9.2 7.7
v -2.1 9.3 7.7
v -2 8.8 7.7
v -2 9 7.7
v -2 9.2 7.7
v -2 9.3 7.7
v -2 9.4 7.7
v -1.9 9 7.7
v -1.9 9.4 7.7
v 1.3 8.5 7.7
v 1.3 8.7 7.7
v 1.4 8.4 7.7
v 1.4 8.5 7.7
v 1.4 8.7 7.7
v 1.4 8.8 7.7
v 1.5 8.3 7.7
v 1.5 8.4 7.7
v 1.5 8.5 7.7
v 1.5 8.7 7.7
v 1.5 8.8 7.7
v 1.5 8.9 7.7
v 1.6 8.2 7.7
v 1.6 8.3 7.7
v 1.6 8.4 7.7
v 1.6 8.5 7.7
v 1.6 8.6 7.7
v 1.6 8.8 7.7
v 1.6 8.9 7.7
v 1.6 9 7.7
v 1.7 8.1 7.7
v 1.7 8.2 7.7
v 1.7 8.3 7.7
v 1.7 8.4 7.7
v 1.7 8.5 7.7
v 1.7 8.6 7.7
v 1.7 8.9 7.7
v 1.7 9 7.7
v 1.7 9.1 7.7
v 1.8 8 7.7
v 1.8 8.1 7.7
v 1.8 8.2 7.7
v 1.8 8.3 7.7
v 1.8 8.4 7.7
v 1.8 8.5 7.7
v 1.8 9 7.7
v 1.8 9.1 7.7
v 1.8 9.2 7.7
v 1.9 8.3 7.7
v 1.9 8.4 7.7
v 1.9 9.1 7.7
v 1.9 9.2 7.7
v 1.9 9.3 7.7
v 2 8 7.7
v 2 8.1 7.7
v 2 8.2 7.7
v 2 9.2 7.7
v 2 9.3 7.7
v 2 9.4 7.7
v 2.1 8.1 7.7
v 2.1 8.2 7.7
v 2.1 8.3 7.7
v 2.1 9.3 7.7
v 2.1 9.4 7.7
v 2.1 9.5 7.7
v 2.2 8.2 7.7
v 2.2 8.3 7.7
v 2.2 8.4 7.7
v 2.2 9.4 7.7
v 2.2 9.5 7.7
v 2.2 9.6 7.7
v 2.3 8.3 7.7
v 2.3 8.4 7.7
v 2.3 8.5 7.7
v 2.3 9.5 7.7
v 2.3 9.6 7.7
v 2.3 9.7 7.7
v 2.4 8.3 7.7
v 2.4 8.4 7.7
v 2.4 9.6 7.7
v 2.4 9.7 7.7
v 2.4 9.8 7.7
v 2.5 8.2 7.7
v 2.5 8.3 7.7
v 2.5 8.5 7.7
v 2.5 8.6 7.7
v 2.5 9.4 7.7
v 2.5 9.5 7.7
v 2.6 8.1 7.7
v 2.6 8.2 7.7
v 2.6 8.5 7.7
v 2.6 8.6 7.7
v 2.6 8.8 7.7
v 2.6 9.3 7.7
v 2.6 9.4 7.7
v 2.6 9.5 7.7
v 2.6 9.6 7.7
v 2.6 9.7 7.7
v 2.6 9.8 7.7
v 2.7 8 7.7
v 2.7 8.1 7.7
v 2.7 8.3 7.7
v 2.7 8.4 7.7
v 2.7 8.7 7.7
v 2.7 8.8 7.7
v 2.7 8.9 7.7
v 2.7 9.2 7.7
v 2.7 9.3 7.7
v 2.7 9.4 7.7
v 2.7 9.5 7.7
v 2.7 9.6 7.7
v 2.7 9.7 7.7
v 2.8 7.9 7.7
v 2.8 8 7.7
v 2.8 8.1 7.7
v 2.8 8.3 7.7
v 2.8 8.4 7.7
v 2.8 8.6 7.7
v 2.8 8.7 7.7
v 2.8 8.8 7.7
v 2.8 8.9 7.7
v 2.8 9 7.7
v 2.8 9.2 7.7
v 2.8 9.3 7.7
v 2.8 9.4 7.7
v 2.8 9.5 7.7
v 2.8 9.6 7.7
v 2.9 7.8 7.7
v 2.9 7.9 7.7
v 2.9 8 7.7
v 2.9 8.5 7.7
v 2.9 8.6 7.7
v 2.9 8.9 7.7
v 2.9 9 7.7
v 2.9 9.1 7.7
v 2.9 9.3 7.7
v 2.9 9.4 7.7
v 2.9 9.5 7.7
v 3 7.7 7.7
v 3 7.8 7.7
v 3 7.9 7.7
v 3 8.3 7.7
v 3 8.4 7.7
v 3 8.5 7.7
v 3 9 7.7
v 3 9.1 7.7
v 3 9.3 7.7
v 3 9.4 7.7
v 3.1 7.6 7.7
v 3.1 7.7 7.7
v 3.1 7.8 7.7
v 3.1 8.2 7.7
v 3.1 8.3 7.7
v 3.1 8.4 7.7
v 3.1 9.1 7.7
v 3.1 9.3 7.7
v 3.2 7.5 7.7
v 3.2 7.6 7.7
v 3.2 7.7 7.7
v 3.2 8.1 7.7
v 3.2 8.2 7.7
v 3.2 8.3 7.7
v 3.3 7.4 7.7
v 3.3 7.5 7.7
v 3.3 7.6 7.7
v 3.3 8 7.7
v 3.3 8.1 7.7
v 3.3 8.2 7.7
v 3.4 7.3 7.7
v 3.4 7.4 7.7
v 3.4 7.5 7.7
v 3.4 7.9 7.7
v 3.4 8 7.7
v 3.4 8.1 7.7
v 3.5 7.2 7.7
v 3.5 7.3 7.7
v 3.5 7.4 7.7
v 3.5 7.8 7.7
v 3.5 7.9 7.7
v 3.5 8 7.7
v 3.6 7.1 7.7
v 3.6 7.2 7.7
v 3.6 7.3 7.7
v 3.6 7.7 7.7
v 3.6 7.8 7.7
v 3.6 7.9 7.7
v 3.7 7 7.7
v 3.7 7.1 7.7
v 3.7 7.2 7.7
v 3.7 7.6 7.7
v 3.7 7.7 7.7
v 3.7 7.8 7.7
v 3.8 6.9 7.7
v 3.8 7 7.7
v 3.8 7.1 7.7
v 3.8 7.5 7.7
v 3.8 7.6 7.7
v 3.8 7.7 7.7
v 3.9 6.8 7.7
v 3.9 6.9 7.7
v 3.9 7 7.7
v 3.9 7.4 7.7
v 3.9 7.5 7.7
v 3.9 7.6 7.7
v 4 6.7 7.7
v 4 6.8 7.7
v 4 6.9 7.7
v 4 7.3 7.7
v 4 7.4 7.7
v 4 7.5 7.7
v 4.1 6.6 7.7
v 4.1 6.7 7.7
v 4.1 6.8 7.7
v 4.1 7.2 7.7
v 4.1 7.3 7.7
v 4.1 7.4 7.7
v 4.2 6.5 7.7
v 4.2 6.6 7.7
v 4.2 6.7 7.7
v 4.2 7.1 7.7
v 4.2 7.2 7.7
v 4.2 7.3 7.7
v 4.3 7 7.7
v 4.3 7.1 7.7
v 4.3 7.2 7.7
v 4.4 6.5 7.7
v 4.4 6.6 7.7
v 4.4 6.7 7.7
v 4.4 6.9 7.7
v 4.4 7 7.7
v 4.4 7.1 7.7
v 4.5 6.6 7.7
v 4.5 6.7 7.7
v 4.5 6.9 7.7
v 4.5 7 7.7
v 4.6 6.7 7.7
v 4.6 6.9 7.7
v -5.5 11.3 7.6
v -5.5 11.5 7.6
v -5.2 4.7 7.6
v -5.2 4.9 7.6
v -3.8 5.1 7.6
v -3.8 5.2 7.6
v -3.8 11.7 7.6
v -3.8 11.8 7.6
v -3.4 5.1 7.6
v -3.4 5.2 7.6
v -3.4 11.7 7.6
v -3.4 11.8 7.6
v -1.9 4.7 7.6
v -1.9 4.9 7.6
v -1.9 11.3 7.6
v -1.9 11.5 7.6
v -0.3 5.9 7.6
v -0.3 15.3 7.6
v -0.1 5.9 7.6
v -0.1 15.3 7.6
v 1.5 4.7 7.6
v 1.5 4.9 7.6
v 1.5 11.3 7.6
v 1.5 11.5 7.6
v 3.3 5.1 7.6
v 3.3 5.2 7.6
v 3.3 11.7 7.6
v 3.3 11.8 7.6
v 3.7 5.1 7.6
v 3.7 5.2 7.6
v 3.7 11.7 7.6
v 3.7 11.8 7.6
v 5.2 4.7 7.6
v 5.2 4.9 7.6
v 5.5 11.3 7.6
v 5.5 11.5 7.6
v -7 7.8 7.5
v -7 15.3 7.5
v -6.7 6.6 7.5
v -6.7 7.8 7.5
v -6.7 9 7.5
v -6.7 13.8 7.5
v -6.7 15.3 7.5
v -6.4 5.7 7.5
v -6.4 6.6 7.5
v -6.4 6.9 7.5
v -6.4 7.8 7.5
v -6.4 9 7.5
v -6.4 9.9 7.5
v -6.4 12.9 7.5
v -6.4 13.8 7.5
v -6.1 5.1 7.5
v -6.1 5.7 7.5
v -6.1 6.3 7.5
v -6.1 6.9 7.5
v -6.1 9.9 7.5
v -6.1 10.5 7.5
v -6.1 12.3 7.5
v -6.1 12.9 7.5
v -5.8 4.5 7.5
v -5.8 5.1 7.5
v -5.8 5.7 7.5
v -5.8 6.3 7.5
v -5.8 10.5 7.5
v -5.8 11.1 7.5
v -5.8 11.7 7.5
v -5.8 12.3 7.5
v -5.5 4.2 7.5
v -5.5 4.5 7.5
v -5.5 5.1 7.5
v -5.5 5.7 7.5
v -5.5 11.3 7.5
v -5.5 11.5 7.5
v -5.2 4.7 7.5
v -5.2 4.9 7.5
v -1.9 4.7 7.5
v -1.9 4.9 7.5
v -1.9 11.3 7.5
v -1.9 11.5 7.5
v -1.6 4.2 7.5
v -1.6 4.5 7.5
v -1.6 5.1 7.5
v -1.6 5.7 7.5
v -1.6 10.5 7.5
v -1.6 11.1 7.5
v -1.6 11.7 7.5
v -1.6 12.3 7.5
v -1.3 4.5 7.5
v -1.3 5.1 7.5
v -1.3 5.7 7.5
v -1.3 6.9 7.5
v -1.3 9.3 7.5
v -1.3 10.5 7.5
v -1.3 12.3 7.5
v -1.3 13.5 7.5
v -1 5.1 7.5
v -1 6 7.5
v -1 6.9 7.5
v -1 9.3 7.5
v -1 13.5 7.5
v -1 15.3 7.5
v -0.3 6 7.5
v -0.3 15.3 7.5
v -0.1 6 7.5
v -0.1 15.3 7.5
v 0.599999 5.1 7.5
v 0.599999 6 7.5
v 0.599999 6.9 7.5
v 0.599999 9.3 7.5
v 0.599999 13.5 7.5
v 0.599999 15.3 7.5
v 0.9 4.5 7.5
v 0.9 5.1 7.5
v 0.9 5.7 7.5
v 0.9 6.9 7.5
v 0.9 9.3 7.5
v 0.9 10.5 7.5
v 0.9 12.3 7.5
v 0.9 13.5 7.5
v 1.2 4.2 7.5
v 1.2 4.5 7.5
v 1.2 5.1 7.5
v 1.2 5.7 7.5
v 1.2 10.5 7.5
v 1.2 11.1 7.5
v 1.2 11.7 7.5
v 1.2 12.3 7.5
v 1.5 4.7 7.5
v 1.5 4.9 7.5
v 1.5 11.3 7.5
v 1.5 11.5 7.5
v 5.2 4.7 7.5
v 5.2 4.9 7.5
v 5.5 4.2 7.5
v 5.5 4.5 7.5
v 5.5 5.1 7.5
v 5.5 5.7 7.5
v 5.5 11.3 7.5
v 5.5 11.5 7.5
v 5.8 4.5 7.5
v 5.8 5.1 7.5
v 5.8 5.7 7.5
v 5.8 6.3 7.5
v 5.8 10.5 7.5
v 5.8 11.1 7.5
v 5.8 11.7 7.5
v 5.8 12.3 7.5
v 6.1 5.1 7.5
v 6.1 5.7 7.5
v 6.1 6.3 7.5
v 6.1 6.9 7.5
v 6.1 9.9 7.5
v 6.1 10.5 7.5
v 6.1 12.3 7.5
v 6.1 12.9 7.5
v 6.4 5.7 7.5
v 6.4 6.6 7.5
v 6.4 6.9 7.5
v 6.4 7.8 7.5
v 6.4 9 7.5
v 6.4 9.9 7.5
v 6.4 12.9 7.5
v 6.4 13.8 7.5
v 6.7 6.6 7.5
v 6.7 7.8 7.5
v 6.7 9 7.5
v 6.7 13.8 7.5
v 6.7 15.3 7.5
v 7 7.8 7.5
v 7 15.3 7.5
v -7.6 14.2 7.4
v -7.6 14.8 7.4
v -7.5 14.5 7.4
v -7.5 14.8 7.4
v -7.4 14.2 7.4
v -7.4 14.5 7.4
v -0.3 3.9 7.3
v -0.3 5.9 7.3
v -0.1 3.9 7.3
v -0.1 5.9 7.3
v -8.2 3.8 7.2
v -8.2 3.9 7.2
v -8.2 4.2 7.2
v -8.2 15.3 7.2
v -7.9 3.8 7.2
v -7.9 3.9 7.2
v -7 4.2 7.2
v -7 7.8 7.2
v -7 15.3 7.2
v -6.7 6.6 7.2
v -6.7 7.8 7.2
v -6.4 5.7 7.2
v -6.4 6.6 7.2
v -6.1 5.1 7.2
v -6.1 5.7 7.2
v -5.8 4.5 7.2
v -5.8 5.1 7.2
v -5.5 4.2 7.2
v -5.5 4.5 7.2
v -4.9 3.9 7.2
v -4.9 4.2 7.2
v -1.6 3.9 7.2
v -1.6 4.2 7.2
v -1.6 4.5 7.2
v -1.3 4.5 7.2
v -1.3 5.1 7.2
v -1 5.1 7.2
v -1 6 7.2
v -0.3 3.9 7.2
v -0.3 6 7.2
v -0.1 3.9 7.2
v -0.1 6 7.2
v 0.599999 5.1 7.2
v 0.599999 6 7.2
v 0.9 4.5 7.2
v 0.9 5.1 7.2
v 1.2 3.9 7.2
v 1.2 4.2 7.2
v 1.2 4.5 7.2
v 4.9 3.9 7.2
v 4.9 4.2 7.2
v 5.5 4.2 7.2
v 5.5 4.5 7.2
v 5.8 4.5 7.2
v 5.8 5.1 7.2
v 6.1 5.1 7.2
v 6.1 5.5 7.2
v 6.1 5.7 7.2
v 6.4 5.7 7.2
v 6.4 6.6 7.2
v 6.7 4.2 7.2
v 6.7 5.5 7.2
v 6.7 6.6 7.2
v 6.7 7.8 7.2
v 7 4.2 7.2
v 7 7.8 7.2
v 7 15.3 7.2
v 8.2 4.2 7.2
v 8.2 15.3 7.2
v -7.9 3.9 6.9
v -7.9 4.2 6.9
v -4.9 3.9 6.9
v -4.9 4.2 6.9
v 4.9 3.9 6.9
v 4.9 4.2 6.9
v 7.9 3.9 6.9
v 7.9 4.2 6.9
v -8.4 14.2 6.6
v -8.4 14.8 6.6
v -8.3 14.2 6.6
v -8.3 14.8 6.6
v 8.3 14.2 6.6
v 8.3 14.8 6.6
v 8.4 14.2 6.6
v 8.4 14.8 6.6
v -8.5 7.8 6
v -8.5 15.3 6
v -8.2 7.8 6
v -8.2 15.3 6
v 8.2 7.8 6
v 8.2 15.3 6
v 8.5 7.8 6
v 8.5 15.3 6
v -8.8 7.8 5.7
v -8.8 9 5.7
v -8.8 13.8 5.7
v -8.8 15.3 5.7
v -8.5 6.6 5.7
v -8.5 7.8 5.7
v -8.5 9 5.7
v -8.5 13.8 5.7
v -8.5 15.3 5.7
v -8.2 6.6 5.7
v -8.2 7.8 5.7
v 8.2 6.6 5.7
v 8.2 7.8 5.7
v 8.5 6.6 5.7
v 8.5 7.8 5.7
v 8.5 9 5.7
v 8.5 13.8 5.7
v 8.5 15.3 5.7
v 8.8 7.8 5.7
v 8.8 9 5.7
v 8.8 13.8 5.7
v 8.8 15.3 5.7
v -8.8 6.9 5.4
v -8.8 7.8 5.4
v -8.8 9 5.4
v -8.8 9.9 5.4
v -8.8 12.9 5.4
v -8.8 13.8 5.4
v -8.5 5.7 5.4
v -8.5 6.6 5.4
v -8.5 6.9 5.4
v -8.5 7.8 5.4
v -8.5 9 5.4
v -8.5 9.9 5.4
v -8.5 12.9 5.4
v -8.5 13.8 5.4
v -8.2 5.7 5.4
v -8.2 6.6 5.4
v 8.2 5.7 5.4
v 8.2 6.6 5.4
v 8.5 5.7 5.4
v 8.5 6.6 5.4
v 8.5 6.9 5.4
v 8.5 7.8 5.4
v 8.5 9 5.4
v 8.5 9.9 5.4
v 8.5 12.9 5.4
v 8.5 13.8 5.4
v 8.8 6.9 5.4
v 8.8 7.8 5.4
v 8.8 9 5.4
v 8.8 9.9 5.4
v 8.8 12.9 5.4
v 8.8 13.8 5.4
v -8.8 6.3 5.1
v -8.8 6.9 5.1
v -8.8 9.9 5.1
v -8.8 10.5 5.1
v -8.8 12.3 5.1
v -8.8 12.9 5.1
v -8.5 5.1 5.1
v -8.5 5.7 5.1
v -8.5 6.3 5.1
v -8.5 6.9 5.1
v -8.5 9.9 5.1
v -8.5 10.5 5.1
v -8.5 12.3 5.1
v -8.5 12.9 5.1
v -8.2 5.1 5.1
v -8.2 5.7 5.1
v 8.2 5.1 5.1
v 8.2 5.7 5.1
v 8.5 5.1 5.1
v 8.5 5.7 5.1
v 8.5 6.3 5.1
v 8.5 6.9 5.1
v 8.5 9.9 5.1
v 8.5 10.5 5.1
v 8.5 12.3 5.1
v 8.5 12.9 5.1
v 8.8 6.3 5.1
v 8.8 6.9 5.1
v 8.8 9.9 5.1
v 8.8 10.5 5.1
v 8.8 12.3 5.1
v 8.8 12.9 5.1
v -8.8 5.7 4.8
v -8.8 6.3 4.8
v -8.8 10.5 4.8
v -8.8 11.1 4.8
v -8.8 11.7 4.8
v -8.8 12.3 4.8
v -8.5 4.5 4.8
v -8.5 5.1 4.8
v -8.5 5.7 4.8
v -8.5 6.3 4.8
v -8.5 10.5 4.8
v -8.5 11.1 4.8
v -8.5 11.7 4.8
v -8.5 12.3 4.8
v -8.2 4.5 4.8
v -8.2 5.1 4.8
v 8.2 4.5 4.8
v 8.2 5.1 4.8
v 8.5 4.5 4.8
v 8.5 5.1 4.8
v 8.5 5.7 4.8
v 8.5 6.3 4.8
v 8.5 10.5 4.8
v 8.5 11.1 4.8
v 8.5 11.7 4.8
v 8.5 12.3 4.8
v 8.8 5.7 4.8
v 8.8 6.3 4.8
v 8.8 10.5 4.8
v 8.8 11.1 4.8
v 8.8 11.7 4.8
v 8.8 12.3 4.8
v -9 7.2 4.7
v -9 8.4 4.7
v -8.9 7.2 4.7
v -8.9 8.4 4.7
v 8.9 7.2 4.7
v 8.9 8.4 4.7
v 9 7.2 4.7
v 9 8.4 4.7
v -9 6.2 4.6
v -9 7.1 4.6
v -8.9 6.2 4.6
v -8.9 7.1 4.6
v 8.9 6.2 4.6
v 8.9 7.1 4.6
v 9 6.2 4.6
v 9 7.1 4.6
v -8.8 5.1 4.5
v -8.8 5.7 4.5
v -8.6 11.3 4.5
v -8.6 11.5 4.5
v -8.5 4.2 4.5
v -8.5 4.5 4.5
v -8.5 5.1 4.5
v -8.5 5.7 4.5
v -8.5 11.3 4.5
v -8.5 11.5 4.5
v -8.2 4.2 4.5
v -8.2 4.5 4.5
v 8.2 4.2 4.5
v 8.2 4.5 4.5
v 8.5 4.2 4.5
v 8.5 4.5 4.5
v 8.5 5.1 4.5
v 8.5 5.7 4.5
v 8.5 11.3 4.5
v 8.5 11.5 4.5
v 8.6 11.3 4.5
v 8.6 11.5 4.5
v 8.8 5.1 4.5
v 8.8 5.7 4.5
v -8.8 6.5 4.2
v -8.8 6.7 4.2
v -8.7 6.5 4.2
v -8.7 6.7 4.2
v -8.6 4.7 4.2
v -8.6 4.9 4.2
v -8.5 4.7 4.2
v -8.5 4.9 4.2
v 8.5 4.7 4.2
v 8.5 4.9 4.2
v 8.6 4.7 4.2
v 8.6 4.9 4.2
v 8.7 6.5 4.2
v 8.7 6.7 4.2
v 8.8 6.5 4.2
v 8.8 6.7 4.2
v -8.8 6.4 4.1
v -8.8 6.5 4.1
v -8.8 6.7 4.1
v -8.8 6.8 4.1
v -8.7 6.4 4.1
v -8.7 6.5 4.1
v -8.7 6.7 4.1
v -8.7 6.8 4.1
v 8.7 6.4 4.1
v 8.7 6.5 4.1
v 8.7 6.7 4.1
v 8.7 6.8 4.1
v 8.8 6.4 4.1
v 8.8 6.5 4.1
v 8.8 6.7 4.1
v 8.8 6.8 4.1
v -8.2 3.9 3.9
v -8.2 4.2 3.9
v -7.9 3.9 3.9
v -7.9 4.2 3.9
v 7.9 3.9 3.9
v 7.9 4.2 3.9
v 8.2 3.9 3.9
v 8.2 4.2 3.9
v -8.8 6.2 3.8
v -8.8 6.3 3.8
v -8.7 6.2 3.8
v -8.7 6.3 3.8
v 8.7 6.2 3.8
v 8.7 6.3 3.8
v 8.8 6.2 3.8
v 8.8 6.3 3.8
v -8.8 6.3 3.7
v -8.8 6.4 3.7
v -8.7 6.3 3.7
v -8.7 6.4 3.7
v 8.7 6.3 3.7
v 8.7 6.4 3.7
v 8.8 6.3 3.7
v 8.8 6.4 3.7
v -8.8 6.4 3.6
v -8.8 6.7 3.6
v -8.7 6.4 3.6
v -8.7 6.7 3.6
v 8.7 6.4 3.6
v 8.7 6.7 3.6
v 8.8 6.4 3.6
v 8.8 6.7 3.6
v -8.8 6.7 3.5
v -8.8 6.8 3.5
v -8.7 6.7 3.5
v -8.7 6.8 3.5
v 8.7 6.7 3.5
v 8.7 6.8 3.5
v 8.8 6.7 3.5
v 8.8 6.8 3.5
v -8.8 6.8 3.4
v -8.8 6.9 3.4
v -8.7 6.8 3.4
v -8.7 6.9 3.4
v 8.7 6.8 3.4
v 8.7 6.9 3.4
v 8.8 6.8 3.4
v 8.8 6.9 3.4
v -8.8 6.9 3.3
v -8.8 7 3.3
v -8.7 6.9 3.3
v -8.7 7 3.3
v 8.7 6.9 3.3
v 8.7 7 3.3
v 8.8 6.9 3.3
v 8.8 7 3.3
v -8.8 7 3.2
v -8.8 7.1 3.2
v -8.7 7 3.2
v -8.7 7.1 3.2
v 8.7 7 3.2
v 8.7 7.1 3.2
v 8.8 7 3.2
v 8.8 7.1 3.2
v -8.8 7.1 3.1
v -8.8 7.2 3.1
v -8.7 7.1 3.1
v -8.7 7.2 3.1
v 8.7 7.1 3.1
v 8.7 7.2 3.1
v 8.8 7.1 3.1
v 8.8 7.2 3.1
v -8.8 7.2 3
v -8.8 7.3 3
v -8.7 7.2 3
v -8.7 7.3 3
v 8.7 7.2 3
v 8.7 7.3 3
v 8.8 7.2 3
v 8.8 7.3 3
v -8.8 7.3 2.9
v -8.8 7.4 2.9
v -8.7 7.3 2.9
v -8.7 7.4 2.9
v 8.7 7.3 2.9
v 8.7 7.4 2.9
v 8.8 7.3 2.9
v 8.8 7.4 2.9
v -8.8 7.4 2.8
v -8.8 7.5 2.8
v -8.7 7.4 2.8
v -8.7 7.5 2.8
v 8.7 7.4 2.8
v 8.7 7.5 2.8
v 8.8 7.4 2.8
v 8.8 7.5 2.8
v -8.8 7.5 2.7
v -8.8 7.6 2.7
v -8.7 7.5 2.7
v -8.7 7.6 2.7
v 8.7 7.5 2.7
v 8.7 7.6 2.7
v 8.8 7.5 2.7
v 8.8 7.6 2.7
v -8.8 7.6 2.6
v -8.8 7.7 2.6
v -8.7 7.6 2.6
v -8.7 7.7 2.6
v 8.7 7.6 2.6
v 8.7 7.7 2.6
v 8.8 7.6 2.6
v 8.8 7.7 2.6
v -8.8 7.7 2.5
v -8.8 7.8 2.5
v -8.7 7.7 2.5
v -8.7 7.8 2.5
v 8.7 7.7 2.5
v 8.7 7.8 2.5
v 8.8 7.7 2.5
v 8.8 7.8 2.5
v -8.8 7.8 2.4
v -8.8 7.9 2.4
v -8.7 5.1 2.4
v -8.7 5.2 2.4
v -8.7 7.8 2.4
v -8.7 7.9 2.4
v -8.7 11.7 2.4
v -8.7 11.8 2.4
v -8.6 5.1 2.4
v -8.6 5.2 2.4
v -8.6 11.7 2.4
v -8.6 11.8 2.4
v 8.6 5.1 2.4
v 8.6 5.2 2.4
v 8.6 11.7 2.4
v 8.6 11.8 2.4
v 8.7 5.1 2.4
v 8.7 5.2 2.4
v 8.7 7.8 2.4
v 8.7 7.9 2.4
v 8.7 11.7 2.4
v 8.7 11.8 2.4
v 8.8 7.8 2.4
v 8.8 7.9 2.4
v -8.8 7.9 2.3
v -8.8 8 2.3
v -8.7 7.9 2.3
v -8.7 8 2.3
v 8.7 7.9 2.3
v 8.7 8 2.3
v 8.8 7.9 2.3
v 8.8 8 2.3
v -8.8 8 2.2
v -8.8 8.1 2.2
v -8.7 8 2.2
v -8.7 8.1 2.2
v 8.7 8 2.2
v 8.7 8.1 2.2
v 8.8 8 2.2
v 8.8 8.1 2.2
v -8.8 8.1 2.1
v -8.8 8.2 2.1
v -8.7 8.1 2.1
v -8.7 8.2 2.1
v 8.7 8.1 2.1
v 8.7 8.2 2.1
v 8.8 8.1 2.1
v 8.8 8.2 2.1
v -8.8 8.2 2
v -8.8 8.3 2
v -8.7 8.2 2
v -8.7 8.3 2
v 8.7 8.2 2
v 8.7 8.3 2
v 8.8 8.2 2
v 8.8 8.3 2
v -8.8 8.3 1.9
v -8.8 8.4 1.9
v -8.7 8.3 1.9
v -8.7 8.4 1.9
v 8.7 8.3 1.9
v 8.7 8.4 1.9
v 8.8 8.3 1.9
v 8.8 8.4 1.9
v -8.8 9.1 1.7
v -8.8 9.3 1.7
v -8.7 9.1 1.7
v -8.7 9.3 1.7
v 8.7 9.1 1.7
v 8.7 9.3 1.7
v 8.8 9.1 1.7
v 8.8 9.3 1.7
v -8.8 9 1.6
v -8.8 9.1 1.6
v -8.8 9.3 1.6
v -8.8 9.4 1.6
v -8.7 9 1.6
v -8.7 9.1 1.6
v -8.7 9.3 1.6
v -8.7 9.4 1.6
v 8.7 9 1.6
v 8.7 9.1 1.6
v 8.7 9.3 1.6
v 8.7 9.4 1.6
v 8.8 9 1.6
v 8.8 9.1 1.6
v 8.8 9.3 1.6
v 8.8 9.4 1.6
v -8.8 8.9 1.5
v -8.8 9 1.5
v -8.8 9.4 1.5
v -8.8 9.5 1.5
v -8.7 8.9 1.5
v -8.7 9 1.5
v -8.7 9.4 1.5
v -8.7 9.5 1.5
v 8.7 8.9 1.5
v 8.7 9 1.5
v 8.7 9.4 1.5
v 8.7 9.5 1.5
v 8.8 8.9 1.5
v 8.8 9 1.5
v 8.8 9.4 1.5
v 8.8 9.5 1.5
v -8.8 9.5 1.4
v -8.8 9.6 1.4
v -8.7 9.5 1.4
v -8.7 9.6 1.4
v 8.7 9.5 1.4
v 8.7 9.6 1.4
v 8.8 9.5 1.4
v 8.8 9.6 1.4
v -8.8 9.6 1.3
v -8.8 9.7 1.3
v -8.7 9.6 1.3
v -8.7 9.7 1.3
v 8.7 9.6 1.3
v 8.7 9.7 1.3
v 8.8 9.6 1.3
v 8.8 9.7 1.3
v -8.8 8.6 1.2
v -8.8 8.7 1.2
v -8.7 8.6 1.2
v -8.7 8.7 1.2
v 8.7 8.6 1.2
v 8.7 8.7 1.2
v 8.8 8.6 1.2
v 8.8 8.7 1.2
v -8.8 8.4 1.1
v -8.8 8.6 1.1
v -8.8 8.7 1.1
v -8.8 8.8 1.1
v -8.7 8.4 1.1
v -8.7 8.6 1.1
v -8.7 8.7 1.1
v -8.7 8.8 1.1
v 8.7 8.4 1.1
v 8.7 8.6 1.1
v 8.7 8.7 1.1
v 8.7 8.8 1.1
v 8.8 8.4 1.1
v 8.8 8.6 1.1
v 8.8 8.7 1.1
v 8.8 8.8 1.1
v -8.8 8.8 1
v -8.8 9 1
v -8.7 8.8 1
v -8.7 9 1
v 8.7 8.8 1
v 8.7 9 1
v 8.8 8.8 1
v 8.8 9 1
v -8.8 9 0.9
v -8.8 9.4 0.9
v -8.7 9 0.9
v -8.7 9.4 0.9
v 8.7 9 0.9
v 8.7 9.4 0.9
v 8.8 9 0.9
v 8.8 9.4 0.9
v -8.6 5.9 -0.7
v -8.6 15.3 -0.7
v -8.5 6 -0.7
v -8.5 15.3 -0.7
v -8.3 3.9 -0.7
v -8.3 5.9 -0.7
v -8.2 3.9 -0.7
v -8.2 6 -0.7
v -0.3 3.8 -0.7
v -0.3 3.9 -0.7
v -0.3 4.2 -0.7
v -0.1 3.8 -0.7
v -0.1 3.9 -0.7
v -0.1 4.2 -0.7
v 8.2 3.9 -0.7
v 8.2 6 -0.7
v 8.3 3.9 -0.7
v 8.3 5.9 -0.7
v 8.5 6 -0.7
v 8.5 15.3 -0.7
v 8.6 5.9 -0.7
v 8.6 15.3 -0.7
v -8.8 6.9 -1.6
v -8.8 9.3 -1.6
v -8.8 13.5 -1.6
v -8.8 15.3 -1.6
v -8.5 5.1 -1.6
v -8.5 6 -1.6
v -8.5 6.9 -1.6
v -8.5 9.3 -1.6
v -8.5 13.5 -1.6
v -8.5 15.3 -1.6
v -8.2 5.1 -1.6
v -8.2 6 -1.6
v 8.2 5.1 -1.6
v 8.2 6 -1.6
v 8.5 5.1 -1.6
v 8.5 6 -1.6
v 8.5 6.9 -1.6
v 8.5 9.3 -1.6
v 8.5 13.5 -1.6
v 8.5 15.3 -1.6
v 8.8 6.9 -1.6
v 8.8 9.3 -1.6
v 8.8 13.5 -1.6
v 8.8 15.3 -1.6
v -8.8 5.7 -1.9
v -8.8 6.9 -1.9
v -8.8 9.3 -1.9
v -8.8 10.5 -1.9
v -8.8 12.3 -1.9
v -8.8 13.5 -1.9
v -8.5 4.5 -1.9
v -8.5 5.1 -1.9
v -8.5 5.7 -1.9
v -8.5 6.9 -1.9
v -8.5 9.3 -1.9
v -8.5 10.5 -1.9
v -8.5 12.3 -1.9
v -8.5 13.5 -1.9
v -8.2 4.5 -1.9
v -8.2 5.1 -1.9
v 8.2 4.5 -1.9
v 8.2 5.1 -1.9
v 8.5 4.5 -1.9
v 8.5 5.1 -1.9
v 8.5 5.7 -1.9
v 8.5 6.9 -1.9
v 8.5 9.3 -1.9
v 8.5 10.5 -1.9
v 8.5 12.3 -1.9
v 8.5 13.5 -1.9
v 8.8 5.7 -1.9
v 8.8 6.9 -1.9
v 8.8 9.3 -1.9
v 8.8 10.5 -1.9
v 8.8 12.3 -1.9
v 8.8 13.5 -1.9
v -3.1 3.9 -2
v -3.1 4.2 -2
v -2.8 3.9 -2
v -2.8 4.2 -2
v -2.8 4.5 -2
v -2.6 4.2 -2
v -2.6 4.5 -2
v 2.2 4.2 -2
v 2.2 4.5 -2
v 2.4 3.9 -2
v 2.4 4.2 -2
v 2.4 4.5 -2
v 2.7 3.9 -2
v 2.7 4.2 -2
v -8.8 5.1 -2.2
v -8.8 5.7 -2.2
v -8.8 10.5 -2.2
v -8.8 11.1 -2.2
v -8.8 11.7 -2.2
v -8.8 12.3 -2.2
v -8.5 4.2 -2.2
v -8.5 4.5 -2.2
v -8.5 5.1 -2.2
v -8.5 5.7 -2.2
v -8.5 10.5 -2.2
v -8.5 11.1 -2.2
v -8.5 11.7 -2.2
v -8.5 12.3 -2.2
v -8.2 4.2 -2.2
v -8.2 4.5 -2.2
v 8.2 4.2 -2.2
v 8.2 4.5 -2.2
v 8.5 4.2 -2.2
v 8.5 4.5 -2.2
v 8.5 5.1 -2.2
v 8.5 5.7 -2.2
v 8.5 10.5 -2.2
v 8.5 11.1 -2.2
v 8.5 11.7 -2.2
v 8.5 12.3 -2.2
v 8.8 5.1 -2.2
v 8.8 5.7 -2.2
v 8.8 10.5 -2.2
v 8.8 11.1 -2.2
v 8.8 11.7 -2.2
v 8.8 12.3 -2.2
v -2.8 3.9 -2.3
v -2.8 4.2 -2.3
v -2.6 3.9 -2.3
v -2.6 4.2 -2.3
v -2.6 4.5 -2.3
v -2.3 4.2 -2.3
v -2.3 4.5 -2.3
v 1.9 4.2 -2.3
v 1.9 4.5 -2.3
v 2.2 3.9 -2.3
v 2.2 4.2 -2.3
v 2.2 4.5 -2.3
v 2.4 3.9 -2.3
v 2.4 4.2 -2.3
v -8.6 4.7 -2.5
v -8.6 4.9 -2.5
v -8.6 11.3 -2.5
v -8.6 11.5 -2.5
v -8.5 4.7 -2.5
v -8.5 4.9 -2.5
v -8.5 11.3 -2.5
v -8.5 11.5 -2.5
v 8.5 4.7 -2.5
v 8.5 4.9 -2.5
v 8.5 11.3 -2.5
v 8.5 11.5 -2.5
v 8.6 4.7 -2.5
v 8.6 4.9 -2.5
v 8.6 11.3 -2.5
v 8.6 11.5 -2.5
v -2.6 3.9 -2.6
v -2.6 4.2 -2.6
v -2.3 3.9 -2.6
v -2.3 4.2 -2.6
v -2.3 4.5 -2.6
v -2 4.2 -2.6
v -2 4.5 -2.6
v 1.6 4.2 -2.6
v 1.6 4.5 -2.6
v 1.9 3.9 -2.6
v 1.9 4.2 -2.6
v 1.9 4.5 -2.6
v 2.2 3.9 -2.6
v 2.2 4.2 -2.6
v -2.3 3.9 -2.9
v -2.3 4.2 -2.9
v -2 3.9 -2.9
v -2 4.2 -2.9
v -2 4.5 -2.9
v -1.7 4.2 -2.9
v -1.7 4.5 -2.9
v 1.3 4.2 -2.9
v 1.3 4.5 -2.9
v 1.6 3.9 -2.9
v 1.6 4.2 -2.9
v 1.6 4.5 -2.9
v 1.9 3.9 -2.9
v 1.9 4.2 -2.9
v -8.8 8 -3
v -8.8 8.1 -3
v -8.7 8 -3
v -8.7 8.1 -3
v 8.7 8 -3
v 8.7 8.1 -3
v 8.8 8 -3
v 8.8 8.1 -3
v -8.8 8.1 -3.1
v -8.8 8.2 -3.1
v -8.7 8.1 -3.1
v -8.7 8.2 -3.1
v 8.7 8.1 -3.1
v 8.7 8.2 -3.1
v 8.8 8.1 -3.1
v 8.8 8.2 -3.1
v -8.8 8.2 -3.2
v -8.8 8.3 -3.2
v -8.7 8.2 -3.2
v -8.7 8.3 -3.2
v -2 3.9 -3.2
v -2 4.2 -3.2
v -1.7 3.9 -3.2
v -1.7 4.2 -3.2
v -1.7 4.5 -3.2
v -1.4 4.2 -3.2
v -1.4 4.5 -3.2
v 1 4.2 -3.2
v 1 4.5 -3.2
v 1.3 3.9 -3.2
v 1.3 4.2 -3.2
v 1.3 4.5 -3.2
v 1.6 3.9 -3.2
v 1.6 4.2 -3.2
v 8.7 8.2 -3.2
v 8.7 8.3 -3.2
v 8.8 8.2 -3.2
v 8.8 8.3 -3.2
v -8.8 8.3 -3.3
v -8.8 8.4 -3.3
v -8.7 8.3 -3.3
v -8.7 8.4 -3.3
v 8.7 8.3 -3.3
v 8.7 8.4 -3.3
v 8.8 8.3 -3.3
v 8.8 8.4 -3.3
v -1.7 3.9 -3.4
v -1.7 4.2 -3.4
v -1.6 3.9 -3.4
v -1.4 3.9 -3.4
v -1.4 4.2 -3.4
v -1.4 4.5 -3.4
v 1 3.9 -3.4
v 1 4.2 -3.4
v 1 4.5 -3.4
v 1.2 3.9 -3.4
v 1.3 3.9 -3.4
v 1.3 4.2 -3.4
v -8.8 9.7 -3.6
v -8.8 9.8 -3.6
v -8.7 9.7 -3.6
v -8.7 9.8 -3.6
v 8.7 9.7 -3.6
v 8.7 9.8 -3.6
v 8.8 9.7 -3.6
v 8.8 9.8 -3.6
v -8.8 8.7 -3.7
v -8.8 8.8 -3.7
v -8.8 9.2 -3.7
v -8.8 9.3 -3.7
v -8.8 9.6 -3.7
v -8.8 9.7 -3.7
v -8.7 8.7 -3.7
v -8.7 8.8 -3.7
v -8.7 9.2 -3.7
v -8.7 9.3 -3.7
v -8.7 9.6 -3.7
v -8.7 9.7 -3.7
v -1.4 3.9 -3.7
v -1.4 4.2 -3.7
v -0.3 3.9 -3.7
v -0.1 3.9 -3.7
v 1 3.9 -3.7
v 1 4.2 -3.7
v 8.7 8.7 -3.7
v 8.7 8.8 -3.7
v 8.7 9.2 -3.7
v 8.7 9.3 -3.7
v 8.7 9.6 -3.7
v 8.7 9.7 -3.7
v 8.8 8.7 -3.7
v 8.8 8.8 -3.7
v 8.8 9.2 -3.7
v 8.8 9.3 -3.7
v 8.8 9.6 -3.7
v 8.8 9.7 -3.7
v -8.8 8.6 -3.8
v -8.8 8.7 -3.8
v -8.8 8.8 -3.8
v -8.8 8.9 -3.8
v -8.8 9.5 -3.8
v -8.8 9.6 -3.8
v -8.7 8.6 -3.8
v -8.7 8.7 -3.8
v -8.7 8.8 -3.8
v -8.7 8.9 -3.8
v -8.7 9.5 -3.8
v -8.7 9.6 -3.8
v 8.7 8.6 -3.8
v 8.7 8.7 -3.8
v 8.7 8.8 -3.8
v 8.7 8.9 -3.8
v 8.7 9.5 -3.8
v 8.7 9.6 -3.8
v 8.8 8.6 -3.8
v 8.8 8.7 -3.8
v 8.8 8.8 -3.8
v 8.8 8.9 -3.8
v 8.8 9.5 -3.8
v 8.8 9.6 -3.8
v -8.8 8.5 -3.9
v -8.8 8.6 -3.9
v -8.8 8.9 -3.9
v -8.8 9 -3.9
v -8.8 9.4 -3.9
v -8.8 9.5 -3.9
v -8.7 8.5 -3.9
v -8.7 8.6 -3.9
v -8.7 8.9 -3.9
v -8.7 9 -3.9
v -8.7 9.4 -3.9
v -8.7 9.5 -3.9
v 8.7 8.5 -3.9
v 8.7 8.6 -3.9
v 8.7 8.9 -3.9
v 8.7 9 -3.9
v 8.7 9.4 -3.9
v 8.7 9.5 -3.9
v 8.8 8.5 -3.9
v 8.8 8.6 -3.9
v 8.8 8.9 -3.9
v 8.8 9 -3.9
v 8.8 9.4 -3.9
v 8.8 9.5 -3.9
v -8.8 8.4 -4
v -8.8 8.5 -4
v -8.8 9 -4
v -8.8 9.1 -4
v -8.8 9.3 -4
v -8.8 9.4 -4
v -8.7 8.4 -4
v -8.7 8.5 -4
v -8.7 9 -4
v -8.7 9.1 -4
v -8.7 9.3 -4
v -8.7 9.4 -4
v 8.7 8.4 -4
v 8.7 8.5 -4
v 8.7 9 -4
v 8.7 9.1 -4
v 8.7 9.3 -4
v 8.7 9.4 -4
v 8.8 8.4 -4
v 8.8 8.5 -4
v 8.8 9 -4
v 8.8 9.1 -4
v 8.8 9.3 -4
v 8.8 9.4 -4
v -8.8 8.3 -4.1
v -8.8 8.4 -4.1
v -8.8 9.1 -4.1
v -8.8 9.3 -4.1
v -8.7 8.3 -4.1
v -8.7 8.4 -4.1
v -8.7 9.1 -4.1
v -8.7 9.3 -4.1
v 8.7 8.3 -4.1
v 8.7 8.4 -4.1
v 8.7 9.1 -4.1
v 8.7 9.3 -4.1
v 8.8 8.3 -4.1
v 8.8 8.4 -4.1
v 8.8 9.1 -4.1
v 8.8 9.3 -4.1
v -8.8 8.2 -4.2
v -8.8 8.3 -4.2
v -8.7 8.2 -4.2
v -8.7 8.3 -4.2
v 8.7 8.2 -4.2
v 8.7 8.3 -4.2
v 8.8 8.2 -4.2
v 8.8 8.3 -4.2
v -8.8 8.1 -4.3
v -8.8 8.2 -4.3
v -8.7 8.1 -4.3
v -8.7 8.2 -4.3
v 8.7 8.1 -4.3
v 8.7 8.2 -4.3
v 8.8 8.1 -4.3
v 8.8 8.2 -4.3
v -8.8 8 -4.4
v -8.8 8.1 -4.4
v -8.7 8 -4.4
v -8.7 8.1 -4.4
v 8.7 8 -4.4
v 8.7 8.1 -4.4
v 8.8 8 -4.4
v 8.8 8.1 -4.4
v -8.8 7.9 -4.5
v -8.8 8 -4.5
v -8.7 7.9 -4.5
v -8.7 8 -4.5
v 8.7 7.9 -4.5
v 8.7 8 -4.5
v 8.8 7.9 -4.5
v 8.8 8 -4.5
v -8.8 7.8 -4.6
v -8.8 7.9 -4.6
v -8.7 7.8 -4.6
v -8.7 7.9 -4.6
v 8.7 7.8 -4.6
v 8.7 7.9 -4.6
v 8.8 7.8 -4.6
v 8.8 7.9 -4.6
v -8.8 7.7 -4.7
v -8.8 7.8 -4.7
v -8.7 5.1 -4.7
v -8.7 5.2 -4.7
v -8.7 7.7 -4.7
v -8.7 7.8 -4.7
v -8.7 11.7 -4.7
v -8.7 11.8 -4.7
v -8.6 5.1 -4.7
v -8.6 5.2 -4.7
v -8.6 11.7 -4.7
v -8.6 11.8 -4.7
v 8.6 5.1 -4.7
v 8.6 5.2 -4.7
v 8.6 11.7 -4.7
v 8.6 11.8 -4.7
v 8.7 5.1 -4.7
v 8.7 5.2 -4.7
v 8.7 7.7 -4.7
v 8.7 7.8 -4.7
v 8.7 11.7 -4.7
v 8.7 11.8 -4.7
v 8.8 7.7 -4.7
v 8.8 7.8 -4.7
v -8.8 7.6 -4.8
v -8.8 7.7 -4.8
v -8.7 7.6 -4.8
v -8.7 7.7 -4.8
v 8.7 7.6 -4.8
v 8.7 7.7 -4.8
v 8.8 7.6 -4.8
v 8.8 7.7 -4.8
v -8.8 7.5 -4.9
v -8.8 7.6 -4.9
v -8.7 7.5 -4.9
v -8.7 7.6 -4.9
v 8.7 7.5 -4.9
v 8.7 7.6 -4.9
v 8.8 7.5 -4.9
v 8.8 7.6 -4.9
v -8.8 7.4 -5
v -8.8 7.5 -5
v -8.7 7.4 -5
v -8.7 7.5 -5
v 8.7 7.4 -5
v 8.7 7.5 -5
v 8.8 7.4 -5
v 8.8 7.5 -5
v -8.8 7.3 -5.1
v -8.8 7.4 -5.1
v -8.7 7.3 -5.1
v -8.7 7.4 -5.1
v 8.7 7.3 -5.1
v 8.7 7.4 -5.1
v 8.8 7.3 -5.1
v 8.8 7.4 -5.1
v -8.8 7.2 -5.2
v -8.8 7.3 -5.2
v -8.7 7.2 -5.2
v -8.7 7.3 -5.2
v 8.7 7.2 -5.2
v 8.7 7.3 -5.2
v 8.8 7.2 -5.2
v 8.8 7.3 -5.2
v -8.8 7.1 -5.3
v -8.8 7.2 -5.3
v -8.7 7.1 -5.3
v -8.7 7.2 -5.3
v 8.7 7.1 -5.3
v 8.7 7.2 -5.3
v 8.8 7.1 -5.3
v 8.8 7.2 -5.3
v -8.8 6.5 -5.4
v -8.8 6.6 -5.4
v -8.8 7 -5.4
v -8.8 7.1 -5.4
v -8.7 6.5 -5.4
v -8.7 6.6 -5.4
v -8.7 7 -5.4
v -8.7 7.1 -5.4
v 8.7 6.5 -5.4
v 8.7 6.6 -5.4
v 8.7 7 -5.4
v 8.7 7.1 -5.4
v 8.8 6.5 -5.4
v 8.8 6.6 -5.4
v 8.8 7 -5.4
v 8.8 7.1 -5.4
v -8.8 6.6 -5.5
v -8.8 6.7 -5.5
v -8.8 6.9 -5.5
v -8.8 7 -5.5
v -8.7 6.6 -5.5
v -8.7 6.7 -5.5
v -8.7 6.9 -5.5
v -8.7 7 -5.5
v 8.7 6.6 -5.5
v 8.7 6.7 -5.5
v 8.7 6.9 -5.5
v 8.7 7 -5.5
v 8.8 6.6 -5.5
v 8.8 6.7 -5.5
v 8.8 6.9 -5.5
v 8.8 7 -5.5
v -8.8 6.7 -5.6
v -8.8 6.9 -5.6
v -8.7 6.7 -5.6
v -8.7 6.9 -5.6
v 8.7 6.7 -5.6
v 8.7 6.9 -5.6
v 8.8 6.7 -5.6
v 8.8 6.9 -5.6
v -9 3.8 -9.2
v -9 3.9 -9.2
v -9 15.3 -9.2
v -8.2 3.8 -9.2
v -8.2 3.9 -9.2
v -8.2 15.3 -9.2
v 8.2 3.8 -9.2
v 8.2 3.9 -9.2
v 8.2 15.3 -9.2
v 9 3.8 -9.2
v 9 3.9 -9.2
v 9 15.3 -9.2
v -7.6 14.2 -9.3
v -7.6 14.8 -9.3
v -7.5 14.5 -9.3
v -7.5 14.8 -9.3
v -7.4 14.2 -9.3
v -7.4 14.5 -9.3
v -3.8 5.1 -9.7
v -3.8 5.2 -9.7
v -3.8 11.7 -9.7
v -3.8 11.8 -9.7
v -3.4 5.1 -9.7
v -3.4 5.2 -9.7
v -3.4 11.7 -9.7
v -3.4 11.8 -9.7
v 3.3 5.1 -9.7
v 3.3 5.2 -9.7
v 3.3 11.7 -9.7
v 3.3 11.8 -9.7
v 3.7 5.1 -9.7
v 3.7 5.2 -9.7
v 3.7 11.7 -9.7
v 3.7 11.8 -9.7
v -5.7 7.2 -9.9
v -5.7 8.4 -9.9
v -5.6 6.2 -9.9
v -5.6 7.1 -9.9
v -5.6 7.2 -9.9
v -5.6 8.4 -9.9
v -5.5 6.2 -9.9
v -5.5 7.1 -9.9
v -8.2 3.8 -10
v -8.2 3.9 -10
v -8.2 15.3 -10
v -7.2 3.9 -10
v -7.2 15.3 -10
v -5.7 7.2 -10
v -5.7 8.4 -10
v -5.6 6.2 -10
v -5.6 7.1 -10
v -5.6 7.2 -10
v -5.6 8.4 -10
v -5.5 6.2 -10
v -5.5 7.1 -10
v -0.900001 3.8 -10
v -0.900001 3.9 -10
v -0.3 3.8 -10
v -0.3 3.9 -10
v -0.1 3.8 -10
v -0.1 3.9 -10
v 0.5 3.8 -10
v 0.5 3.9 -10
v 7.5 3.9 -10
v 7.5 15.3 -10
v 8.2 3.8 -10
v 8.2 3.9 -10
v 8.2 15.3 -10
v -8.2 3.8 8
v -0.900001 3.8 8
v -0.3 3.8 8
v -0.1 3.8 8
v 0.5 3.8 8
v 8.2 3.8 8
v -1.6 3.8 7.8
v -0.900001 3.8 7.8
v 0.8 3.8 7.8
v 1.2 3.8 7.8
v 0.5 3.8 7.7
v 0.8 3.8 7.7
v -9 3.8 7.2
v -8.2 3.8 7.2
v -7.9 3.8 7.2
v -1.6 3.8 7.2
v -0.3 3.8 7.2
v -0.1 3.8 7.2
v 1.2 3.8 7.2
v 8.2 3.8 7.2
v 9 3.8 7.2
v -8.2 3.8 6.9
v -7.9 3.8 6.9
v -8.8 3.8 0.6
v -8.2 3.8 0.6
v -1.6 3.8 0.6
v -0.3 3.8 0.6
v -0.1 3.8 0.6
v 1.2 3.8 0.6
v 8.2 3.8 0.6
v 8.8 3.8 0.6
v -9 3.8 -0.0999994
v -8.8 3.8 -0.0999994
v 8.8 3.8 -0.0999994
v 9 3.8 -0.0999994
v -9 3.8 -0.7
v -8.2 3.8 -0.7
v -1.6 3.8 -0.7
v -0.3 3.8 -0.7
v -0.1 3.8 -0.7
v 1.2 3.8 -0.7
v 8.2 3.8 -0.7
v 9 3.8 -0.7
v -9 3.8 -0.9
v -8.2 3.8 -0.9
v -1.6 3.8 -0.9
v -0.3 3.8 -0.9
v -0.1 3.8 -0.9
v 1.2 3.8 -0.9
v 8.2 3.8 -0.9
v 9 3.8 -0.9
v -9 3.8 -1.5
v -8.7 3.8 -1.5
v 8.7 3.8 -1.5
v 9 3.8 -1.5
v -8.8 3.8 -1.8
v -8.7 3.8 -1.8
v 8.7 3.8 -1.8
v 8.8 3.8 -1.8
v -8.8 3.8 -2.2
v -8.2 3.8 -2.2
v -1.6 3.8 -2.2
v -0.3 3.8 -2.2
v -0.1 3.8 -2.2
v 1.2 3.8 -2.2
v 8.2 3.8 -2.2
v 8.8 3.8 -2.2
v -9 3.8 -9.2
v -8.2 3.8 -9.2
v -1.6 3.8 -9.2
v -0.3 3.8 -9.2
v -0.1 3.8 -9.2
v 1.2 3.8 -9.2
v 8.2 3.8 -9.2
v 9 3.8 -9.2
v 0.5 3.8 -9.7
v 0.8 3.8 -9.7
v -1.6 3.8 -9.8
v -0.900001 3.8 -9.8
v 0.8 3.8 -9.8
v 1.2 3.8 -9.8
v -8.2 3.8 -10
v -0.900001 3.8 -10
v -0.3 3.8 -10
v -0.1 3.8 -10
v 0.5 3.8 -10
v 8.2 3.8 -10
v -8.2 3.9 7.2
v -7.9 3.9 7.2
v -8.2 3.9 6.9
v -7.9 3.9 6.9
v -0.3 4.2 -0.7
v -0.1 4.2 -0.7
v -0.3 4.2 -0.9
v -0.1 4.2 -0.9
v -5.2 4.9 7.6
v -1.9 4.9 7.6
v 1.5 4.9 7.6
v 5.2 4.9 7.6
v -5.2 4.9 7.5
v -1.9 4.9 7.5
v 1.5 4.9 7.5
v 5.2 4.9 7.5
v -8.6 4.9 4.2
v -8.5 4.9 4.2
v 8.5 4.9 4.2
v 8.6 4.9 4.2
v -8.6 4.9 0.9
v -8.5 4.9 0.9
v 8.5 4.9 0.9
v 8.6 4.9 0.9
v -8.6 4.9 -2.5
v -8.5 4.9 -2.5
v 8.5 4.9 -2.5
v 8.6 4.9 -2.5
v -8.6 4.9 -6.2
v -8.5 4.9 -6.2
v 8.5 4.9 -6.2
v 8.6 4.9 -6.2
v -5.2 4.9 -9.5
v -1.9 4.9 -9.5
v 1.5 4.9 -9.5
v 5.2 4.9 -9.5
v -5.2 4.9 -9.6
v -1.9 4.9 -9.6
v 1.5 4.9 -9.6
v 5.2 4.9 -9.6
v -5.2 6.2 7.8
v -4.8 6.2 7.8
v -5.2 6.2 7.7
v -4.8 6.2 7.7
v -8.8 6.2 4.2
v -8.7 6.2 4.2
v 8.7 6.2 4.2
v 8.8 6.2 4.2
v -8.8 6.2 3.8
v -8.7 6.2 3.8
v 8.7 6.2 3.8
v 8.8 6.2 3.8
v -5.2 6.2 -9.7
v -4.8 6.2 -9.7
v -5.2 6.2 -9.8
v -4.8 6.2 -9.8
v -5.3 6.3 7.8
v -5.2 6.3 7.8
v -4.8 6.3 7.8
v -4.7 6.3 7.8
v -5.3 6.3 7.7
v -5.2 6.3 7.7
v -4.8 6.3 7.7
v -4.7 6.3 7.7
v -8.8 6.3 4.3
v -8.7 6.3 4.3
v 8.7 6.3 4.3
v 8.8 6.3 4.3
v -8.8 6.3 4.2
v -8.7 6.3 4.2
v 8.7 6.3 4.2
v 8.8 6.3 4.2
v -8.8 6.3 3.8
v -8.7 6.3 3.8
v 8.7 6.3 3.8
v 8.8 6.3 3.8
v -8.8 6.3 3.7
v -8.7 6.3 3.7
v 8.7 6.3 3.7
v 8.8 6.3 3.7
v -5.3 6.3 -9.7
v -5.2 6.3 -9.7
v -4.8 6.3 -9.7
v -4.7 6.3 -9.7
v -5.3 6.3 -9.8
v -5.2 6.3 -9.8
v -4.8 6.3 -9.8
v -4.7 6.3 -9.8
v -5.4 6.4 7.8
v -5.3 6.4 7.8
v -4.7 6.4 7.8
v -4.6 6.4 7.8
v -5.4 6.4 7.7
v -5.3 6.4 7.7
v -4.7 6.4 7.7
v -4.6 6.4 7.7
v -8.8 6.4 4.4
v -8.7 6.4 4.4
v 8.7 6.4 4.4
v 8.8 6.4 4.4
v -8.8 6.4 4.3
v -8.7 6.4 4.3
v 8.7 6.4 4.3
v 8.8 6.4 4.3
v -8.8 6.4 3.7
v -8.7 6.4 3.7
v 8.7 6.4 3.7
v 8.8 6.4 3.7
v -8.8 6.4 3.6
v -8.7 6.4 3.6
v 8.7 6.4 3.6
v 8.8 6.4 3.6
v -5.4 6.4 -9.7
v -5.3 6.4 -9.7
v -4.7 6.4 -9.7
v -4.6 6.4 -9.7
v -5.4 6.4 -9.8
v -5.3 6.4 -9.8
v -4.7 6.4 -9.8
v -4.6 6.4 -9.8
v 4.2 6.5 7.8
v 4.4 6.5 7.8
v 4.2 6.5 7.7
v 4.4 6.5 7.7
v -8.8 6.5 -5.2
v -8.7 6.5 -5.2
v 8.7 6.5 -5.2
v 8.8 6.5 -5.2
v -8.8 6.5 -5.4
v -8.7 6.5 -5.4
v 8.7 6.5 -5.4
v 8.8 6.5 -5.4
v 4.2 6.5 -9.7
v 4.4 6.5 -9.7
v 4.2 6.5 -9.8
v 4.4 6.5 -9.8
v 4.1 6.6 7.8
v 4.2 6.6 7.8
v 4.4 6.6 7.8
v 4.5 6.6 7.8
v 4.1 6.6 7.7
v 4.2 6.6 7.7
v 4.4 6.6 7.7
v 4.5 6.6 7.7
v -8.8 6.6 -5.1
v -8.7 6.6 -5.1
v 8.7 6.6 -5.1
v 8.8 6.6 -5.1
v -8.8 6.6 -5.2
v -8.7 6.6 -5.2
v 8.7 6.6 -5.2
v 8.8 6.6 -5.2
v -8.8 6.6 -5.4
v -8.7 6.6 -5.4
v 8.7 6.6 -5.4
v 8.8 6.6 -5.4
v -8.8 6.6 -5.5
v -8.7 6.6 -5.5
v 8.7 6.6 -5.5
v 8.8 6.6 -5.5
v 4.1 6.6 -9.7
v 4.2 6.6 -9.7
v 4.4 6.6 -9.7
v 4.5 6.6 -9.7
v 4.1 6.6 -9.8
v 4.2 6.6 -9.8
v 4.4 6.6 -9.8
v 4.5 6.6 -9.8
v -5.2 6.7 7.8
v -5.1 6.7 7.8
v -4.9 6.7 7.8
v -4.8 6.7 7.8
v -4.6 6.7 7.8
v -4.5 6.7 7.8
v 4 6.7 7.8
v 4.1 6.7 7.8
v 4.5 6.7 7.8
v 4.6 6.7 7.8
v -5.2 6.7 7.7
v -5.1 6.7 7.7
v -4.9 6.7 7.7
v -4.8 6.7 7.7
v -4.6 6.7 7.7
v -4.5 6.7 7.7
v 4 6.7 7.7
v 4.1 6.7 7.7
v 4.5 6.7 7.7
v 4.6 6.7 7.7
v -8.8 6.7 4.2
v -8.7 6.7 4.2
v 8.7 6.7 4.2
v 8.8 6.7 4.2
v -8.8 6.7 4.1
v -8.7 6.7 4.1
v 8.7 6.7 4.1
v 8.8 6.7 4.1
v -8.8 6.7 3.9
v -8.7 6.7 3.9
v 8.7 6.7 3.9
v 8.8 6.7 3.9
v -8.8 6.7 3.8
v -8.7 6.7 3.8
v 8.7 6.7 3.8
v 8.8 6.7 3.8
v -8.8 6.7 3.6
v -8.7 6.7 3.6
v 8.7 6.7 3.6
v 8.8 6.7 3.6
v -8.8 6.7 3.5
v -8.7 6.7 3.5
v 8.7 6.7 3.5
v 8.8 6.7 3.5
v -8.8 6.7 -5
v -8.7 6.7 -5
v 8.7 6.7 -5
v 8.8 6.7 -5
v -8.8 6.7 -5.1
v -8.7 6.7 -5.1
v 8.7 6.7 -5.1
v 8.8 6.7 -5.1
v -8.8 6.7 -5.5
v -8.7 6.7 -5.5
v 8.7 6.7 -5.5
v 8.8 6.7 -5.5
v -8.8 6.7 -5.6
v -8.7 6.7 -5.6
v 8.7 6.7 -5.6
v 8.8 6.7 -5.6
v -5.2 6.7 -9.7
v -5.1 6.7 -9.7
v -4.9 6.7 -9.7
v -4.8 6.7 -9.7
v -4.6 6.7 -9.7
v -4.5 6.7 -9.7
v 4 6.7 -9.7
v 4.1 6.7 -9.7
v 4.5 6.7 -9.7
v 4.6 6.7 -9.7
v -5.2 6.7 -9.8
v -5.1 6.7 -9.8
v -4.9 6.7 -9.8
v -4.8 6.7 -9.8
v -4.6 6.7 -9.8
v -4.5 6.7 -9.8
v 4 6.7 -9.8
v 4.1 6.7 -9.8
v 4.5 6.7 -9.8
v 4.6 6.7 -9.8
v -5.1 6.8 7.8
v -4.9 6.8 7.8
v -4.5 6.8 7.8
v -4.4 6.8 7.8
v 3.9 6.8 7.8
v 4 6.8 7.8
v -5.1 6.8 7.7
v -4.9 6.8 7.7
v -4.5 6.8 7.7
v -4.4 6.8 7.7
v 3.9 6.8 7.7
v 4 6.8 7.7
v -8.8 6.8 4.1
v -8.7 6.8 4.1
v 8.7 6.8 4.1
v 8.8 6.8 4.1
v -8.8 6.8 3.9
v -8.7 6.8 3.9
v 8.7 6.8 3.9
v 8.8 6.8 3.9
v -8.8 6.8 3.5
v -8.7 6.8 3.5
v 8.7 6.8 3.5
v 8.8 6.8 3.5
v -8.8 6.8 3.4
v -8.7 6.8 3.4
v 8.7 6.8 3.4
v 8.8 6.8 3.4
v -8.8 6.8 -4.9
v -8.7 6.8 -4.9
v 8.7 6.8 -4.9
v 8.8 6.8 -4.9
v -8.8 6.8 -5
v -8.7 6.8 -5
v 8.7 6.8 -5
v 8.8 6.8 -5
v -5.1 6.8 -9.7
v -4.9 6.8 -9.7
v -4.5 6.8 -9.7
v -4.4 6.8 -9.7
v 3.9 6.8 -9.7
v 4 6.8 -9.7
v -5.1 6.8 -9.8
v -4.9 6.8 -9.8
v -4.5 6.8 -9.8
v -4.4 6.8 -9.8
v 3.9 6.8 -9.8
v 4 6.8 -9.8
v -4.4 6.9 7.8
v -4.3 6.9 7.8
v 3.8 6.9 7.8
v 3.9 6.9 7.8
v -4.4 6.9 7.7
v -4.3 6.9 7.7
v 3.8 6.9 7.7
v 3.9 6.9 7.7
v -8.8 6.9 3.4
v -8.7 6.9 3.4
v 8.7 6.9 3.4
v 8.8 6.9 3.4
v -8.8 6.9 3.3
v -8.7 6.9 3.3
v 8.7 6.9 3.3
v 8.8 6.9 3.3
v -8.8 6.9 -4.8
v -8.7 6.9 -4.8
v 8.7 6.9 -4.8
v 8.8 6.9 -4.8
v -8.8 6.9 -4.9
v -8.7 6.9 -4.9
v 8.7 6.9 -4.9
v 8.8 6.9 -4.9
v -4.4 6.9 -9.7
v -4.3 6.9 -9.7
v 3.8 6.9 -9.7
v 3.9 6.9 -9.7
v -4.4 6.9 -9.8
v -4.3 6.9 -9.8
v 3.8 6.9 -9.8
v 3.9 6.9 -9.8
v -4.3 7 7.8
v -4.2 7 7.8
v 3.7 7 7.8
v 3.8 7 7.8
v -4.3 7 7.7
v -4.2 7 7.7
v 3.7 7 7.7
v 3.8 7 7.7
v -8.8 7 3.3
v -8.7 7 3.3
v 8.7 7 3.3
v 8.8 7 3.3
v -8.8 7 3.2
v -8.7 7 3.2
v 8.7 7 3.2
v 8.8 7 3.2
v -8.8 7 -4.7
v -8.7 7 -4.7
v 8.7 7 -4.7
v 8.8 7 -4.7
v -8.8 7 -4.8
v -8.7 7 -4.8
v 8.7 7 -4.8
v 8.8 7 -4.8
v -4.3 7 -9.7
v -4.2 7 -9.7
v 3.7 7 -9.7
v 3.8 7 -9.7
v -4.3 7 -9.8
v -4.2 7 -9.8
v 3.7 7 -9.8
v 3.8 7 -9.8
v -5.6 7.1 8
v -5.5 7.1 8
v -5.6 7.1 7.9
v -5.5 7.1 7.9
v -4.2 7.1 7.8
v -4.1 7.1 7.8
v 3.6 7.1 7.8
v 3.7 7.1 7.8
v -4.2 7.1 7.7
v -4.1 7.1 7.7
v 3.6 7.1 7.7
v 3.7 7.1 7.7
v -9 7.1 4.6
v -8.9 7.1 4.6
v 8.9 7.1 4.6
v 9 7.1 4.6
v -9 7.1 4.5
v -8.9 7.1 4.5
v 8.9 7.1 4.5
v 9 7.1 4.5
v -8.8 7.1 3.2
v -8.7 7.1 3.2
v 8.7 7.1 3.2
v 8.8 7.1 3.2
v -8.8 7.1 3.1
v -8.7 7.1 3.1
v 8.7 7.1 3.1
v 8.8 7.1 3.1
v -8.8 7.1 -4.6
v -8.7 7.1 -4.6
v 8.7 7.1 -4.6
v 8.8 7.1 -4.6
v -8.8 7.1 -4.7
v -8.7 7.1 -4.7
v 8.7 7.1 -4.7
v 8.8 7.1 -4.7
v -4.2 7.1 -9.7
v -4.1 7.1 -9.7
v 3.6 7.1 -9.7
v 3.7 7.1 -9.7
v -4.2 7.1 -9.8
v -4.1 7.1 -9.8
v 3.6 7.1 -9.8
v 3.7 7.1 -9.8
v -5.6 7.1 -9.9
v -5.5 7.1 -9.9
v -5.6 7.1 -10
v -5.5 7.1 -10
v -4.1 7.2 7.8
v -4 7.2 7.8
v 3.5 7.2 7.8
v 3.6 7.2 7.8
v -4.1 7.2 7.7
v -4 7.2 7.7
v 3.5 7.2 7.7
v 3.6 7.2 7.7
v -8.8 7.2 3.1
v -8.7 7.2 3.1
v 8.7 7.2 3.1
v 8.8 7.2 3.1
v -8.8 7.2 3
v -8.7 7.2 3
v 8.7 7.2 3
v 8.8 7.2 3
v -8.8 7.2 -4.5
v -8.7 7.2 -4.5
v 8.7 7.2 -4.5
v 8.8 7.2 -4.5
v -8.8 7.2 -4.6
v -8.7 7.2 -4.6
v 8.7 7.2 -4.6
v 8.8 7.2 -4.6
v -4.1 7.2 -9.7
v -4 7.2 -9.7
v 3.5 7.2 -9.7
v 3.6 7.2 -9.7
v -4.1 7.2 -9.8
v -4 7.2 -9.8
v 3.5 7.2 -9.8
v 3.6 7.2 -9.8
v -4 7.3 7.8
v -3.9 7.3 7.8
v 3.4 7.3 7.8
v 3.5 7.3 7.8
v -4 7.3 7.7
v -3.9 7.3 7.7
v 3.4 7.3 7.7
v 3.5 7.3 7.7
v -8.8 7.3 3
v -8.7 7.3 3
v 8.7 7.3 3
v 8.8 7.3 3
v -8.8 7.3 2.9
v -8.7 7.3 2.9
v 8.7 7.3 2.9
v 8.8 7.3 2.9
v -8.8 7.3 -4.4
v -8.7 7.3 -4.4
v 8.7 7.3 -4.4
v 8.8 7.3 -4.4
v -8.8 7.3 -4.5
v -8.7 7.3 -4.5
v 8.7 7.3 -4.5
v 8.8 7.3 -4.5
v -4 7.3 -9.7
v -3.9 7.3 -9.7
v 3.4 7.3 -9.7
v 3.5 7.3 -9.7
v -4 7.3 -9.8
v -3.9 7.3 -9.8
v 3.4 7.3 -9.8
v 3.5 7.3 -9.8
v -3.9 7.4 7.8
v -3.8 7.4 7.8
v 3.3 7.4 7.8
v 3.4 7.4 7.8
v -3.9 7.4 7.7
v -3.8 7.4 7.7
v 3.3 7.4 7.7
v 3.4 7.4 7.7
v -8.8 7.4 2.9
v -8.7 7.4 2.9
v 8.7 7.4 2.9
v 8.8 7.4 2.9
v -8.8 7.4 2.8
v -8.7 7.4 2.8
v 8.7 7.4 2.8
v 8.8 7.4 2.8
v -8.8 7.4 -4.3
v -8.7 7.4 -4.3
v 8.7 7.4 -4.3
v 8.8 7.4 -4.3
v -8.8 7.4 -4.4
v -8.7 7.4 -4.4
v 8.7 7.4 -4.4
v 8.8 7.4 -4.4
v -3.9 7.4 -9.7
v -3.8 7.4 -9.7
v 3.3 7.4 -9.7
v 3.4 7.4 -9.7
v -3.9 7.4 -9.8
v -3.8 7.4 -9.8
v 3.3 7.4 -9.8
v 3.4 7.4 -9.8
v -3.8 7.5 7.8
v -3.7 7.5 7.8
v 3.2 7.5 7.8
v 3.3 7.5 7.8
v -3.8 7.5 7.7
v -3.7 7.5 7.7
v 3.2 7.5 7.7
v 3.3 7.5 7.7
v -8.8 7.5 2.8
v -8.7 7.5 2.8
v 8.7 7.5 2.8
v 8.8 7.5 2.8
v -8.8 7.5 2.7
v -8.7 7.5 2.7
v 8.7 7.5 2.7
v 8.8 7.5 2.7
v -8.8 7.5 -4.2
v -8.7 7.5 -4.2
v 8.7 7.5 -4.2
v 8.8 7.5 -4.2
v -8.8 7.5 -4.3
v -8.7 7.5 -4.3
v 8.7 7.5 -4.3
v 8.8 7.5 -4.3
v -3.8 7.5 -9.7
v -3.7 7.5 -9.7
v 3.2 7.5 -9.7
v 3.3 7.5 -9.7
v -3.8 7.5 -9.8
v -3.7 7.5 -9.8
v 3.2 7.5 -9.8
v 3.3 7.5 -9.8
v -3.7 7.6 7.8
v -3.6 7.6 7.8
v 3.1 7.6 7.8
v 3.2 7.6 7.8
v -3.7 7.6 7.7
v -3.6 7.6 7.7
v 3.1 7.6 7.7
v 3.2 7.6 7.7
v -8.8 7.6 2.7
v -8.7 7.6 2.7
v 8.7 7.6 2.7
v 8.8 7.6 2.7
v -8.8 7.6 2.6
v -8.7 7.6 2.6
v 8.7 7.6 2.6
v 8.8 7.6 2.6
v -8.8 7.6 -4.1
v -8.7 7.6 -4.1
v 8.7 7.6 -4.1
v 8.8 7.6 -4.1
v -8.8 7.6 -4.2
v -8.7 7.6 -4.2
v 8.7 7.6 -4.2
v 8.8 7.6 -4.2
v -3.7 7.6 -9.7
v -3.6 7.6 -9.7
v 3.1 7.6 -9.7
v 3.2 7.6 -9.7
v -3.7 7.6 -9.8
v -3.6 7.6 -9.8
v 3.1 7.6 -9.8
v 3.2 7.6 -9.8
v -3.6 7.7 7.8
v -3.5 7.7 7.8
v 3 7.7 7.8
v 3.1 7.7 7.8
v -3.6 7.7 7.7
v -3.5 7.7 7.7
v 3 7.7 7.7
v 3.1 7.7 7.7
v -8.8 7.7 2.6
v -8.7 7.7 2.6
v 8.7 7.7 2.6
v 8.8 7.7 2.6
v -8.8 7.7 2.5
v -8.7 7.7 2.5
v 8.7 7.7 2.5
v 8.8 7.7 2.5
v -8.8 7.7 -4
v -8.7 7.7 -4
v 8.7 7.7 -4
v 8.8 7.7 -4
v -8.8 7.7 -4.1
v -8.7 7.7 -4.1
v 8.7 7.7 -4.1
v 8.8 7.7 -4.1
v -3.6 7.7 -9.7
v -3.5 7.7 -9.7
v 3 7.7 -9.7
v 3.1 7.7 -9.7
v -3.6 7.7 -9.8
v -3.5 7.7 -9.8
v 3 7.7 -9.8
v 3.1 7.7 -9.8
v -3.5 7.8 7.8
v -3.4 7.8 7.8
v 2.9 7.8 7.8
v 3 7.8 7.8
v -3.5 7.8 7.7
v -3.4 7.8 7.7
v 2.9 7.8 7.7
v 3 7.8 7.7
v -8.8 7.8 2.5
v -8.7 7.8 2.5
v 8.7 7.8 2.5
v 8.8 7.8 2.5
v -8.8 7.8 2.4
v -8.7 7.8 2.4
v 8.7 7.8 2.4
v 8.8 7.8 2.4
v -8.8 7.8 -3.9
v -8.7 7.8 -3.9
v 8.7 7.8 -3.9
v 8.8 7.8 -3.9
v -8.8 7.8 -4
v -8.7 7.8 -4
v 8.7 7.8 -4
v 8.8 7.8 -4
v -3.5 7.8 -9.7
v -3.4 7.8 -9.7
v 2.9 7.8 -9.7
v 3 7.8 -9.7
v -3.5 7.8 -9.8
v -3.4 7.8 -9.8
v 2.9 7.8 -9.8
v 3 7.8 -9.8
v -3.4 7.9 7.8
v -3.3 7.9 7.8
v 2.8 7.9 7.8
v 2.9 7.9 7.8
v -3.4 7.9 7.7
v -3.3 7.9 7.7
v 2.8 7.9 7.7
v 2.9 7.9 7.7
v -8.8 7.9 2.4
v -8.7 7.9 2.4
v 8.7 7.9 2.4
v 8.8 7.9 2.4
v -8.8 7.9 2.3
v -8.7 7.9 2.3
v 8.7 7.9 2.3
v 8.8 7.9 2.3
v -8.8 7.9 -3.8
v -8.7 7.9 -3.8
v 8.7 7.9 -3.8
v 8.8 7.9 -3.8
v -8.8 7.9 -3.9
v -8.7 7.9 -3.9
v 8.7 7.9 -3.9
v 8.8 7.9 -3.9
v -3.4 7.9 -9.7
v -3.3 7.9 -9.7
v 2.8 7.9 -9.7
v 2.9 7.9 -9.7
v -3.4 7.9 -9.8
v -3.3 7.9 -9.8
v 2.8 7.9 -9.8
v 2.9 7.9 -9.8
v -3.3 8 7.8
v -3.2 8 7.8
v 1.8 8 7.8
v 2 8 7.8
v 2.7 8 7.8
v 2.8 8 7.8
v -3.3 8 7.7
v -3.2 8 7.7
v 1.8 8 7.7
v 2 8 7.7
v 2.7 8 7.7
v 2.8 8 7.7
v -8.8 8 2.3
v -8.7 8 2.3
v 8.7 8 2.3
v 8.8 8 2.3
v -8.8 8 2.2
v -8.7 8 2.2
v 8.7 8 2.2
v 8.8 8 2.2
v -8.8 8 -2.8
v -8.7 8 -2.8
v 8.7 8 -2.8
v 8.8 8 -2.8
v -8.8 8 -3
v -8.7 8 -3
v 8.7 8 -3
v 8.8 8 -3
v -8.8 8 -3.7
v -8.7 8 -3.7
v 8.7 8 -3.7
v 8.8 8 -3.7
v -8.8 8 -3.8
v -8.7 8 -3.8
v 8.7 8 -3.8
v 8.8 8 -3.8
v -3.3 8 -9.7
v -3.2 8 -9.7
v 1.8 8 -9.7
v 2 8 -9.7
v 2.7 8 -9.7
v 2.8 8 -9.7
v -3.3 8 -9.8
v -3.2 8 -9.8
v 1.8 8 -9.8
v 2 8 -9.8
v 2.7 8 -9.8
v 2.8 8 -9.8
v -3.2 8.1 7.8
v -3.1 8.1 7.8
v 1.7 8.1 7.8
v 1.8 8.1 7.8
v 2 8.1 7.8
v 2.1 8.1 7.8
v 2.6 8.1 7.8
v 2.7 8.1 7.8
v -3.2 8.1 7.7
v -3.1 8.1 7.7
v 1.7 8.1 7.7
v 1.8 8.1 7.7
v 2 8.1 7.7
v 2.1 8.1 7.7
v 2.6 8.1 7.7
v 2.7 8.1 7.7
v -8.8 8.1 2.2
v -8.7 8.1 2.2
v 8.7 8.1 2.2
v 8.8 8.1 2.2
v -8.8 8.1 2.1
v -8.7 8.1 2.1
v 8.7 8.1 2.1
v 8.8 8.1 2.1
v -8.8 8.1 -2.7
v -8.7 8.1 -2.7
v 8.7 8.1 -2.7
v 8.8 8.1 -2.7
v -8.8 8.1 -2.8
v -8.7 8.1 -2.8
v 8.7 8.1 -2.8
v 8.8 8.1 -2.8
v -8.8 8.1 -3
v -8.7 8.1 -3
v 8.7 8.1 -3
v 8.8 8.1 -3
v -8.8 8.1 -3.1
v -8.7 8.1 -3.1
v 8.7 8.1 -3.1
v 8.8 8.1 -3.1
v -8.8 8.1 -3.6
v -8.7 8.1 -3.6
v 8.7 8.1 -3.6
v 8.8 8.1 -3.6
v -8.8 8.1 -3.7
v -8.7 8.1 -3.7
v 8.7 8.1 -3.7
v 8.8 8.1 -3.7
v -3.2 8.1 -9.7
v -3.1 8.1 -9.7
v 1.7 8.1 -9.7
v 1.8 8.1 -9.7
v 2 8.1 -9.7
v 2.1 8.1 -9.7
v 2.6 8.1 -9.7
v 2.7 8.1 -9.7
v -3.2 8.1 -9.8
v -3.1 8.1 -9.8
v 1.7 8.1 -9.8
v 1.8 8.1 -9.8
v 2 8.1 -9.8
v 2.1 8.1 -9.8
v 2.6 8.1 -9.8
v 2.7 8.1 -9.8
v -3.1 8.2 7.8
v -3 8.2 7.8
v 1.6 8.2 7.8
v 1.7 8.2 7.8
v 2.1 8.2 7.8
v 2.2 8.2 7.8
v 2.5 8.2 7.8
v 2.6 8.2 7.8
v -3.1 8.2 7.7
v -3 8.2 7.7
v 1.6 8.2 7.7
v 1.7 8.2 7.7
v 2.1 8.2 7.7
v 2.2 8.2 7.7
v 2.5 8.2 7.7
v 2.6 8.2 7.7
v -8.8 8.2 2.1
v -8.7 8.2 2.1
v 8.7 8.2 2.1
v 8.8 8.2 2.1
v -8.8 8.2 2
v -8.7 8.2 2
v 8.7 8.2 2
v 8.8 8.2 2
v -8.8 8.2 -2.6
v -8.7 8.2 -2.6
v 8.7 8.2 -2.6
v 8.8 8.2 -2.6
v -8.8 8.2 -2.7
v -8.7 8.2 -2.7
v 8.7 8.2 -2.7
v 8.8 8.2 -2.7
v -8.8 8.2 -3.1
v -8.7 8.2 -3.1
v 8.7 8.2 -3.1
v 8.8 8.2 -3.1
v -8.8 8.2 -3.2
v -8.7 8.2 -3.2
v 8.7 8.2 -3.2
v 8.8 8.2 -3.2
v -8.8 8.2 -3.5
v -8.7 8.2 -3.5
v 8.7 8.2 -3.5
v 8.8 8.2 -3.5
v -8.8 8.2 -3.6
v -8.7 8.2 -3.6
v 8.7 8.2 -3.6
v 8.8 8.2 -3.6
v -3.1 8.2 -9.7
v -3 8.2 -9.7
v 1.6 8.2 -9.7
v 1.7 8.2 -9.7
v 2.1 8.2 -9.7
v 2.2 8.2 -9.7
v 2.5 8.2 -9.7
v 2.6 8.2 -9.7
v -3.1 8.2 -9.8
v -3 8.2 -9.8
v 1.6 8.2 -9.8
v 1.7 8.2 -9.8
v 2.1 8.2 -9.8
v 2.2 8.2 -9.8
v 2.5 8.2 -9.8
v 2.6 8.2 -9.8
v -3 8.3 7.8
v -2.9 8.3 7.8
v 1.5 8.3 7.8
v 1.6 8.3 7.8
v 2.2 8.3 7.8
v 2.3 8.3 7.8
v 2.4 8.3 7.8
v 2.5 8.3 7.8
v -3 8.3 7.7
v -2.9 8.3 7.7
v 1.5 8.3 7.7
v 1.6 8.3 7.7
v 2.2 8.3 7.7
v 2.3 8.3 7.7
v 2.4 8.3 7.7
v 2.5 8.3 7.7
v -8.8 8.3 2
v -8.7 8.3 2
v 8.7 8.3 2
v 8.8 8.3 2
v -8.8 8.3 1.9
v -8.7 8.3 1.9
v 8.7 8.3 1.9
v 8.8 8.3 1.9
v -8.8 8.3 -2.5
v -8.7 8.3 -2.5
v 8.7 8.3 -2.5
v 8.8 8.3 -2.5
v -8.8 8.3 -2.6
v -8.7 8.3 -2.6
v 8.7 8.3 -2.6
v 8.8 8.3 -2.6
v -8.8 8.3 -3.2
v -8.7 8.3 -3.2
v 8.7 8.3 -3.2
v 8.8 8.3 -3.2
v -8.8 8.3 -3.3
v -8.7 8.3 -3.3
v 8.7 8.3 -3.3
v 8.8 8.3 -3.3
v -8.8 8.3 -3.4
v -8.7 8.3 -3.4
v 8.7 8.3 -3.4
v 8.8 8.3 -3.4
v -8.8 8.3 -3.5
v -8.7 8.3 -3.5
v 8.7 8.3 -3.5
v 8.8 8.3 -3.5
v -3 8.3 -9.7
v -2.9 8.3 -9.7
v 1.5 8.3 -9.7
v 1.6 8.3 -9.7
v 2.2 8.3 -9.7
v 2.3 8.3 -9.7
v 2.4 8.3 -9.7
v 2.5 8.3 -9.7
v -3 8.3 -9.8
v -2.9 8.3 -9.8
v 1.5 8.3 -9.8
v 1.6 8.3 -9.8
v 2.2 8.3 -9.8
v 2.3 8.3 -9.8
v 2.4 8.3 -9.8
v 2.5 8.3 -9.8
v -5.7 8.4 8
v -5.6 8.4 8
v -5.7 8.4 7.9
v -5.6 8.4 7.9
v -2.9 8.4 7.8
v -2.1 8.4 7.8
v 1.4 8.4 7.8
v 1.5 8.4 7.8
v 2.3 8.4 7.8
v 2.4 8.4 7.8
v -2.9 8.4 7.7
v -2.1 8.4 7.7
v 1.4 8.4 7.7
v 1.5 8.4 7.7
v 2.3 8.4 7.7
v 2.4 8.4 7.7
v -9 8.4 4.7
v -8.9 8.4 4.7
v 8.9 8.4 4.7
v 9 8.4 4.7
v -9 8.4 4.6
v -8.9 8.4 4.6
v 8.9 8.4 4.6
v 9 8.4 4.6
v -8.8 8.4 1.9
v -8.7 8.4 1.9
v 8.7 8.4 1.9
v 8.8 8.4 1.9
v -8.8 8.4 1.1
v -8.7 8.4 1.1
v 8.7 8.4 1.1
v 8.8 8.4 1.1
v -8.8 8.4 -2.4
v -8.7 8.4 -2.4
v 8.7 8.4 -2.4
v 8.8 8.4 -2.4
v -8.8 8.4 -2.5
v -8.7 8.4 -2.5
v 8.7 8.4 -2.5
v 8.8 8.4 -2.5
v -8.8 8.4 -3.3
v -8.7 8.4 -3.3
v 8.7 8.4 -3.3
v 8.8 8.4 -3.3
v -8.8 8.4 -3.4
v -8.7 8.4 -3.4
v 8.7 8.4 -3.4
v 8.8 8.4 -3.4
v -2.9 8.4 -9.7
v -2.1 8.4 -9.7
v 1.4 8.4 -9.7
v 1.5 8.4 -9.7
v 2.3 8.4 -9.7
v 2.4 8.4 -9.7
v -2.9 8.4 -9.8
v -2.1 8.4 -9.8
v 1.4 8.4 -9.8
v 1.5 8.4 -9.8
v 2.3 8.4 -9.8
v 2.4 8.4 -9.8
v -5.7 8.4 -9.9
v -5.6 8.4 -9.9
v -5.7 8.4 -10
v -5.6 8.4 -10
v 1.3 8.5 7.8
v 1.4 8.5 7.8
v 1.3 8.5 7.7
v 1.4 8.5 7.7
v -8.8 8.5 -2.3
v -8.7 8.5 -2.3
v 8.7 8.5 -2.3
v 8.8 8.5 -2.3
v -8.8 8.5 -2.4
v -8.7 8.5 -2.4
v 8.7 8.5 -2.4
v 8.8 8.5 -2.4
v 1.3 8.5 -9.7
v 1.4 8.5 -9.7
v 1.3 8.5 -9.8
v 1.4 8.5 -9.8
v -2.2 8.7 7.8
v -2.1 8.7 7.8
v -2.2 8.7 7.7
v -2.1 8.7 7.7
v -8.8 8.7 1.2
v -8.7 8.7 1.2
v 8.7 8.7 1.2
v 8.8 8.7 1.2
v -8.8 8.7 1.1
v -8.7 8.7 1.1
v 8.7 8.7 1.1
v 8.8 8.7 1.1
v -2.2 8.7 -9.7
v -2.1 8.7 -9.7
v -2.2 8.7 -9.8
v -2.1 8.7 -9.8
v -2.1 8.8 7.8
v -2 8.8 7.8
v 2.7 8.8 7.8
v 2.8 8.8 7.8
v -2.1 8.8 7.7
v -2 8.8 7.7
v 2.7 8.8 7.7
v 2.8 8.8 7.7
v -8.8 8.8 1.1
v -8.7 8.8 1.1
v 8.7 8.8 1.1
v 8.8 8.8 1.1
v -8.8 8.8 1
v -8.7 8.8 1
v 8.7 8.8 1
v 8.8 8.8 1
v -8.8 8.8 -3.7
v -8.7 8.8 -3.7
v 8.7 8.8 -3.7
v 8.8 8.8 -3.7
v -8.8 8.8 -3.8
v -8.7 8.8 -3.8
v 8.7 8.8 -3.8
v 8.8 8.8 -3.8
v -2.1 8.8 -9.7
v -2 8.8 -9.7
v 2.7 8.8 -9.7
v 2.8 8.8 -9.7
v -2.1 8.8 -9.8
v -2 8.8 -9.8
v 2.7 8.8 -9.8
v 2.8 8.8 -9.8
v 2.8 8.9 7.8
v 2.9 8.9 7.8
v 2.8 8.9 7.7
v 2.9 8.9 7.7
v -8.8 8.9 -3.8
v -8.7 8.9 -3.8
v 8.7 8.9 -3.8
v 8.8 8.9 -3.8
v -8.8 8.9 -3.9
v -8.7 8.9 -3.9
v 8.7 8.9 -3.9
v 8.8 8.9 -3.9
v 2.8 8.9 -9.7
v 2.9 8.9 -9.7
v 2.8 8.9 -9.8
v 2.9 8.9 -9.8
v -6.7 9 7.8
v -6.4 9 7.8
v -2 9 7.8
v -1.9 9 7.8
v 2.9 9 7.8
v 3 9 7.8
v 6.4 9 7.8
v 6.7 9 7.8
v -2 9 7.7
v -1.9 9 7.7
v 2.9 9 7.7
v 3 9 7.7
v -6.7 9 7.5
v -6.4 9 7.5
v 6.4 9 7.5
v 6.7 9 7.5
v -8.8 9 5.7
v -8.5 9 5.7
v 8.5 9 5.7
v 8.8 9 5.7
v -8.8 9 5.4
v -8.5 9 5.4
v 8.5 9 5.4
v 8.8 9 5.4
v -8.8 9 1
v -8.7 9 1
v 8.7 9 1
v 8.8 9 1
v -8.8 9 0.9
v -8.7 9 0.9
v 8.7 9 0.9
v 8.8 9 0.9
v -8.8 9 -3.9
v -8.7 9 -3.9
v 8.7 9 -3.9
v 8.8 9 -3.9
v -8.8 9 -4
v -8.7 9 -4
v 8.7 9 -4
v 8.8 9 -4
v -8.8 9 -7.4
v -8.5 9 -7.4
v 8.5 9 -7.4
v 8.8 9 -7.4
v -8.8 9 -7.7
v -8.5 9 -7.7
v 8.5 9 -7.7
v 8.8 9 -7.7
v -6.7 9 -9.5
v -6.4 9 -9.5
v 6.4 9 -9.5
v 6.7 9 -9.5
v -2 9 -9.7
v -1.9 9 -9.7
v 2.9 9 -9.7
v 3 9 -9.7
v -6.7 9 -9.8
v -6.4 9 -9.8
v -2 9 -9.8
v -1.9 9 -9.8
v 2.9 9 -9.8
v 3 9 -9.8
v 6.4 9 -9.8
v 6.7 9 -9.8
v 3 9.1 7.8
v 3.1 9.1 7.8
v 3 9.1 7.7
v 3.1 9.1 7.7
v -8.8 9.1 -4
v -8.7 9.1 -4
v 8.7 9.1 -4
v 8.8 9.1 -4
v -8.8 9.1 -4.1
v -8.7 9.1 -4.1
v 8.7 9.1 -4.1
v 8.8 9.1 -4.1
v 3 9.1 -9.7
v 3.1 9.1 -9.7
v 3 9.1 -9.8
v 3.1 9.1 -9.8
v -2.7 9.3 7.8
v -2.6 9.3 7.8
v -1.3 9.3 7.8
v -1 9.3 7.8
v 0.599999 9.3 7.8
v 0.9 9.3 7.8
v 2.7 9.3 7.8
v 2.8 9.3 7.8
v -2.7 9.3 7.7
v -2.6 9.3 7.7
v 2.7 9.3 7.7
v 2.8 9.3 7.7
v -1.3 9.3 7.5
v -1 9.3 7.5
v 0.599999 9.3 7.5
v 0.9 9.3 7.5
v -8.8 9.3 1.7
v -8.7 9.3 1.7
v 8.7 9.3 1.7
v 8.8 9.3 1.7
v -8.8 9.3 1.6
v -8.7 9.3 1.6
v 8.7 9.3 1.6
v 8.8 9.3 1.6
v -8.8 9.3 0.3
v -8.5 9.3 0.3
v 8.5 9.3 0.3
v 8.8 9.3 0.3
v -8.8 9.3 0
v -8.5 9.3 0
v 8.5 9.3 0
v 8.8 9.3 0
v -8.8 9.3 -1.6
v -8.5 9.3 -1.6
v 8.5 9.3 -1.6
v 8.8 9.3 -1.6
v -8.8 9.3 -1.9
v -8.5 9.3 -1.9
v 8.5 9.3 -1.9
v 8.8 9.3 -1.9
v -8.8 9.3 -3.7
v -8.7 9.3 -3.7
v 8.7 9.3 -3.7
v 8.8 9.3 -3.7
v -8.8 9.3 -3.8
v -8.7 9.3 -3.8
v 8.7 9.3 -3.8
v 8.8 9.3 -3.8
v -1.3 9.3 -9.5
v -1 9.3 -9.5
v 0.599999 9.3 -9.5
v 0.9 9.3 -9.5
v -2.7 9.3 -9.7
v -2.6 9.3 -9.7
v 2.7 9.3 -9.7
v 2.8 9.3 -9.7
v -2.7 9.3 -9.8
v -2.6 9.3 -9.8
v -1.3 9.3 -9.8
v -1 9.3 -9.8
v 0.599999 9.3 -9.8
v 0.9 9.3 -9.8
v 2.7 9.3 -9.8
v 2.8 9.3 -9.8
v -2.6 9.4 7.8
v -2.5 9.4 7.8
v -2.6 9.4 7.7
v -2.5 9.4 7.7
v -8.8 9.4 1.6
v -8.7 9.4 1.6
v 8.7 9.4 1.6
v 8.8 9.4 1.6
v -8.8 9.4 1.5
v -8.7 9.4 1.5
v 8.7 9.4 1.5
v 8.8 9.4 1.5
v -2.6 9.4 -9.7
v -2.5 9.4 -9.7
v -2.6 9.4 -9.8
v -2.5 9.4 -9.8
v -2.5 9.5 7.8
v -2.4 9.5 7.8
v -2.5 9.5 7.7
v -2.4 9.5 7.7
v -8.8 9.5 1.5
v -8.7 9.5 1.5
v 8.7 9.5 1.5
v 8.8 9.5 1.5
v -8.8 9.5 1.4
v -8.7 9.5 1.4
v 8.7 9.5 1.4
v 8.8 9.5 1.4
v -2.5 9.5 -9.7
v -2.4 9.5 -9.7
v -2.5 9.5 -9.8
v -2.4 9.5 -9.8
v -2.4 9.6 7.8
v -2.3 9.6 7.8
v -2.4 9.6 7.7
v -2.3 9.6 7.7
v -8.8 9.6 1.4
v -8.7 9.6 1.4
v 8.7 9.6 1.4
v 8.8 9.6 1.4
v -8.8 9.6 1.3
v -8.7 9.6 1.3
v 8.7 9.6 1.3
v 8.8 9.6 1.3
v -2.4 9.6 -9.7
v -2.3 9.6 -9.7
v -2.4 9.6 -9.8
v -2.3 9.6 -9.8
v -6.4 9.9 7.8
v -6.1 9.9 7.8
v 6.1 9.9 7.8
v 6.4 9.9 7.8
v -6.4 9.9 7.5
v -6.1 9.9 7.5
v 6.1 9.9 7.5
v 6.4 9.9 7.5
v -8.8 9.9 5.4
v -8.5 9.9 5.4
v 8.5 9.9 5.4
v 8.8 9.9 5.4
v -8.8 9.9 5.1
v -8.5 9.9 5.1
v 8.5 9.9 5.1
v 8.8 9.9 5.1
v -8.8 9.9 -7.1
v -8.5 9.9 -7.1
v 8.5 9.9 -7.1
v 8.8 9.9 -7.1
v -8.8 9.9 -7.4
v -8.5 9.9 -7.4
v 8.5 9.9 -7.4
v 8.8 9.9 -7.4
v -6.4 9.9 -9.5
v -6.1 9.9 -9.5
v 6.1 9.9 -9.5
v 6.4 9.9 -9.5
v -6.4 9.9 -9.8
v -6.1 9.9 -9.8
v 6.1 9.9 -9.8
v 6.4 9.9 -9.8
v -6.1 10.5 7.8
v -5.8 10.5 7.8
v -1.6 10.5 7.8
v -1.3 10.5 7.8
v 0.9 10.5 7.8
v 1.2 10.5 7.8
v 5.8 10.5 7.8
v 6.1 10.5 7.8
v -6.1 10.5 7.5
v -5.8 10.5 7.5
v -1.6 10.5 7.5
v -1.3 10.5 7.5
v 0.9 10.5 7.5
v 1.2 10.5 7.5
v 5.8 10.5 7.5
v 6.1 10.5 7.5
v -8.8 10.5 5.1
v -8.5 10.5 5.1
v 8.5 10.5 5.1
v 8.8 10.5 5.1
v -8.8 10.5 4.8
v -8.5 10.5 4.8
v 8.5 10.5 4.8
v 8.8 10.5 4.8
v -8.8 10.5 0.6
v -8.5 10.5 0.6
v 8.5 10.5 0.6
v 8.8 10.5 0.6
v -8.8 10.5 0.3
v -8.5 10.5 0.3
v 8.5 10.5 0.3
v 8.8 10.5 0.3
v -8.8 10.5 -1.9
v -8.5 10.5 -1.9
v 8.5 10.5 -1.9
v 8.8 10.5 -1.9
v -8.8 10.5 -2.2
v -8.5 10.5 -2.2
v 8.5 10.5 -2.2
v 8.8 10.5 -2.2
v -8.8 10.5 -6.8
v -8.5 10.5 -6.8
v 8.5 10.5 -6.8
v 8.8 10.5 -6.8
v -8.8 10.5 -7.1
v -8.5 10.5 -7.1
v 8.5 10.5 -7.1
v 8.8 10.5 -7.1
v -6.1 10.5 -9.5
v -5.8 10.5 -9.5
v -1.6 10.5 -9.5
v -1.3 10.5 -9.5
v 0.9 10.5 -9.5
v 1.2 10.5 -9.5
v 5.8 10.5 -9.5
v 6.1 10.5 -9.5
v -6.1 10.5 -9.8
v -5.8 10.5 -9.8
v -1.6 10.5 -9.8
v -1.3 10.5 -9.8
v 0.9 10.5 -9.8
v 1.2 10.5 -9.8
v 5.8 10.5 -9.8
v 6.1 10.5 -9.8
v -5.8 11.1 7.8
v -1.6 11.1 7.8
v 1.2 11.1 7.8
v 5.8 11.1 7.8
v -5.8 11.1 7.5
v -1.6 11.1 7.5
v 1.2 11.1 7.5
v 5.8 11.1 7.5
v -8.8 11.1 4.8
v -8.5 11.1 4.8
v 8.5 11.1 4.8
v 8.8 11.1 4.8
v -8.8 11.1 0.6
v -8.5 11.1 0.6
v 8.5 11.1 0.6
v 8.8 11.1 0.6
v -8.8 11.1 -2.2
v -8.5 11.1 -2.2
v 8.5 11.1 -2.2
v 8.8 11.1 -2.2
v -8.8 11.1 -6.8
v -8.5 11.1 -6.8
v 8.5 11.1 -6.8
v 8.8 11.1 -6.8
v -5.8 11.1 -9.5
v -1.6 11.1 -9.5
v 1.2 11.1 -9.5
v 5.8 11.1 -9.5
v -5.8 11.1 -9.8
v -1.6 11.1 -9.8
v 1.2 11.1 -9.8
v 5.8 11.1 -9.8
v -5.5 11.5 7.6
v -1.9 11.5 7.6
v 1.5 11.5 7.6
v 5.5 11.5 7.6
v -5.5 11.5 7.5
v -1.9 11.5 7.5
v 1.5 11.5 7.5
v 5.5 11.5 7.5
v -8.6 11.5 4.5
v -8.5 11.5 4.5
v 8.5 11.5 4.5
v 8.6 11.5 4.5
v -8.6 11.5 0.9
v -8.5 11.5 0.9
v 8.5 11.5 0.9
v 8.6 11.5 0.9
v -8.6 11.5 -2.5
v -8.5 11.5 -2.5
v 8.5 11.5 -2.5
v 8.6 11.5 -2.5
v -8.6 11.5 -6.5
v -8.5 11.5 -6.5
v 8.5 11.5 -6.5
v 8.6 11.5 -6.5
v -5.5 11.5 -9.5
v -1.9 11.5 -9.5
v 1.5 11.5 -9.5
v 5.5 11.5 -9.5
v -5.5 11.5 -9.6
v -1.9 11.5 -9.6
v 1.5 11.5 -9.6
v 5.5 11.5 -9.6
v -7.5 14.5 7.4
v -7.4 14.5 7.4
v -7.5 14.5 7.3
v -7.4 14.5 7.3
v -8.4 14.5 6.5
v -8.3 14.5 6.5
v 8.3 14.5 6.5
v 8.4 14.5 6.5
v -8.4 14.5 6.4
v -8.3 14.5 6.4
v 8.3 14.5 6.4
v 8.4 14.5 6.4
v -7.5 14.5 -9.3
v -7.4 14.5 -9.3
v -7.5 14.5 -9.4
v -7.4 14.5 -9.4
v -7.6 14.8 7.4
v -7.5 14.8 7.4
v -7.6 14.8 7.3
v -7.5 14.8 7.3
v -8.4 14.8 6.6
v -8.3 14.8 6.6
v 8.3 14.8 6.6
v 8.4 14.8 6.6
v -8.4 14.8 6.5
v -8.3 14.8 6.5
v 8.3 14.8 6.5
v 8.4 14.8 6.5
v -7.6 14.8 -9.3
v -7.5 14.8 -9.3
v -7.6 14.8 -9.4
v -7.5 14.8 -9.4
v -0.3 3.9 7.3
v -0.1 3.9 7.3
v -4.9 3.9 7.2
v -1.6 3.9 7.2
v -0.3 3.9 7.2
v -0.1 3.9 7.2
v 1.2 3.9 7.2
v 4.9 3.9 7.2
v -7.9 3.9 6.9
v -4.9 3.9 6.9
v 4.9 3.9 6.9
v 7.9 3.9 6.9
v -8.2 3.9 3.9
v -7.9 3.9 3.9
v 7.9 3.9 3.9
v 8.2 3.9 3.9
v -1.4 3.9 2.1
v -0.3 3.9 2.1
v -0.1 3.9 2.1
v 1 3.9 2.1
v -1.7 3.9 1.8
v -1.6 3.9 1.8
v -1.4 3.9 1.8
v 1 3.9 1.8
v 1.2 3.9 1.8
v 1.3 3.9 1.8
v -2 3.9 1.6
v -1.7 3.9 1.6
v 1.3 3.9 1.6
v 1.6 3.9 1.6
v -2.3 3.9 1.3
v -2 3.9 1.3
v 1.6 3.9 1.3
v 1.9 3.9 1.3
v -2.6 3.9 1
v -2.3 3.9 1
v 1.9 3.9 1
v 2.2 3.9 1
v -2.8 3.9 0.7
v -2.6 3.9 0.7
v 2.2 3.9 0.7
v 2.4 3.9 0.7
v -8.2 3.9 0.6
v -2.8 3.9 0.6
v 2.4 3.9 0.6
v 8.2 3.9 0.6
v -3.1 3.9 0.4
v -2.8 3.9 0.4
v 2.4 3.9 0.4
v 2.7 3.9 0.4
v -8.3 3.9 -0.7
v -8.2 3.9 -0.7
v -3.1 3.9 -0.7
v 2.7 3.9 -0.7
v 8.2 3.9 -0.7
v 8.3 3.9 -0.7
v -8.3 3.9 -0.9
v -8.2 3.9 -0.9
v -3.1 3.9 -0.9
v 2.7 3.9 -0.9
v 8.2 3.9 -0.9
v 8.3 3.9 -0.9
v -3.1 3.9 -2
v -2.8 3.9 -2
v 2.4 3.9 -2
v 2.7 3.9 -2
v -8.2 3.9 -2.2
v -2.8 3.9 -2.2
v 2.4 3.9 -2.2
v 8.2 3.9 -2.2
v -2.8 3.9 -2.3
v -2.6 3.9 -2.3
v 2.2 3.9 -2.3
v 2.4 3.9 -2.3
v -2.6 3.9 -2.6
v -2.3 3.9 -2.6
v 1.9 3.9 -2.6
v 2.2 3.9 -2.6
v -2.3 3.9 -2.9
v -2 3.9 -2.9
v 1.6 3.9 -2.9
v 1.9 3.9 -2.9
v -2 3.9 -3.2
v -1.7 3.9 -3.2
v 1.3 3.9 -3.2
v 1.6 3.9 -3.2
v -1.7 3.9 -3.4
v -1.6 3.9 -3.4
v -1.4 3.9 -3.4
v 1 3.9 -3.4
v 1.2 3.9 -3.4
v 1.3 3.9 -3.4
v -1.4 3.9 -3.7
v -0.3 3.9 -3.7
v -0.1 3.9 -3.7
v 1 3.9 -3.7
v -8.2 3.9 -5.9
v -7.9 3.9 -5.9
v 7.9 3.9 -5.9
v 8.2 3.9 -5.9
v -7.9 3.9 -8.9
v -4.9 3.9 -8.9
v 4.9 3.9 -8.9
v 7.9 3.9 -8.9
v -4.9 3.9 -9.2
v -1.6 3.9 -9.2
v -0.3 3.9 -9.2
v -0.1 3.9 -9.2
v 1.2 3.9 -9.2
v 4.9 3.9 -9.2
v -0.3 3.9 -9.3
v -0.1 3.9 -9.3
v -5.5 4.2 7.5
v -1.6 4.2 7.5
v 1.2 4.2 7.5
v 5.5 4.2 7.5
v 5.5 4.2 7.3
v -8.2 4.2 7.2
v -7 4.2 7.2
v -5.5 4.2 7.2
v -4.9 4.2 7.2
v -1.6 4.2 7.2
v 1.2 4.2 7.2
v 4.9 4.2 7.2
v 5.5 4.2 7.2
v 6.7 4.2 7.2
v 7 4.2 7.2
v 8.2 4.2 7.2
v -7.9 4.2 6.9
v -4.9 4.2 6.9
v 4.9 4.2 6.9
v 7.9 4.2 6.9
v -8.2 4.2 6
v 8.2 4.2 6
v -8.5 4.2 4.5
v -8.2 4.2 4.5
v 8.2 4.2 4.5
v 8.5 4.2 4.5
v -8.2 4.2 3.9
v -7.9 4.2 3.9
v 7.9 4.2 3.9
v 8.2 4.2 3.9
v -1.4 4.2 2.1
v 1 4.2 2.1
v -1.7 4.2 1.8
v -1.4 4.2 1.8
v 1 4.2 1.8
v 1.3 4.2 1.8
v -2 4.2 1.6
v -1.7 4.2 1.6
v -1.4 4.2 1.6
v 1 4.2 1.6
v 1.3 4.2 1.6
v 1.6 4.2 1.6
v -2.3 4.2 1.3
v -2 4.2 1.3
v -1.7 4.2 1.3
v 1.3 4.2 1.3
v 1.6 4.2 1.3
v 1.9 4.2 1.3
v -2.6 4.2 1
v -2.3 4.2 1
v -2 4.2 1
v 1.6 4.2 1
v 1.9 4.2 1
v 2.2 4.2 1
v -2.8 4.2 0.7
v -2.6 4.2 0.7
v -2.3 4.2 0.7
v 1.9 4.2 0.7
v 2.2 4.2 0.7
v 2.4 4.2 0.7
v -8.5 4.2 0.6
v -8.2 4.2 0.6
v 8.2 4.2 0.6
v 8.5 4.2 0.6
v -3.1 4.2 0.4
v -2.8 4.2 0.4
v -2.6 4.2 0.4
v 2.2 4.2 0.4
v 2.4 4.2 0.4
v 2.7 4.2 0.4
v -3.1 4.2 -2
v -2.8 4.2 -2
v -2.6 4.2 -2
v 2.2 4.2 -2
v 2.4 4.2 -2
v 2.7 4.2 -2
v -8.5 4.2 -2.2
v -8.2 4.2 -2.2
v 8.2 4.2 -2.2
v 8.5 4.2 -2.2
v -2.8 4.2 -2.3
v -2.6 4.2 -2.3
v -2.3 4.2 -2.3
v 1.9 4.2 -2.3
v 2.2 4.2 -2.3
v 2.4 4.2 -2.3
v -2.6 4.2 -2.6
v -2.3 4.2 -2.6
v -2 4.2 -2.6
v 1.6 4.2 -2.6
v 1.9 4.2 -2.6
v 2.2 4.2 -2.6
v -2.3 4.2 -2.9
v -2 4.2 -2.9
v -1.7 4.2 -2.9
v 1.3 4.2 -2.9
v 1.6 4.2 -2.9
v 1.9 4.2 -2.9
v -2 4.2 -3.2
v -1.7 4.2 -3.2
v -1.4 4.2 -3.2
v 1 4.2 -3.2
v 1.3 4.2 -3.2
v 1.6 4.2 -3.2
v -1.7 4.2 -3.4
v -1.4 4.2 -3.4
v 1 4.2 -3.4
v 1.3 4.2 -3.4
v -1.4 4.2 -3.7
v 1 4.2 -3.7
v -8.2 4.2 -5.9
v -7.9 4.2 -5.9
v 7.9 4.2 -5.9
v 8.2 4.2 -5.9
v -8.5 4.2 -6.5
v -8.3 4.2 -6.5
v -8.2 4.2 -6.5
v 8.2 4.2 -6.5
v 8.3 4.2 -6.5
v 8.5 4.2 -6.5
v -8.2 4.2 -7.7
v 8.2 4.2 -7.7
v -8.2 4.2 -8
v 8.2 4.2 -8
v -7.9 4.2 -8.9
v -4.9 4.2 -8.9
v 4.9 4.2 -8.9
v 7.9 4.2 -8.9
v -8.2 4.2 -9.2
v -7 4.2 -9.2
v -5.5 4.2 -9.2
v -4.9 4.2 -9.2
v -1.6 4.2 -9.2
v 1.2 4.2 -9.2
v 4.9 4.2 -9.2
v 5.5 4.2 -9.2
v 6.7 4.2 -9.2
v 7 4.2 -9.2
v 8.2 4.2 -9.2
v 5.5 4.2 -9.3
v -5.5 4.2 -9.5
v -1.6 4.2 -9.5
v 1.2 4.2 -9.5
v 5.5 4.2 -9.5
v -5.8 4.5 7.5
v -5.5 4.5 7.5
v -1.6 4.5 7.5
v -1.3 4.5 7.5
v 0.9 4.5 7.5
v 1.2 4.5 7.5
v 5.5 4.5 7.5
v 5.8 4.5 7.5
v 5.5 4.5 7.3
v 5.8 4.5 7.3
v -5.8 4.5 7.2
v -5.5 4.5 7.2
v -1.6 4.5 7.2
v -1.3 4.5 7.2
v 0.9 4.5 7.2
v 1.2 4.5 7.2
v 5.5 4.5 7.2
v 5.8 4.5 7.2
v -8.5 4.5 4.8
v -8.2 4.5 4.8
v 8.2 4.5 4.8
v 8.5 4.5 4.8
v -8.5 4.5 4.5
v -8.2 4.5 4.5
v 8.2 4.5 4.5
v 8.5 4.5 4.5
v -1.4 4.5 1.8
v 1 4.5 1.8
v -1.7 4.5 1.6
v -1.4 4.5 1.6
v 1 4.5 1.6
v 1.3 4.5 1.6
v -2 4.5 1.3
v -1.7 4.5 1.3
v 1.3 4.5 1.3
v 1.6 4.5 1.3
v -1.4 4.5 1.2
v 1 4.5 1.2
v -2.3 4.5 1
v -2 4.5 1
v 1.6 4.5 1
v 1.9 4.5 1
v -1.1 4.5 0.9
v 0.7 4.5 0.9
v -2.6 4.5 0.7
v -2.3 4.5 0.7
v -1.7 4.5 0.7
v -1.4 4.5 0.7
v 1 4.5 0.7
v 1.3 4.5 0.7
v 1.9 4.5 0.7
v 2.2 4.5 0.7
v -8.5 4.5 0.6
v -8.2 4.5 0.6
v -1.4 4.5 0.6
v -1.1 4.5 0.6
v 0.7 4.5 0.6
v 1 4.5 0.6
v 8.2 4.5 0.6
v 8.5 4.5 0.6
v -2.8 4.5 0.4
v -2.6 4.5 0.4
v -2.2 4.5 0.4
v -1.7 4.5 0.4
v -1.6 4.5 0.4
v -1.4 4.5 0.4
v 1 4.5 0.4
v 1.2 4.5 0.4
v 1.3 4.5 0.4
v 1.8 4.5 0.4
v 2.2 4.5 0.4
v 2.4 4.5 0.4
v -8.5 4.5 0.3
v -8.2 4.5 0.3
v -1.3 4.5 0.3
v -1.1 4.5 0.3
v 0.7 4.5 0.3
v 0.9 4.5 0.3
v 8.2 4.5 0.3
v 8.5 4.5 0.3
v -1.9 4.5 0.1
v -1.6 4.5 0.1
v -1.3 4.5 0.1
v 0.9 4.5 0.1
v 1.2 4.5 0.1
v 1.5 4.5 0.1
v -1.9 4.5 -1.7
v -1.6 4.5 -1.7
v -1.3 4.5 -1.7
v 0.9 4.5 -1.7
v 1.2 4.5 -1.7
v 1.5 4.5 -1.7
v -8.5 4.5 -1.9
v -8.2 4.5 -1.9
v -1.3 4.5 -1.9
v -1.1 4.5 -1.9
v 0.7 4.5 -1.9
v 0.9 4.5 -1.9
v 8.2 4.5 -1.9
v 8.5 4.5 -1.9
v -2.8 4.5 -2
v -2.6 4.5 -2
v -2.2 4.5 -2
v -1.7 4.5 -2
v -1.6 4.5 -2
v -1.4 4.5 -2
v 1 4.5 -2
v 1.2 4.5 -2
v 1.3 4.5 -2
v 1.8 4.5 -2
v 2.2 4.5 -2
v 2.4 4.5 -2
v -8.5 4.5 -2.2
v -8.2 4.5 -2.2
v -1.4 4.5 -2.2
v -1.1 4.5 -2.2
v 0.7 4.5 -2.2
v 1 4.5 -2.2
v 8.2 4.5 -2.2
v 8.5 4.5 -2.2
v -2.6 4.5 -2.3
v -2.3 4.5 -2.3
v -1.7 4.5 -2.3
v -1.4 4.5 -2.3
v 1 4.5 -2.3
v 1.3 4.5 -2.3
v 1.9 4.5 -2.3
v 2.2 4.5 -2.3
v -1.1 4.5 -2.5
v 0.7 4.5 -2.5
v -2.3 4.5 -2.6
v -2 4.5 -2.6
v 1.6 4.5 -2.6
v 1.9 4.5 -2.6
v -1.4 4.5 -2.8
v 1 4.5 -2.8
v -2 4.5 -2.9
v -1.7 4.5 -2.9
v 1.3 4.5 -2.9
v 1.6 4.5 -2.9
v -1.7 4.5 -3.2
v -1.4 4.5 -3.2
v 1 4.5 -3.2
v 1.3 4.5 -3.2
v -1.4 4.5 -3.4
v 1 4.5 -3.4
v -8.5 4.5 -6.5
v -8.3 4.5 -6.5
v -8.2 4.5 -6.5
v 8.2 4.5 -6.5
v 8.3 4.5 -6.5
v 8.5 4.5 -6.5
v -8.5 4.5 -6.8
v -8.3 4.5 -6.8
v -8.2 4.5 -6.8
v 8.2 4.5 -6.8
v 8.3 4.5 -6.8
v 8.5 4.5 -6.8
v -5.8 4.5 -9.2
v -5.5 4.5 -9.2
v -1.6 4.5 -9.2
v -1.3 4.5 -9.2
v 0.9 4.5 -9.2
v 1.2 4.5 -9.2
v 5.5 4.5 -9.2
v 5.8 4.5 -9.2
v 5.5 4.5 -9.3
v 5.8 4.5 -9.3
v -5.8 4.5 -9.5
v -5.5 4.5 -9.5
v -1.6 4.5 -9.5
v -1.3 4.5 -9.5
v 0.9 4.5 -9.5
v 1.2 4.5 -9.5
v 5.5 4.5 -9.5
v 5.8 4.5 -9.5
v -5.2 4.7 7.6
v -1.9 4.7 7.6
v 1.5 4.7 7.6
v 5.2 4.7 7.6
v -5.2 4.7 7.5
v -1.9 4.7 7.5
v 1.5 4.7 7.5
v 5.2 4.7 7.5
v -8.6 4.7 4.2
v -8.5 4.7 4.2
v 8.5 4.7 4.2
v 8.6 4.7 4.2
v -8.6 4.7 0.9
v -8.5 4.7 0.9
v 8.5 4.7 0.9
v 8.6 4.7 0.9
v -8.6 4.7 -2.5
v -8.5 4.7 -2.5
v 8.5 4.7 -2.5
v 8.6 4.7 -2.5
v -8.6 4.7 -6.2
v -8.5 4.7 -6.2
v 8.5 4.7 -6.2
v 8.6 4.7 -6.2
v -5.2 4.7 -9.5
v -1.9 4.7 -9.5
v 1.5 4.7 -9.5
v 5.2 4.7 -9.5
v -5.2 4.7 -9.6
v -1.9 4.7 -9.6
v 1.5 4.7 -9.6
v 5.2 4.7 -9.6
v -5.5 5.1 7.8
v -1.6 5.1 7.8
v 1.2 5.1 7.8
v 5.5 5.1 7.8
v -3.8 5.1 7.7
v -3.4 5.1 7.7
v 3.3 5.1 7.7
v 3.7 5.1 7.7
v -3.8 5.1 7.6
v -3.4 5.1 7.6
v 3.3 5.1 7.6
v 3.7 5.1 7.6
v -6.1 5.1 7.5
v -5.8 5.1 7.5
v -5.5 5.1 7.5
v -1.6 5.1 7.5
v -1.3 5.1 7.5
v -1 5.1 7.5
v 0.599999 5.1 7.5
v 0.9 5.1 7.5
v 1.2 5.1 7.5
v 5.5 5.1 7.5
v 5.8 5.1 7.5
v 6.1 5.1 7.5
v 5.8 5.1 7.3
v 6.1 5.1 7.3
v -6.1 5.1 7.2
v -5.8 5.1 7.2
v -1.3 5.1 7.2
v -1 5.1 7.2
v 0.599999 5.1 7.2
v 0.9 5.1 7.2
v 5.8 5.1 7.2
v 6.1 5.1 7.2
v -8.5 5.1 5.1
v -8.2 5.1 5.1
v 8.2 5.1 5.1
v 8.5 5.1 5.1
v -8.5 5.1 4.8
v -8.2 5.1 4.8
v 8.2 5.1 4.8
v 8.5 5.1 4.8
v -8.8 5.1 4.5
v -8.5 5.1 4.5
v 8.5 5.1 4.5
v 8.8 5.1 4.5
v -8.7 5.1 2.8
v -8.6 5.1 2.8
v 8.6 5.1 2.8
v 8.7 5.1 2.8
v -8.7 5.1 2.4
v -8.6 5.1 2.4
v 8.6 5.1 2.4
v 8.7 5.1 2.4
v -8.8 5.1 0.6
v -8.5 5.1 0.6
v 8.5 5.1 0.6
v 8.8 5.1 0.6
v -8.5 5.1 0.3
v -8.2 5.1 0.3
v 8.2 5.1 0.3
v 8.5 5.1 0.3
v -8.5 5.1 0
v -8.2 5.1 0
v 8.2 5.1 0
v 8.5 5.1 0
v -8.5 5.1 -1.6
v -8.2 5.1 -1.6
v 8.2 5.1 -1.6
v 8.5 5.1 -1.6
v -8.5 5.1 -1.9
v -8.2 5.1 -1.9
v 8.2 5.1 -1.9
v 8.5 5.1 -1.9
v -8.8 5.1 -2.2
v -8.5 5.1 -2.2
v 8.5 5.1 -2.2
v 8.8 5.1 -2.2
v -8.7 5.1 -4.3
v -8.6 5.1 -4.3
v 8.6 5.1 -4.3
v 8.7 5.1 -4.3
v -8.7 5.1 -4.7
v -8.6 5.1 -4.7
v 8.6 5.1 -4.7
v 8.7 5.1 -4.7
v -8.8 5.1 -6.5
v -8.5 5.1 -6.5
v 8.5 5.1 -6.5
v 8.8 5.1 -6.5
v -8.5 5.1 -6.8
v -8.3 5.1 -6.8
v -8.2 5.1 -6.8
v 8.2 5.1 -6.8
v 8.3 5.1 -6.8
v 8.5 5.1 -6.8
v -8.5 5.1 -7.1
v -8.3 5.1 -7.1
v -8.2 5.1 -7.1
v 8.2 5.1 -7.1
v 8.3 5.1 -7.1
v 8.5 5.1 -7.1
v -6.1 5.1 -9.2
v -5.8 5.1 -9.2
v -1.3 5.1 -9.2
v -1 5.1 -9.2
v 0.599999 5.1 -9.2
v 0.9 5.1 -9.2
v 5.8 5.1 -9.2
v 6.1 5.1 -9.2
v 5.8 5.1 -9.3
v 6.1 5.1 -9.3
v -6.1 5.1 -9.5
v -5.8 5.1 -9.5
v -5.5 5.1 -9.5
v -1.6 5.1 -9.5
v -1.3 5.1 -9.5
v -1 5.1 -9.5
v 0.599999 5.1 -9.5
v 0.9 5.1 -9.5
v 1.2 5.1 -9.5
v 5.5 5.1 -9.5
v 5.8 5.1 -9.5
v 6.1 5.1 -9.5
v -3.8 5.1 -9.6
v -3.4 5.1 -9.6
v 3.3 5.1 -9.6
v 3.7 5.1 -9.6
v -3.8 5.1 -9.7
v -3.4 5.1 -9.7
v 3.3 5.1 -9.7
v 3.7 5.1 -9.7
v -5.5 5.1 -9.8
v -1.6 5.1 -9.8
v 1.2 5.1 -9.8
v 5.5 5.1 -9.8
v -3.8 5.2 7.7
v -3.4 5.2 7.7
v 3.3 5.2 7.7
v 3.7 5.2 7.7
v -3.8 5.2 7.6
v -3.4 5.2 7.6
v 3.3 5.2 7.6
v 3.7 5.2 7.6
v -8.7 5.2 2.8
v -8.6 5.2 2.8
v 8.6 5.2 2.8
v 8.7 5.2 2.8
v -8.7 5.2 2.4
v -8.6 5.2 2.4
v 8.6 5.2 2.4
v 8.7 5.2 2.4
v -8.7 5.2 -4.3
v -8.6 5.2 -4.3
v 8.6 5.2 -4.3
v 8.7 5.2 -4.3
v -8.7 5.2 -4.7
v -8.6 5.2 -4.7
v 8.6 5.2 -4.7
v 8.7 5.2 -4.7
v -3.8 5.2 -9.6
v -3.4 5.2 -9.6
v 3.3 5.2 -9.6
v 3.7 5.2 -9.6
v -3.8 5.2 -9.7
v -3.4 5.2 -9.7
v 3.3 5.2 -9.7
v 3.7 5.2 -9.7
v -5.8 5.7 7.8
v -5.5 5.7 7.8
v -1.6 5.7 7.8
v -1.3 5.7 7.8
v 0.9 5.7 7.8
v 1.2 5.7 7.8
v 5.5 5.7 7.8
v 5.8 5.7 7.8
v -6.4 5.7 7.5
v -6.1 5.7 7.5
v -5.8 5.7 7.5
v -5.5 5.7 7.5
v -1.6 5.7 7.5
v -1.3 5.7 7.5
v 0.9 5.7 7.5
v 1.2 5.7 7.5
v 5.5 5.7 7.5
v 5.8 5.7 7.5
v 6.1 5.7 7.5
v 6.4 5.7 7.5
v -6.4 5.7 7.2
v -6.1 5.7 7.2
v 6.1 5.7 7.2
v 6.4 5.7 7.2
v -8.5 5.7 5.4
v -8.2 5.7 5.4
v 8.2 5.7 5.4
v 8.5 5.7 5.4
v -8.5 5.7 5.1
v -8.2 5.7 5.1
v 8.2 5.7 5.1
v 8.5 5.7 5.1
v -8.8 5.7 4.8
v -8.5 5.7 4.8
v 8.5 5.7 4.8
v 8.8 5.7 4.8
v -8.8 5.7 4.5
v -8.5 5.7 4.5
v 8.5 5.7 4.5
v 8.8 5.7 4.5
v -8.8 5.7 0.6
v -8.5 5.7 0.6
v 8.5 5.7 0.6
v 8.8 5.7 0.6
v -8.8 5.7 0.3
v -8.5 5.7 0.3
v 8.5 5.7 0.3
v 8.8 5.7 0.3
v -8.8 5.7 -1.9
v -8.5 5.7 -1.9
v 8.5 5.7 -1.9
v 8.8 5.7 -1.9
v -8.8 5.7 -2.2
v -8.5 5.7 -2.2
v 8.5 5.7 -2.2
v 8.8 5.7 -2.2
v -8.8 5.7 -6.5
v -8.5 5.7 -6.5
v 8.5 5.7 -6.5
v 8.8 5.7 -6.5
v -8.8 5.7 -6.8
v -8.5 5.7 -6.8
v 8.5 5.7 -6.8
v 8.8 5.7 -6.8
v -8.5 5.7 -7.1
v -8.2 5.7 -7.1
v 8.2 5.7 -7.1
v 8.5 5.7 -7.1
v -8.5 5.7 -7.4
v -8.2 5.7 -7.4
v 8.2 5.7 -7.4
v 8.5 5.7 -7.4
v -6.4 5.7 -9.2
v -6.1 5.7 -9.2
v 6.1 5.7 -9.2
v 6.4 5.7 -9.2
v -6.4 5.7 -9.5
v -6.1 5.7 -9.5
v -5.8 5.7 -9.5
v -5.5 5.7 -9.5
v -1.6 5.7 -9.5
v -1.3 5.7 -9.5
v 0.9 5.7 -9.5
v 1.2 5.7 -9.5
v 5.5 5.7 -9.5
v 5.8 5.7 -9.5
v 6.1 5.7 -9.5
v 6.4 5.7 -9.5
v -5.8 5.7 -9.8
v -5.5 5.7 -9.8
v -1.6 5.7 -9.8
v -1.3 5.7 -9.8
v 0.9 5.7 -9.8
v 1.2 5.7 -9.8
v 5.5 5.7 -9.8
v 5.8 5.7 -9.8
v -0.3 5.9 7.6
v -0.1 5.9 7.6
v -0.3 5.9 7.3
v -0.1 5.9 7.3
v -8.6 5.9 -0.7
v -8.3 5.9 -0.7
v 8.3 5.9 -0.7
v 8.6 5.9 -0.7
v -8.6 5.9 -0.9
v -8.3 5.9 -0.9
v 8.3 5.9 -0.9
v 8.6 5.9 -0.9
v -0.3 5.9 -9.3
v -0.1 5.9 -9.3
v -0.3 5.9 -9.6
v -0.1 5.9 -9.6
v -1 6 7.5
v -0.3 6 7.5
v -0.1 6 7.5
v 0.599999 6 7.5
v -1 6 7.2
v -0.3 6 7.2
v -0.1 6 7.2
v 0.599999 6 7.2
v -8.5 6 0
v -8.2 6 0
v 8.2 6 0
v 8.5 6 0
v -8.5 6 -0.7
v -8.2 6 -0.7
v 8.2 6 -0.7
v 8.5 6 -0.7
v -8.5 6 -0.9
v -8.2 6 -0.9
v 8.2 6 -0.9
v 8.5 6 -0.9
v -8.5 6 -1.6
v -8.2 6 -1.6
v 8.2 6 -1.6
v 8.5 6 -1.6
v -1 6 -9.2
v -0.3 6 -9.2
v -0.1 6 -9.2
v 0.599999 6 -9.2
v -1 6 -9.5
v -0.3 6 -9.5
v -0.1 6 -9.5
v 0.599999 6 -9.5
v -5.6 6.2 8
v -5.5 6.2 8
v -5.6 6.2 7.9
v -5.5 6.2 7.9
v -9 6.2 4.6
v -8.9 6.2 4.6
v 8.9 6.2 4.6
v 9 6.2 4.6
v -9 6.2 4.5
v -8.9 6.2 4.5
v 8.9 6.2 4.5
v 9 6.2 4.5
v -5.6 6.2 -9.9
v -5.5 6.2 -9.9
v -5.6 6.2 -10
v -5.5 6.2 -10
v -6.1 6.3 7.8
v -5.8 6.3 7.8
v 5.8 6.3 7.8
v 6.1 6.3 7.8
v -6.1 6.3 7.5
v -5.8 6.3 7.5
v 5.8 6.3 7.5
v 6.1 6.3 7.5
v -8.8 6.3 5.1
v -8.5 6.3 5.1
v 8.5 6.3 5.1
v 8.8 6.3 5.1
v -8.8 6.3 4.8
v -8.5 6.3 4.8
v 8.5 6.3 4.8
v 8.8 6.3 4.8
v -8.8 6.3 -6.8
v -8.5 6.3 -6.8
v 8.5 6.3 -6.8
v 8.8 6.3 -6.8
v -8.8 6.3 -7.1
v -8.5 6.3 -7.1
v 8.5 6.3 -7.1
v 8.8 6.3 -7.1
v -6.1 6.3 -9.5
v -5.8 6.3 -9.5
v 5.8 6.3 -9.5
v 6.1 6.3 -9.5
v -6.1 6.3 -9.8
v -5.8 6.3 -9.8
v 5.8 6.3 -9.8
v 6.1 6.3 -9.8
v -5.1 6.4 7.8
v -4.9 6.4 7.8
v -5.1 6.4 7.7
v -4.9 6.4 7.7
v -8.8 6.4 4.1
v -8.7 6.4 4.1
v 8.7 6.4 4.1
v 8.8 6.4 4.1
v -8.8 6.4 3.9
v -8.7 6.4 3.9
v 8.7 6.4 3.9
v 8.8 6.4 3.9
v -5.1 6.4 -9.7
v -4.9 6.4 -9.7
v -5.1 6.4 -9.8
v -4.9 6.4 -9.8
v -5.2 6.5 7.8
v -5.1 6.5 7.8
v -4.9 6.5 7.8
v -4.8 6.5 7.8
v -5.2 6.5 7.7
v -5.1 6.5 7.7
v -4.9 6.5 7.7
v -4.8 6.5 7.7
v -8.8 6.5 4.2
v -8.7 6.5 4.2
v 8.7 6.5 4.2
v 8.8 6.5 4.2
v -8.8 6.5 4.1
v -8.7 6.5 4.1
v 8.7 6.5 4.1
v 8.8 6.5 4.1
v -8.8 6.5 3.9
v -8.7 6.5 3.9
v 8.7 6.5 3.9
v 8.8 6.5 3.9
v -8.8 6.5 3.8
v -8.7 6.5 3.8
v 8.7 6.5 3.8
v 8.8 6.5 3.8
v -5.2 6.5 -9.7
v -5.1 6.5 -9.7
v -4.9 6.5 -9.7
v -4.8 6.5 -9.7
v -5.2 6.5 -9.8
v -5.1 6.5 -9.8
v -4.9 6.5 -9.8
v -4.8 6.5 -9.8
v -6.7 6.6 7.5
v -6.4 6.6 7.5
v 6.4 6.6 7.5
v 6.7 6.6 7.5
v -6.7 6.6 7.2
v -6.4 6.6 7.2
v 6.4 6.6 7.2
v 6.7 6.6 7.2
v -8.5 6.6 5.7
v -8.2 6.6 5.7
v 8.2 6.6 5.7
v 8.5 6.6 5.7
v -8.5 6.6 5.4
v -8.2 6.6 5.4
v 8.2 6.6 5.4
v 8.5 6.6 5.4
v -8.5 6.6 -7.4
v -8.2 6.6 -7.4
v 8.2 6.6 -7.4
v 8.5 6.6 -7.4
v -8.5 6.6 -7.7
v -8.2 6.6 -7.7
v 8.2 6.6 -7.7
v 8.5 6.6 -7.7
v -6.7 6.6 -9.2
v -6.4 6.6 -9.2
v 6.4 6.6 -9.2
v 6.7 6.6 -9.2
v -6.7 6.6 -9.5
v -6.4 6.6 -9.5
v 6.4 6.6 -9.5
v 6.7 6.6 -9.5
v -5.4 6.8 7.8
v -5.3 6.8 7.8
v -5.4 6.8 7.7
v -5.3 6.8 7.7
v -8.8 6.8 4.4
v -8.7 6.8 4.4
v 8.7 6.8 4.4
v 8.8 6.8 4.4
v -8.8 6.8 4.3
v -8.7 6.8 4.3
v 8.7 6.8 4.3
v 8.8 6.8 4.3
v -5.4 6.8 -9.7
v -5.3 6.8 -9.7
v -5.4 6.8 -9.8
v -5.3 6.8 -9.8
v -6.4 6.9 7.8
v -6.1 6.9 7.8
v -5.3 6.9 7.8
v -5.2 6.9 7.8
v -1.3 6.9 7.8
v -1 6.9 7.8
v 0.599999 6.9 7.8
v 0.9 6.9 7.8
v 4.5 6.9 7.8
v 4.6 6.9 7.8
v 6.1 6.9 7.8
v 6.4 6.9 7.8
v -5.3 6.9 7.7
v -5.2 6.9 7.7
v 4.5 6.9 7.7
v 4.6 6.9 7.7
v -6.4 6.9 7.5
v -6.1 6.9 7.5
v -1.3 6.9 7.5
v -1 6.9 7.5
v 0.599999 6.9 7.5
v 0.9 6.9 7.5
v 6.1 6.9 7.5
v 6.4 6.9 7.5
v -8.8 6.9 5.4
v -8.5 6.9 5.4
v 8.5 6.9 5.4
v 8.8 6.9 5.4
v -8.8 6.9 5.1
v -8.5 6.9 5.1
v 8.5 6.9 5.1
v 8.8 6.9 5.1
v -8.8 6.9 4.3
v -8.7 6.9 4.3
v 8.7 6.9 4.3
v 8.8 6.9 4.3
v -8.8 6.9 4.2
v -8.7 6.9 4.2
v 8.7 6.9 4.2
v 8.8 6.9 4.2
v -8.8 6.9 0.3
v -8.5 6.9 0.3
v 8.5 6.9 0.3
v 8.8 6.9 0.3
v -8.8 6.9 0
v -8.5 6.9 0
v 8.5 6.9 0
v 8.8 6.9 0
v -8.8 6.9 -1.6
v -8.5 6.9 -1.6
v 8.5 6.9 -1.6
v 8.8 6.9 -1.6
v -8.8 6.9 -1.9
v -8.5 6.9 -1.9
v 8.5 6.9 -1.9
v 8.8 6.9 -1.9
v -8.8 6.9 -5.5
v -8.7 6.9 -5.5
v 8.7 6.9 -5.5
v 8.8 6.9 -5.5
v -8.8 6.9 -5.6
v -8.7 6.9 -5.6
v 8.7 6.9 -5.6
v 8.8 6.9 -5.6
v -8.8 6.9 -7.1
v -8.5 6.9 -7.1
v 8.5 6.9 -7.1
v 8.8 6.9 -7.1
v -8.8 6.9 -7.4
v -8.5 6.9 -7.4
v 8.5 6.9 -7.4
v 8.8 6.9 -7.4
v -6.4 6.9 -9.5
v -6.1 6.9 -9.5
v -1.3 6.9 -9.5
v -1 6.9 -9.5
v 0.599999 6.9 -9.5
v 0.9 6.9 -9.5
v 6.1 6.9 -9.5
v 6.4 6.9 -9.5
v -5.3 6.9 -9.7
v -5.2 6.9 -9.7
v 4.5 6.9 -9.7
v 4.6 6.9 -9.7
v -6.4 6.9 -9.8
v -6.1 6.9 -9.8
v -5.3 6.9 -9.8
v -5.2 6.9 -9.8
v -1.3 6.9 -9.8
v -1 6.9 -9.8
v 0.599999 6.9 -9.8
v 0.9 6.9 -9.8
v 4.5 6.9 -9.8
v 4.6 6.9 -9.8
v 6.1 6.9 -9.8
v 6.4 6.9 -9.8
v -5.2 7 7.8
v -4.9 7 7.8
v 4.4 7 7.8
v 4.5 7 7.8
v -5.2 7 7.7
v -4.9 7 7.7
v 4.4 7 7.7
v 4.5 7 7.7
v -8.8 7 4.2
v -8.7 7 4.2
v 8.7 7 4.2
v 8.8 7 4.2
v -8.8 7 3.9
v -8.7 7 3.9
v 8.7 7 3.9
v 8.8 7 3.9
v -8.8 7 -5.4
v -8.7 7 -5.4
v 8.7 7 -5.4
v 8.8 7 -5.4
v -8.8 7 -5.5
v -8.7 7 -5.5
v 8.7 7 -5.5
v 8.8 7 -5.5
v -5.2 7 -9.7
v -4.9 7 -9.7
v 4.4 7 -9.7
v 4.5 7 -9.7
v -5.2 7 -9.8
v -4.9 7 -9.8
v 4.4 7 -9.8
v 4.5 7 -9.8
v -4.9 7.1 7.8
v -4.8 7.1 7.8
v 4.3 7.1 7.8
v 4.4 7.1 7.8
v -4.9 7.1 7.7
v -4.8 7.1 7.7
v 4.3 7.1 7.7
v 4.4 7.1 7.7
v -8.8 7.1 3.9
v -8.7 7.1 3.9
v 8.7 7.1 3.9
v 8.8 7.1 3.9
v -8.8 7.1 3.8
v -8.7 7.1 3.8
v 8.7 7.1 3.8
v 8.8 7.1 3.8
v -8.8 7.1 -5.3
v -8.7 7.1 -5.3
v 8.7 7.1 -5.3
v 8.8 7.1 -5.3
v -8.8 7.1 -5.4
v -8.7 7.1 -5.4
v 8.7 7.1 -5.4
v 8.8 7.1 -5.4
v -4.9 7.1 -9.7
v -4.8 7.1 -9.7
v 4.3 7.1 -9.7
v 4.4 7.1 -9.7
v -4.9 7.1 -9.8
v -4.8 7.1 -9.8
v 4.3 7.1 -9.8
v 4.4 7.1 -9.8
v -5.7 7.2 8
v -5.6 7.2 8
v -5.7 7.2 7.9
v -5.6 7.2 7.9
v -4.8 7.2 7.8
v -4.7 7.2 7.8
v 4.2 7.2 7.8
v 4.3 7.2 7.8
v -4.8 7.2 7.7
v -4.7 7.2 7.7
v 4.2 7.2 7.7
v 4.3 7.2 7.7
v -9 7.2 4.7
v -8.9 7.2 4.7
v 8.9 7.2 4.7
v 9 7.2 4.7
v -9 7.2 4.6
v -8.9 7.2 4.6
v 8.9 7.2 4.6
v 9 7.2 4.6
v -8.8 7.2 3.8
v -8.7 7.2 3.8
v 8.7 7.2 3.8
v 8.8 7.2 3.8
v -8.8 7.2 3.7
v -8.7 7.2 3.7
v 8.7 7.2 3.7
v 8.8 7.2 3.7
v -8.8 7.2 -5.2
v -8.7 7.2 -5.2
v 8.7 7.2 -5.2
v 8.8 7.2 -5.2
v -8.8 7.2 -5.3
v -8.7 7.2 -5.3
v 8.7 7.2 -5.3
v 8.8 7.2 -5.3
v -4.8 7.2 -9.7
v -4.7 7.2 -9.7
v 4.2 7.2 -9.7
v 4.3 7.2 -9.7
v -4.8 7.2 -9.8
v -4.7 7.2 -9.8
v 4.2 7.2 -9.8
v 4.3 7.2 -9.8
v -5.7 7.2 -9.9
v -5.6 7.2 -9.9
v -5.7 7.2 -10
v -5.6 7.2 -10
v -4.7 7.3 7.8
v -4.6 7.3 7.8
v 4.1 7.3 7.8
v 4.2 7.3 7.8
v -4.7 7.3 7.7
v -4.6 7.3 7.7
v 4.1 7.3 7.7
v 4.2 7.3 7.7
v -8.8 7.3 3.7
v -8.7 7.3 3.7
v 8.7 7.3 3.7
v 8.8 7.3 3.7
v -8.8 7.3 3.6
v -8.7 7.3 3.6
v 8.7 7.3 3.6
v 8.8 7.3 3.6
v -8.8 7.3 -5.1
v -8.7 7.3 -5.1
v 8.7 7.3 -5.1
v 8.8 7.3 -5.1
v -8.8 7.3 -5.2
v -8.7 7.3 -5.2
v 8.7 7.3 -5.2
v 8.8 7.3 -5.2
v -4.7 7.3 -9.7
v -4.6 7.3 -9.7
v 4.1 7.3 -9.7
v 4.2 7.3 -9.7
v -4.7 7.3 -9.8
v -4.6 7.3 -9.8
v 4.1 7.3 -9.8
v 4.2 7.3 -9.8
v -4.6 7.4 7.8
v -4.5 7.4 7.8
v 4 7.4 7.8
v 4.1 7.4 7.8
v -4.6 7.4 7.7
v -4.5 7.4 7.7
v 4 7.4 7.7
v 4.1 7.4 7.7
v -8.8 7.4 3.6
v -8.7 7.4 3.6
v 8.7 7.4 3.6
v 8.8 7.4 3.6
v -8.8 7.4 3.5
v -8.7 7.4 3.5
v 8.7 7.4 3.5
v 8.8 7.4 3.5
v -8.8 7.4 -5
v -8.7 7.4 -5
v 8.7 7.4 -5
v 8.8 7.4 -5
v -8.8 7.4 -5.1
v -8.7 7.4 -5.1
v 8.7 7.4 -5.1
v 8.8 7.4 -5.1
v -4.6 7.4 -9.7
v -4.5 7.4 -9.7
v 4 7.4 -9.7
v 4.1 7.4 -9.7
v -4.6 7.4 -9.8
v -4.5 7.4 -9.8
v 4 7.4 -9.8
v 4.1 7.4 -9.8
v -4.5 7.5 7.8
v -4.4 7.5 7.8
v 3.9 7.5 7.8
v 4 7.5 7.8
v -4.5 7.5 7.7
v -4.4 7.5 7.7
v 3.9 7.5 7.7
v 4 7.5 7.7
v -8.8 7.5 3.5
v -8.7 7.5 3.5
v 8.7 7.5 3.5
v 8.8 7.5 3.5
v -8.8 7.5 3.4
v -8.7 7.5 3.4
v 8.7 7.5 3.4
v 8.8 7.5 3.4
v -8.8 7.5 -4.9
v -8.7 7.5 -4.9
v 8.7 7.5 -4.9
v 8.8 7.5 -4.9
v -8.8 7.5 -5
v -8.7 7.5 -5
v 8.7 7.5 -5
v 8.8 7.5 -5
v -4.5 7.5 -9.7
v -4.4 7.5 -9.7
v 3.9 7.5 -9.7
v 4 7.5 -9.7
v -4.5 7.5 -9.8
v -4.4 7.5 -9.8
v 3.9 7.5 -9.8
v 4 7.5 -9.8
v -4.4 7.6 7.8
v -4.3 7.6 7.8
v 3.8 7.6 7.8
v 3.9 7.6 7.8
v -4.4 7.6 7.7
v -4.3 7.6 7.7
v 3.8 7.6 7.7
v 3.9 7.6 7.7
v -8.8 7.6 3.4
v -8.7 7.6 3.4
v 8.7 7.6 3.4
v 8.8 7.6 3.4
v -8.8 7.6 3.3
v -8.7 7.6 3.3
v 8.7 7.6 3.3
v 8.8 7.6 3.3
v -8.8 7.6 -4.8
v -8.7 7.6 -4.8
v 8.7 7.6 -4.8
v 8.8 7.6 -4.8
v -8.8 7.6 -4.9
v -8.7 7.6 -4.9
v 8.7 7.6 -4.9
v 8.8 7.6 -4.9
v -4.4 7.6 -9.7
v -4.3 7.6 -9.7
v 3.8 7.6 -9.7
v 3.9 7.6 -9.7
v -4.4 7.6 -9.8
v -4.3 7.6 -9.8
v 3.8 7.6 -9.8
v 3.9 7.6 -9.8
v -4.3 7.7 7.8
v -4.2 7.7 7.8
v 3.7 7.7 7.8
v 3.8 7.7 7.8
v -4.3 7.7 7.7
v -4.2 7.7 7.7
v 3.7 7.7 7.7
v 3.8 7.7 7.7
v -8.8 7.7 3.3
v -8.7 7.7 3.3
v 8.7 7.7 3.3
v 8.8 7.7 3.3
v -8.8 7.7 3.2
v -8.7 7.7 3.2
v 8.7 7.7 3.2
v 8.8 7.7 3.2
v -8.8 7.7 -4.7
v -8.7 7.7 -4.7
v 8.7 7.7 -4.7
v 8.8 7.7 -4.7
v -8.8 7.7 -4.8
v -8.7 7.7 -4.8
v 8.7 7.7 -4.8
v 8.8 7.7 -4.8
v -4.3 7.7 -9.7
v -4.2 7.7 -9.7
v 3.7 7.7 -9.7
v 3.8 7.7 -9.7
v -4.3 7.7 -9.8
v -4.2 7.7 -9.8
v 3.7 7.7 -9.8
v 3.8 7.7 -9.8
v -6.7 7.8 7.8
v -6.4 7.8 7.8
v -4.2 7.8 7.8
v -4.1 7.8 7.8
v 3.6 7.8 7.8
v 3.7 7.8 7.8
v 6.4 7.8 7.8
v 6.7 7.8 7.8
v -4.2 7.8 7.7
v -4.1 7.8 7.7
v 3.6 7.8 7.7
v 3.7 7.8 7.7
v -7 7.8 7.5
v -6.7 7.8 7.5
v -6.4 7.8 7.5
v 6.4 7.8 7.5
v 6.7 7.8 7.5
v 7 7.8 7.5
v -7 7.8 7.2
v -6.7 7.8 7.2
v 6.7 7.8 7.2
v 7 7.8 7.2
v -8.5 7.8 6
v -8.2 7.8 6
v 8.2 7.8 6
v 8.5 7.8 6
v -8.8 7.8 5.7
v -8.5 7.8 5.7
v -8.2 7.8 5.7
v 8.2 7.8 5.7
v 8.5 7.8 5.7
v 8.8 7.8 5.7
v -8.8 7.8 5.4
v -8.5 7.8 5.4
v 8.5 7.8 5.4
v 8.8 7.8 5.4
v -8.8 7.8 3.2
v -8.7 7.8 3.2
v 8.7 7.8 3.2
v 8.8 7.8 3.2
v -8.8 7.8 3.1
v -8.7 7.8 3.1
v 8.7 7.8 3.1
v 8.8 7.8 3.1
v -8.8 7.8 -4.6
v -8.7 7.8 -4.6
v 8.7 7.8 -4.6
v 8.8 7.8 -4.6
v -8.8 7.8 -4.7
v -8.7 7.8 -4.7
v 8.7 7.8 -4.7
v 8.8 7.8 -4.7
v -8.8 7.8 -7.4
v -8.5 7.8 -7.4
v 8.5 7.8 -7.4
v 8.8 7.8 -7.4
v -8.8 7.8 -7.7
v -8.5 7.8 -7.7
v -8.2 7.8 -7.7
v 8.2 7.8 -7.7
v 8.5 7.8 -7.7
v 8.8 7.8 -7.7
v -8.5 7.8 -8
v -8.2 7.8 -8
v 8.2 7.8 -8
v 8.5 7.8 -8
v -7 7.8 -9.2
v -6.7 7.8 -9.2
v 6.7 7.8 -9.2
v 7 7.8 -9.2
v -7 7.8 -9.5
v -6.7 7.8 -9.5
v -6.4 7.8 -9.5
v 6.4 7.8 -9.5
v 6.7 7.8 -9.5
v 7 7.8 -9.5
v -4.2 7.8 -9.7
v -4.1 7.8 -9.7
v 3.6 7.8 -9.7
v 3.7 7.8 -9.7
v -6.7 7.8 -9.8
v -6.4 7.8 -9.8
v -4.2 7.8 -9.8
v -4.1 7.8 -9.8
v 3.6 7.8 -9.8
v 3.7 7.8 -9.8
v 6.4 7.8 -9.8
v 6.7 7.8 -9.8
v -4.1 7.9 7.8
v -4 7.9 7.8
v 3.5 7.9 7.8
v 3.6 7.9 7.8
v -4.1 7.9 7.7
v -4 7.9 7.7
v 3.5 7.9 7.7
v 3.6 7.9 7.7
v -8.8 7.9 3.1
v -8.7 7.9 3.1
v 8.7 7.9 3.1
v 8.8 7.9 3.1
v -8.8 7.9 3
v -8.7 7.9 3
v 8.7 7.9 3
v 8.8 7.9 3
v -8.8 7.9 -4.5
v -8.7 7.9 -4.5
v 8.7 7.9 -4.5
v 8.8 7.9 -4.5
v -8.8 7.9 -4.6
v -8.7 7.9 -4.6
v 8.7 7.9 -4.6
v 8.8 7.9 -4.6
v -4.1 7.9 -9.7
v -4 7.9 -9.7
v 3.5 7.9 -9.7
v 3.6 7.9 -9.7
v -4.1 7.9 -9.8
v -4 7.9 -9.8
v 3.5 7.9 -9.8
v 3.6 7.9 -9.8
v -4 8 7.8
v -3.9 8 7.8
v 3.4 8 7.8
v 3.5 8 7.8
v -4 8 7.7
v -3.9 8 7.7
v 3.4 8 7.7
v 3.5 8 7.7
v -8.8 8 3
v -8.7 8 3
v 8.7 8 3
v 8.8 8 3
v -8.8 8 2.9
v -8.7 8 2.9
v 8.7 8 2.9
v 8.8 8 2.9
v -8.8 8 -4.4
v -8.7 8 -4.4
v 8.7 8 -4.4
v 8.8 8 -4.4
v -8.8 8 -4.5
v -8.7 8 -4.5
v 8.7 8 -4.5
v 8.8 8 -4.5
v -4 8 -9.7
v -3.9 8 -9.7
v 3.4 8 -9.7
v 3.5 8 -9.7
v -4 8 -9.8
v -3.9 8 -9.8
v 3.4 8 -9.8
v 3.5 8 -9.8
v -3.9 8.1 7.8
v -3.8 8.1 7.8
v 3.3 8.1 7.8
v 3.4 8.1 7.8
v -3.9 8.1 7.7
v -3.8 8.1 7.7
v 3.3 8.1 7.7
v 3.4 8.1 7.7
v -8.8 8.1 2.9
v -8.7 8.1 2.9
v 8.7 8.1 2.9
v 8.8 8.1 2.9
v -8.8 8.1 2.8
v -8.7 8.1 2.8
v 8.7 8.1 2.8
v 8.8 8.1 2.8
v -8.8 8.1 -4.3
v -8.7 8.1 -4.3
v 8.7 8.1 -4.3
v 8.8 8.1 -4.3
v -8.8 8.1 -4.4
v -8.7 8.1 -4.4
v 8.7 8.1 -4.4
v 8.8 8.1 -4.4
v -3.9 8.1 -9.7
v -3.8 8.1 -9.7
v 3.3 8.1 -9.7
v 3.4 8.1 -9.7
v -3.9 8.1 -9.8
v -3.8 8.1 -9.8
v 3.3 8.1 -9.8
v 3.4 8.1 -9.8
v -3.8 8.2 7.8
v -3.7 8.2 7.8
v 3.2 8.2 7.8
v 3.3 8.2 7.8
v -3.8 8.2 7.7
v -3.7 8.2 7.7
v 3.2 8.2 7.7
v 3.3 8.2 7.7
v -8.8 8.2 2.8
v -8.7 8.2 2.8
v 8.7 8.2 2.8
v 8.8 8.2 2.8
v -8.8 8.2 2.7
v -8.7 8.2 2.7
v 8.7 8.2 2.7
v 8.8 8.2 2.7
v -8.8 8.2 -4.2
v -8.7 8.2 -4.2
v 8.7 8.2 -4.2
v 8.8 8.2 -4.2
v -8.8 8.2 -4.3
v -8.7 8.2 -4.3
v 8.7 8.2 -4.3
v 8.8 8.2 -4.3
v -3.8 8.2 -9.7
v -3.7 8.2 -9.7
v 3.2 8.2 -9.7
v 3.3 8.2 -9.7
v -3.8 8.2 -9.8
v -3.7 8.2 -9.8
v 3.2 8.2 -9.8
v 3.3 8.2 -9.8
v -3.7 8.3 7.8
v -3.6 8.3 7.8
v 3.1 8.3 7.8
v 3.2 8.3 7.8
v -3.7 8.3 7.7
v -3.6 8.3 7.7
v 3.1 8.3 7.7
v 3.2 8.3 7.7
v -8.8 8.3 2.7
v -8.7 8.3 2.7
v 8.7 8.3 2.7
v 8.8 8.3 2.7
v -8.8 8.3 2.6
v -8.7 8.3 2.6
v 8.7 8.3 2.6
v 8.8 8.3 2.6
v -8.8 8.3 -4.1
v -8.7 8.3 -4.1
v 8.7 8.3 -4.1
v 8.8 8.3 -4.1
v -8.8 8.3 -4.2
v -8.7 8.3 -4.2
v 8.7 8.3 -4.2
v 8.8 8.3 -4.2
v -3.7 8.3 -9.7
v -3.6 8.3 -9.7
v 3.1 8.3 -9.7
v 3.2 8.3 -9.7
v -3.7 8.3 -9.8
v -3.6 8.3 -9.8
v 3.1 8.3 -9.8
v 3.2 8.3 -9.8
v -3.6 8.4 7.8
v -3.5 8.4 7.8
v 3 8.4 7.8
v 3.1 8.4 7.8
v -3.6 8.4 7.7
v -3.5 8.4 7.7
v 3 8.4 7.7
v 3.1 8.4 7.7
v -8.8 8.4 2.6
v -8.7 8.4 2.6
v 8.7 8.4 2.6
v 8.8 8.4 2.6
v -8.8 8.4 2.5
v -8.7 8.4 2.5
v 8.7 8.4 2.5
v 8.8 8.4 2.5
v -8.8 8.4 -4
v -8.7 8.4 -4
v 8.7 8.4 -4
v 8.8 8.4 -4
v -8.8 8.4 -4.1
v -8.7 8.4 -4.1
v 8.7 8.4 -4.1
v 8.8 8.4 -4.1
v -3.6 8.4 -9.7
v -3.5 8.4 -9.7
v 3 8.4 -9.7
v 3.1 8.4 -9.7
v -3.6 8.4 -9.8
v -3.5 8.4 -9.8
v 3 8.4 -9.8
v 3.1 8.4 -9.8
v -3.5 8.5 7.8
v -3.4 8.5 7.8
v 2.9 8.5 7.8
v 3 8.5 7.8
v -3.5 8.5 7.7
v -3.4 8.5 7.7
v 2.9 8.5 7.7
v 3 8.5 7.7
v -8.8 8.5 2.5
v -8.7 8.5 2.5
v 8.7 8.5 2.5
v 8.8 8.5 2.5
v -8.8 8.5 2.4
v -8.7 8.5 2.4
v 8.7 8.5 2.4
v 8.8 8.5 2.4
v -8.8 8.5 -3.9
v -8.7 8.5 -3.9
v 8.7 8.5 -3.9
v 8.8 8.5 -3.9
v -8.8 8.5 -4
v -8.7 8.5 -4
v 8.7 8.5 -4
v 8.8 8.5 -4
v -3.5 8.5 -9.7
v -3.4 8.5 -9.7
v 2.9 8.5 -9.7
v 3 8.5 -9.7
v -3.5 8.5 -9.8
v -3.4 8.5 -9.8
v 2.9 8.5 -9.8
v 3 8.5 -9.8
v -3.4 8.6 7.8
v -3.3 8.6 7.8
v -2.2 8.6 7.8
v -2.1 8.6 7.8
v 2.8 8.6 7.8
v 2.9 8.6 7.8
v -3.4 8.6 7.7
v -3.3 8.6 7.7
v -2.2 8.6 7.7
v -2.1 8.6 7.7
v 2.8 8.6 7.7
v 2.9 8.6 7.7
v -8.8 8.6 2.4
v -8.7 8.6 2.4
v 8.7 8.6 2.4
v 8.8 8.6 2.4
v -8.8 8.6 2.3
v -8.7 8.6 2.3
v 8.7 8.6 2.3
v 8.8 8.6 2.3
v -8.8 8.6 1.2
v -8.7 8.6 1.2
v 8.7 8.6 1.2
v 8.8 8.6 1.2
v -8.8 8.6 1.1
v -8.7 8.6 1.1
v 8.7 8.6 1.1
v 8.8 8.6 1.1
v -8.8 8.6 -3.8
v -8.7 8.6 -3.8
v 8.7 8.6 -3.8
v 8.8 8.6 -3.8
v -8.8 8.6 -3.9
v -8.7 8.6 -3.9
v 8.7 8.6 -3.9
v 8.8 8.6 -3.9
v -3.4 8.6 -9.7
v -3.3 8.6 -9.7
v -2.2 8.6 -9.7
v -2.1 8.6 -9.7
v 2.8 8.6 -9.7
v 2.9 8.6 -9.7
v -3.4 8.6 -9.8
v -3.3 8.6 -9.8
v -2.2 8.6 -9.8
v -2.1 8.6 -9.8
v 2.8 8.6 -9.8
v 2.9 8.6 -9.8
v -3.3 8.7 7.8
v -3.2 8.7 7.8
v 1.3 8.7 7.8
v 1.4 8.7 7.8
v 2.7 8.7 7.8
v 2.8 8.7 7.8
v -3.3 8.7 7.7
v -3.2 8.7 7.7
v 1.3 8.7 7.7
v 1.4 8.7 7.7
v 2.7 8.7 7.7
v 2.8 8.7 7.7
v -8.8 8.7 2.3
v -8.7 8.7 2.3
v 8.7 8.7 2.3
v 8.8 8.7 2.3
v -8.8 8.7 2.2
v -8.7 8.7 2.2
v 8.7 8.7 2.2
v 8.8 8.7 2.2
v -8.8 8.7 -2.3
v -8.7 8.7 -2.3
v 8.7 8.7 -2.3
v 8.8 8.7 -2.3
v -8.8 8.7 -2.4
v -8.7 8.7 -2.4
v 8.7 8.7 -2.4
v 8.8 8.7 -2.4
v -8.8 8.7 -3.7
v -8.7 8.7 -3.7
v 8.7 8.7 -3.7
v 8.8 8.7 -3.7
v -8.8 8.7 -3.8
v -8.7 8.7 -3.8
v 8.7 8.7 -3.8
v 8.8 8.7 -3.8
v -3.3 8.7 -9.7
v -3.2 8.7 -9.7
v 1.3 8.7 -9.7
v 1.4 8.7 -9.7
v 2.7 8.7 -9.7
v 2.8 8.7 -9.7
v -3.3 8.7 -9.8
v -3.2 8.7 -9.8
v 1.3 8.7 -9.8
v 1.4 8.7 -9.8
v 2.7 8.7 -9.8
v 2.8 8.7 -9.8
v 1.4 8.8 7.8
v 1.5 8.8 7.8
v 1.4 8.8 7.7
v 1.5 8.8 7.7
v -8.8 8.8 -2.4
v -8.7 8.8 -2.4
v 8.7 8.8 -2.4
v 8.8 8.8 -2.4
v -8.8 8.8 -2.5
v -8.7 8.8 -2.5
v 8.7 8.8 -2.5
v 8.8 8.8 -2.5
v 1.4 8.8 -9.7
v 1.5 8.8 -9.7
v 1.4 8.8 -9.8
v 1.5 8.8 -9.8
v -2.5 8.9 7.8
v -2.4 8.9 7.8
v 1.5 8.9 7.8
v 1.6 8.9 7.8
v -2.5 8.9 7.7
v -2.4 8.9 7.7
v 1.5 8.9 7.7
v 1.6 8.9 7.7
v -8.8 8.9 1.5
v -8.7 8.9 1.5
v 8.7 8.9 1.5
v 8.8 8.9 1.5
v -8.8 8.9 1.4
v -8.7 8.9 1.4
v 8.7 8.9 1.4
v 8.8 8.9 1.4
v -8.8 8.9 -2.5
v -8.7 8.9 -2.5
v 8.7 8.9 -2.5
v 8.8 8.9 -2.5
v -8.8 8.9 -2.6
v -8.7 8.9 -2.6
v 8.7 8.9 -2.6
v 8.8 8.9 -2.6
v -2.5 8.9 -9.7
v -2.4 8.9 -9.7
v 1.5 8.9 -9.7
v 1.6 8.9 -9.7
v -2.5 8.9 -9.8
v -2.4 8.9 -9.8
v 1.5 8.9 -9.8
v 1.6 8.9 -9.8
v -2.6 9 7.8
v -2.5 9 7.8
v -2.4 9 7.8
v -2.3 9 7.8
v 1.6 9 7.8
v 1.7 9 7.8
v -2.6 9 7.7
v -2.5 9 7.7
v -2.4 9 7.7
v -2.3 9 7.7
v 1.6 9 7.7
v 1.7 9 7.7
v -8.8 9 1.6
v -8.7 9 1.6
v 8.7 9 1.6
v 8.8 9 1.6
v -8.8 9 1.5
v -8.7 9 1.5
v 8.7 9 1.5
v 8.8 9 1.5
v -8.8 9 1.4
v -8.7 9 1.4
v 8.7 9 1.4
v 8.8 9 1.4
v -8.8 9 1.3
v -8.7 9 1.3
v 8.7 9 1.3
v 8.8 9 1.3
v -8.8 9 -2.6
v -8.7 9 -2.6
v 8.7 9 -2.6
v 8.8 9 -2.6
v -8.8 9 -2.7
v -8.7 9 -2.7
v 8.7 9 -2.7
v 8.8 9 -2.7
v -2.6 9 -9.7
v -2.5 9 -9.7
v -2.4 9 -9.7
v -2.3 9 -9.7
v 1.6 9 -9.7
v 1.7 9 -9.7
v -2.6 9 -9.8
v -2.5 9 -9.8
v -2.4 9 -9.8
v -2.3 9 -9.8
v 1.6 9 -9.8
v 1.7 9 -9.8
v -3.2 9.1 7.8
v -3.1 9.1 7.8
v -2.7 9.1 7.8
v -2.6 9.1 7.8
v -2.3 9.1 7.8
v -2.2 9.1 7.8
v 1.7 9.1 7.8
v 1.8 9.1 7.8
v -3.2 9.1 7.7
v -3.1 9.1 7.7
v -2.7 9.1 7.7
v -2.6 9.1 7.7
v -2.3 9.1 7.7
v -2.2 9.1 7.7
v 1.7 9.1 7.7
v 1.8 9.1 7.7
v -8.8 9.1 2.2
v -8.7 9.1 2.2
v 8.7 9.1 2.2
v 8.8 9.1 2.2
v -8.8 9.1 2.1
v -8.7 9.1 2.1
v 8.7 9.1 2.1
v 8.8 9.1 2.1
v -8.8 9.1 1.7
v -8.7 9.1 1.7
v 8.7 9.1 1.7
v 8.8 9.1 1.7
v -8.8 9.1 1.6
v -8.7 9.1 1.6
v 8.7 9.1 1.6
v 8.8 9.1 1.6
v -8.8 9.1 1.3
v -8.7 9.1 1.3
v 8.7 9.1 1.3
v 8.8 9.1 1.3
v -8.8 9.1 1.2
v -8.7 9.1 1.2
v 8.7 9.1 1.2
v 8.8 9.1 1.2
v -8.8 9.1 -2.7
v -8.7 9.1 -2.7
v 8.7 9.1 -2.7
v 8.8 9.1 -2.7
v -8.8 9.1 -2.8
v -8.7 9.1 -2.8
v 8.7 9.1 -2.8
v 8.8 9.1 -2.8
v -3.2 9.1 -9.7
v -3.1 9.1 -9.7
v -2.7 9.1 -9.7
v -2.6 9.1 -9.7
v -2.3 9.1 -9.7
v -2.2 9.1 -9.7
v 1.7 9.1 -9.7
v 1.8 9.1 -9.7
v -3.2 9.1 -9.8
v -3.1 9.1 -9.8
v -2.7 9.1 -9.8
v -2.6 9.1 -9.8
v -2.3 9.1 -9.8
v -2.2 9.1 -9.8
v 1.7 9.1 -9.8
v 1.8 9.1 -9.8
v -2.2 9.2 7.8
v -2.1 9.2 7.8
v 1.8 9.2 7.8
v 1.9 9.2 7.8
v 2.7 9.2 7.8
v 2.8 9.2 7.8
v -2.2 9.2 7.7
v -2.1 9.2 7.7
v 1.8 9.2 7.7
v 1.9 9.2 7.7
v 2.7 9.2 7.7
v 2.8 9.2 7.7
v -8.8 9.2 1.2
v -8.7 9.2 1.2
v 8.7 9.2 1.2
v 8.8 9.2 1.2
v -8.8 9.2 1.1
v -8.7 9.2 1.1
v 8.7 9.2 1.1
v 8.8 9.2 1.1
v -8.8 9.2 -2.8
v -8.7 9.2 -2.8
v 8.7 9.2 -2.8
v 8.8 9.2 -2.8
v -8.8 9.2 -2.9
v -8.7 9.2 -2.9
v 8.7 9.2 -2.9
v 8.8 9.2 -2.9
v -8.8 9.2 -3.7
v -8.7 9.2 -3.7
v 8.7 9.2 -3.7
v 8.8 9.2 -3.7
v -8.8 9.2 -3.8
v -8.7 9.2 -3.8
v 8.7 9.2 -3.8
v 8.8 9.2 -3.8
v -2.2 9.2 -9.7
v -2.1 9.2 -9.7
v 1.8 9.2 -9.7
v 1.9 9.2 -9.7
v 2.7 9.2 -9.7
v 2.8 9.2 -9.7
v -2.2 9.2 -9.8
v -2.1 9.2 -9.8
v 1.8 9.2 -9.8
v 1.9 9.2 -9.8
v 2.7 9.2 -9.8
v 2.8 9.2 -9.8
v -2.1 9.3 7.8
v -2 9.3 7.8
v 1.9 9.3 7.8
v 2 9.3 7.8
v 3 9.3 7.8
v 3.1 9.3 7.8
v -2.1 9.3 7.7
v -2 9.3 7.7
v 1.9 9.3 7.7
v 2 9.3 7.7
v 3 9.3 7.7
v 3.1 9.3 7.7
v -8.8 9.3 1.1
v -8.7 9.3 1.1
v 8.7 9.3 1.1
v 8.8 9.3 1.1
v -8.8 9.3 1
v -8.7 9.3 1
v 8.7 9.3 1
v 8.8 9.3 1
v -8.8 9.3 -2.9
v -8.7 9.3 -2.9
v 8.7 9.3 -2.9
v 8.8 9.3 -2.9
v -8.8 9.3 -3
v -8.7 9.3 -3
v 8.7 9.3 -3
v 8.8 9.3 -3
v -8.8 9.3 -4
v -8.7 9.3 -4
v 8.7 9.3 -4
v 8.8 9.3 -4
v -8.8 9.3 -4.1
v -8.7 9.3 -4.1
v 8.7 9.3 -4.1
v 8.8 9.3 -4.1
v -2.1 9.3 -9.7
v -2 9.3 -9.7
v 1.9 9.3 -9.7
v 2 9.3 -9.7
v 3 9.3 -9.7
v 3.1 9.3 -9.7
v -2.1 9.3 -9.8
v -2 9.3 -9.8
v 1.9 9.3 -9.8
v 2 9.3 -9.8
v 3 9.3 -9.8
v 3.1 9.3 -9.8
v -3.1 9.4 7.8
v -3 9.4 7.8
v -2 9.4 7.8
v -1.9 9.4 7.8
v 2 9.4 7.8
v 2.1 9.4 7.8
v 2.9 9.4 7.8
v 3 9.4 7.8
v -3.1 9.4 7.7
v -3 9.4 7.7
v -2 9.4 7.7
v -1.9 9.4 7.7
v 2 9.4 7.7
v 2.1 9.4 7.7
v 2.9 9.4 7.7
v 3 9.4 7.7
v -8.8 9.4 2.1
v -8.7 9.4 2.1
v 8.7 9.4 2.1
v 8.8 9.4 2.1
v -8.8 9.4 2
v -8.7 9.4 2
v 8.7 9.4 2
v 8.8 9.4 2
v -8.8 9.4 1
v -8.7 9.4 1
v 8.7 9.4 1
v 8.8 9.4 1
v -8.8 9.4 0.9
v -8.7 9.4 0.9
v 8.7 9.4 0.9
v 8.8 9.4 0.9
v -8.8 9.4 -3
v -8.7 9.4 -3
v 8.7 9.4 -3
v 8.8 9.4 -3
v -8.8 9.4 -3.1
v -8.7 9.4 -3.1
v 8.7 9.4 -3.1
v 8.8 9.4 -3.1
v -8.8 9.4 -3.9
v -8.7 9.4 -3.9
v 8.7 9.4 -3.9
v 8.8 9.4 -3.9
v -8.8 9.4 -4
v -8.7 9.4 -4
v 8.7 9.4 -4
v 8.8 9.4 -4
v -3.1 9.4 -9.7
v -3 9.4 -9.7
v -2 9.4 -9.7
v -1.9 9.4 -9.7
v 2 9.4 -9.7
v 2.1 9.4 -9.7
v 2.9 9.4 -9.7
v 3 9.4 -9.7
v -3.1 9.4 -9.8
v -3 9.4 -9.8
v -2 9.4 -9.8
v -1.9 9.4 -9.8
v 2 9.4 -9.8
v 2.1 9.4 -9.8
v 2.9 9.4 -9.8
v 3 9.4 -9.8
v -3 9.5 7.8
v -2.9 9.5 7.8
v 2.1 9.5 7.8
v 2.2 9.5 7.8
v 2.8 9.5 7.8
v 2.9 9.5 7.8
v -3 9.5 7.7
v -2.9 9.5 7.7
v 2.1 9.5 7.7
v 2.2 9.5 7.7
v 2.8 9.5 7.7
v 2.9 9.5 7.7
v -8.8 9.5 2
v -8.7 9.5 2
v 8.7 9.5 2
v 8.8 9.5 2
v -8.8 9.5 1.9
v -8.7 9.5 1.9
v 8.7 9.5 1.9
v 8.8 9.5 1.9
v -8.8 9.5 -3.1
v -8.7 9.5 -3.1
v 8.7 9.5 -3.1
v 8.8 9.5 -3.1
v -8.8 9.5 -3.2
v -8.7 9.5 -3.2
v 8.7 9.5 -3.2
v 8.8 9.5 -3.2
v -8.8 9.5 -3.8
v -8.7 9.5 -3.8
v 8.7 9.5 -3.8
v 8.8 9.5 -3.8
v -8.8 9.5 -3.9
v -8.7 9.5 -3.9
v 8.7 9.5 -3.9
v 8.8 9.5 -3.9
v -3 9.5 -9.7
v -2.9 9.5 -9.7
v 2.1 9.5 -9.7
v 2.2 9.5 -9.7
v 2.8 9.5 -9.7
v 2.9 9.5 -9.7
v -3 9.5 -9.8
v -2.9 9.5 -9.8
v 2.1 9.5 -9.8
v 2.2 9.5 -9.8
v 2.8 9.5 -9.8
v 2.9 9.5 -9.8
v -2.9 9.6 7.8
v -2.8 9.6 7.8
v 2.2 9.6 7.8
v 2.3 9.6 7.8
v 2.7 9.6 7.8
v 2.8 9.6 7.8
v -2.9 9.6 7.7
v -2.8 9.6 7.7
v 2.2 9.6 7.7
v 2.3 9.6 7.7
v 2.7 9.6 7.7
v 2.8 9.6 7.7
v -8.8 9.6 1.9
v -8.7 9.6 1.9
v 8.7 9.6 1.9
v 8.8 9.6 1.9
v -8.8 9.6 1.8
v -8.7 9.6 1.8
v 8.7 9.6 1.8
v 8.8 9.6 1.8
v -8.8 9.6 -3.2
v -8.7 9.6 -3.2
v 8.7 9.6 -3.2
v 8.8 9.6 -3.2
v -8.8 9.6 -3.3
v -8.7 9.6 -3.3
v 8.7 9.6 -3.3
v 8.8 9.6 -3.3
v -8.8 9.6 -3.7
v -8.7 9.6 -3.7
v 8.7 9.6 -3.7
v 8.8 9.6 -3.7
v -8.8 9.6 -3.8
v -8.7 9.6 -3.8
v 8.7 9.6 -3.8
v 8.8 9.6 -3.8
v -2.9 9.6 -9.7
v -2.8 9.6 -9.7
v 2.2 9.6 -9.7
v 2.3 9.6 -9.7
v 2.7 9.6 -9.7
v 2.8 9.6 -9.7
v -2.9 9.6 -9.8
v -2.8 9.6 -9.8
v 2.2 9.6 -9.8
v 2.3 9.6 -9.8
v 2.7 9.6 -9.8
v 2.8 9.6 -9.8
v -2.8 9.7 7.8
v -2.3 9.7 7.8
v 2.3 9.7 7.8
v 2.4 9.7 7.8
v 2.6 9.7 7.8
v 2.7 9.7 7.8
v -2.8 9.7 7.7
v -2.3 9.7 7.7
v 2.3 9.7 7.7
v 2.4 9.7 7.7
v 2.6 9.7 7.7
v 2.7 9.7 7.7
v -8.8 9.7 1.8
v -8.7 9.7 1.8
v 8.7 9.7 1.8
v 8.8 9.7 1.8
v -8.8 9.7 1.3
v -8.7 9.7 1.3
v 8.7 9.7 1.3
v 8.8 9.7 1.3
v -8.8 9.7 -3.3
v -8.7 9.7 -3.3
v 8.7 9.7 -3.3
v 8.8 9.7 -3.3
v -8.8 9.7 -3.4
v -8.7 9.7 -3.4
v 8.7 9.7 -3.4
v 8.8 9.7 -3.4
v -8.8 9.7 -3.6
v -8.7 9.7 -3.6
v 8.7 9.7 -3.6
v 8.8 9.7 -3.6
v -8.8 9.7 -3.7
v -8.7 9.7 -3.7
v 8.7 9.7 -3.7
v 8.8 9.7 -3.7
v -2.8 9.7 -9.7
v -2.3 9.7 -9.7
v 2.3 9.7 -9.7
v 2.4 9.7 -9.7
v 2.6 9.7 -9.7
v 2.7 9.7 -9.7
v -2.8 9.7 -9.8
v -2.3 9.7 -9.8
v 2.3 9.7 -9.8
v 2.4 9.7 -9.8
v 2.6 9.7 -9.8
v 2.7 9.7 -9.8
v 2.4 9.8 7.8
v 2.6 9.8 7.8
v 2.4 9.8 7.7
v 2.6 9.8 7.7
v -8.8 9.8 -3.4
v -8.7 9.8 -3.4
v 8.7 9.8 -3.4
v 8.8 9.8 -3.4
v -8.8 9.8 -3.6
v -8.7 9.8 -3.6
v 8.7 9.8 -3.6
v 8.8 9.8 -3.6
v 2.4 9.8 -9.7
v 2.6 9.8 -9.7
v 2.4 9.8 -9.8
v 2.6 9.8 -9.8
v -5.5 11.3 7.6
v -1.9 11.3 7.6
v 1.5 11.3 7.6
v 5.5 11.3 7.6
v -5.5 11.3 7.5
v -1.9 11.3 7.5
v 1.5 11.3 7.5
v 5.5 11.3 7.5
v -8.6 11.3 4.5
v -8.5 11.3 4.5
v 8.5 11.3 4.5
v 8.6 11.3 4.5
v -8.6 11.3 0.9
v -8.5 11.3 0.9
v 8.5 11.3 0.9
v 8.6 11.3 0.9
v -8.6 11.3 -2.5
v -8.5 11.3 -2.5
v 8.5 11.3 -2.5
v 8.6 11.3 -2.5
v -8.6 11.3 -6.5
v -8.5 11.3 -6.5
v 8.5 11.3 -6.5
v 8.6 11.3 -6.5
v -5.5 11.3 -9.5
v -1.9 11.3 -9.5
v 1.5 11.3 -9.5
v 5.5 11.3 -9.5
v -5.5 11.3 -9.6
v -1.9 11.3 -9.6
v 1.5 11.3 -9.6
v 5.5 11.3 -9.6
v -5.8 11.7 7.8
v -1.6 11.7 7.8
v 1.2 11.7 7.8
v 5.8 11.7 7.8
v -3.8 11.7 7.7
v -3.4 11.7 7.7
v 3.3 11.7 7.7
v 3.7 11.7 7.7
v -3.8 11.7 7.6
v -3.4 11.7 7.6
v 3.3 11.7 7.6
v 3.7 11.7 7.6
v -5.8 11.7 7.5
v -1.6 11.7 7.5
v 1.2 11.7 7.5
v 5.8 11.7 7.5
v -8.8 11.7 4.8
v -8.5 11.7 4.8
v 8.5 11.7 4.8
v 8.8 11.7 4.8
v -8.7 11.7 2.8
v -8.6 11.7 2.8
v 8.6 11.7 2.8
v 8.7 11.7 2.8
v -8.7 11.7 2.4
v -8.6 11.7 2.4
v 8.6 11.7 2.4
v 8.7 11.7 2.4
v -8.8 11.7 0.6
v -8.5 11.7 0.6
v 8.5 11.7 0.6
v 8.8 11.7 0.6
v -8.8 11.7 -2.2
v -8.5 11.7 -2.2
v 8.5 11.7 -2.2
v 8.8 11.7 -2.2
v -8.7 11.7 -4.3
v -8.6 11.7 -4.3
v 8.6 11.7 -4.3
v 8.7 11.7 -4.3
v -8.7 11.7 -4.7
v -8.6 11.7 -4.7
v 8.6 11.7 -4.7
v 8.7 11.7 -4.7
v -8.8 11.7 -6.8
v -8.5 11.7 -6.8
v 8.5 11.7 -6.8
v 8.8 11.7 -6.8
v -5.8 11.7 -9.5
v -1.6 11.7 -9.5
v 1.2 11.7 -9.5
v 5.8 11.7 -9.5
v -3.8 11.7 -9.6
v -3.4 11.7 -9.6
v 3.3 11.7 -9.6
v 3.7 11.7 -9.6
v -3.8 11.7 -9.7
v -3.4 11.7 -9.7
v 3.3 11.7 -9.7
v 3.7 11.7 -9.7
v -5.8 11.7 -9.8
v -1.6 11.7 -9.8
v 1.2 11.7 -9.8
v 5.8 11.7 -9.8
v -3.8 11.8 7.7
v -3.4 11.8 7.7
v 3.3 11.8 7.7
v 3.7 11.8 7.7
v -3.8 11.8 7.6
v -3.4 11.8 7.6
v 3.3 11.8 7.6
v 3.7 11.8 7.6
v -8.7 11.8 2.8
v -8.6 11.8 2.8
v 8.6 11.8 2.8
v 8.7 11.8 2.8
v -8.7 11.8 2.4
v -8.6 11.8 2.4
v 8.6 11.8 2.4
v 8.7 11.8 2.4
v -8.7 11.8 -4.3
v -8.6 11.8 -4.3
v 8.6 11.8 -4.3
v 8.7 11.8 -4.3
v -8.7 11.8 -4.7
v -8.6 11.8 -4.7
v 8.6 11.8 -4.7
v 8.7 11.8 -4.7
v -3.8 11.8 -9.6
v -3.4 11.8 -9.6
v 3.3 11.8 -9.6
v 3.7 11.8 -9.6
v -3.8 11.8 -9.7
v -3.4 11.8 -9.7
v 3.3 11.8 -9.7
v 3.7 11.8 -9.7
v -6.1 12.3 7.8
v -5.8 12.3 7.8
v -1.6 12.3 7.8
v -1.3 12.3 7.8
v 0.9 12.3 7.8
v 1.2 12.3 7.8
v 5.8 12.3 7.8
v 6.1 12.3 7.8
v -6.1 12.3 7.5
v -5.8 12.3 7.5
v -1.6 12.3 7.5
v -1.3 12.3 7.5
v 0.9 12.3 7.5
v 1.2 12.3 7.5
v 5.8 12.3 7.5
v 6.1 12.3 7.5
v -8.8 12.3 5.1
v -8.5 12.3 5.1
v 8.5 12.3 5.1
v 8.8 12.3 5.1
v -8.8 12.3 4.8
v -8.5 12.3 4.8
v 8.5 12.3 4.8
v 8.8 12.3 4.8
v -8.8 12.3 0.6
v -8.5 12.3 0.6
v 8.5 12.3 0.6
v 8.8 12.3 0.6
v -8.8 12.3 0.3
v -8.5 12.3 0.3
v 8.5 12.3 0.3
v 8.8 12.3 0.3
v -8.8 12.3 -1.9
v -8.5 12.3 -1.9
v 8.5 12.3 -1.9
v 8.8 12.3 -1.9
v -8.8 12.3 -2.2
v -8.5 12.3 -2.2
v 8.5 12.3 -2.2
v 8.8 12.3 -2.2
v -8.8 12.3 -6.8
v -8.5 12.3 -6.8
v 8.5 12.3 -6.8
v 8.8 12.3 -6.8
v -8.8 12.3 -7.1
v -8.5 12.3 -7.1
v 8.5 12.3 -7.1
v 8.8 12.3 -7.1
v -6.1 12.3 -9.5
v -5.8 12.3 -9.5
v -1.6 12.3 -9.5
v -1.3 12.3 -9.5
v 0.9 12.3 -9.5
v 1.2 12.3 -9.5
v 5.8 12.3 -9.5
v 6.1 12.3 -9.5
v -6.1 12.3 -9.8
v -5.8 12.3 -9.8
v -1.6 12.3 -9.8
v -1.3 12.3 -9.8
v 0.9 12.3 -9.8
v 1.2 12.3 -9.8
v 5.8 12.3 -9.8
v 6.1 12.3 -9.8
v -6.4 12.9 7.8
v -6.1 12.9 7.8
v 6.1 12.9 7.8
v 6.4 12.9 7.8
v -6.4 12.9 7.5
v -6.1 12.9 7.5
v 6.1 12.9 7.5
v 6.4 12.9 7.5
v -8.8 12.9 5.4
v -8.5 12.9 5.4
v 8.5 12.9 5.4
v 8.8 12.9 5.4
v -8.8 12.9 5.1
v -8.5 12.9 5.1
v 8.5 12.9 5.1
v 8.8 12.9 5.1
v -8.8 12.9 -7.1
v -8.5 12.9 -7.1
v 8.5 12.9 -7.1
v 8.8 12.9 -7.1
v -8.8 12.9 -7.4
v -8.5 12.9 -7.4
v 8.5 12.9 -7.4
v 8.8 12.9 -7.4
v -6.4 12.9 -9.5
v -6.1 12.9 -9.5
v 6.1 12.9 -9.5
v 6.4 12.9 -9.5
v -6.4 12.9 -9.8
v -6.1 12.9 -9.8
v 6.1 12.9 -9.8
v 6.4 12.9 -9.8
v -1.3 13.5 7.8
v -1 13.5 7.8
v 0.599999 13.5 7.8
v 0.9 13.5 7.8
v -1.3 13.5 7.5
v -1 13.5 7.5
v 0.599999 13.5 7.5
v 0.9 13.5 7.5
v -8.8 13.5 0.3
v -8.5 13.5 0.3
v 8.5 13.5 0.3
v 8.8 13.5 0.3
v -8.8 13.5 0
v -8.5 13.5 0
v 8.5 13.5 0
v 8.8 13.5 0
v -8.8 13.5 -1.6
v -8.5 13.5 -1.6
v 8.5 13.5 -1.6
v 8.8 13.5 -1.6
v -8.8 13.5 -1.9
v -8.5 13.5 -1.9
v 8.5 13.5 -1.9
v 8.8 13.5 -1.9
v -1.3 13.5 -9.5
v -1 13.5 -9.5
v 0.599999 13.5 -9.5
v 0.9 13.5 -9.5
v -1.3 13.5 -9.8
v -1 13.5 -9.8
v 0.599999 13.5 -9.8
v 0.9 13.5 -9.8
v -6.7 13.8 7.8
v -6.4 13.8 7.8
v 6.4 13.8 7.8
v 6.7 13.8 7.8
v -6.7 13.8 7.5
v -6.4 13.8 7.5
v 6.4 13.8 7.5
v 6.7 13.8 7.5
v -8.8 13.8 5.7
v -8.5 13.8 5.7
v 8.5 13.8 5.7
v 8.8 13.8 5.7
v -8.8 13.8 5.4
v -8.5 13.8 5.4
v 8.5 13.8 5.4
v 8.8 13.8 5.4
v -8.8 13.8 -7.4
v -8.5 13.8 -7.4
v 8.5 13.8 -7.4
v 8.8 13.8 -7.4
v -8.8 13.8 -7.7
v -8.5 13.8 -7.7
v 8.5 13.8 -7.7
v 8.8 13.8 -7.7
v -6.7 13.8 -9.5
v -6.4 13.8 -9.5
v 6.4 13.8 -9.5
v 6.7 13.8 -9.5
v -6.7 13.8 -9.8
v -6.4 13.8 -9.8
v 6.4 13.8 -9.8
v 6.7 13.8 -9.8
v -7.6 14.2 7.4
v -7.4 14.2 7.4
v -7.6 14.2 7.3
v -7.4 14.2 7.3
v -8.4 14.2 6.6
v -8.3 14.2 6.6
v 8.3 14.2 6.6
v 8.4 14.2 6.6
v -8.4 14.2 6.4
v -8.3 14.2 6.4
v 8.3 14.2 6.4
v 8.4 14.2 6.4
v -7.6 14.2 -9.3
v -7.4 14.2 -9.3
v -7.6 14.2 -9.4
v -7.4 14.2 -9.4
v -8.2 15.3 8
v -7.2 15.3 8
v 7.5 15.3 8
v 8.2 15.3 8
v -6.7 15.3 7.9
v -1 15.3 7.9
v 0.599999 15.3 7.9
v 6.7 15.3 7.9
v -6.7 15.3 7.8
v -1 15.3 7.8
v -0.3 15.3 7.8
v -0.1 15.3 7.8
v 0.599999 15.3 7.8
v 6.7 15.3 7.8
v -0.3 15.3 7.6
v -0.1 15.3 7.6
v -7.1 15.3 7.5
v -7 15.3 7.5
v -6.7 15.3 7.5
v -1 15.3 7.5
v -0.3 15.3 7.5
v -0.1 15.3 7.5
v 0.599999 15.3 7.5
v 6.7 15.3 7.5
v 7 15.3 7.5
v 7.1 15.3 7.5
v -7.2 15.3 7.3
v -7.1 15.3 7.3
v 7.1 15.3 7.3
v 7.5 15.3 7.3
v -9 15.3 7.2
v -8.2 15.3 7.2
v -7 15.3 7.2
v 7 15.3 7.2
v 8.2 15.3 7.2
v 9 15.3 7.2
v -9 15.3 6.2
v -8.3 15.3 6.2
v 8.3 15.3 6.2
v 9 15.3 6.2
v -8.5 15.3 6.1
v -8.3 15.3 6.1
v 8.3 15.3 6.1
v 8.5 15.3 6.1
v -8.5 15.3 6
v -8.2 15.3 6
v 8.2 15.3 6
v 8.5 15.3 6
v -8.9 15.3 5.7
v -8.8 15.3 5.7
v -8.5 15.3 5.7
v 8.5 15.3 5.7
v 8.8 15.3 5.7
v 8.9 15.3 5.7
v -8.9 15.3 0
v -8.8 15.3 0
v -8.5 15.3 0
v 8.5 15.3 0
v 8.8 15.3 0
v 8.9 15.3 0
v -8.8 15.3 -0.7
v -8.6 15.3 -0.7
v -8.5 15.3 -0.7
v 8.5 15.3 -0.7
v 8.6 15.3 -0.7
v 8.8 15.3 -0.7
v -8.8 15.3 -0.9
v -8.6 15.3 -0.9
v -8.5 15.3 -0.9
v 8.5 15.3 -0.9
v 8.6 15.3 -0.9
v 8.8 15.3 -0.9
v -8.9 15.3 -1.6
v -8.8 15.3 -1.6
v -8.5 15.3 -1.6
v 8.5 15.3 -1.6
v 8.8 15.3 -1.6
v 8.9 15.3 -1.6
v -8.9 15.3 -7.7
v -8.8 15.3 -7.7
v -8.5 15.3 -7.7
v 8.5 15.3 -7.7
v 8.8 15.3 -7.7
v 8.9 15.3 -7.7
v -8.5 15.3 -8
v -8.2 15.3 -8
v 8.2 15.3 -8
v 8.5 15.3 -8
v -8.5 15.3 -8.1
v -8.3 15.3 -8.1
v 8.3 15.3 -8.1
v 8.5 15.3 -8.1
v -9 15.3 -8.5
v -8.3 15.3 -8.5
v 8.3 15.3 -8.5
v 9 15.3 -8.5
v -9 15.3 -9.2
v -8.2 15.3 -9.2
v -7 15.3 -9.2
v 7 15.3 -9.2
v 8.2 15.3 -9.2
v 9 15.3 -9.2
v -7.2 15.3 -9.3
v -7.1 15.3 -9.3
v 7.1 15.3 -9.3
v 7.5 15.3 -9.3
v -7.1 15.3 -9.5
v -7 15.3 -9.5
v -6.7 15.3 -9.5
v -1 15.3 -9.5
v -0.3 15.3 -9.5
v -0.1 15.3 -9.5
v 0.599999 15.3 -9.5
v 6.7 15.3 -9.5
v 7 15.3 -9.5
v 7.1 15.3 -9.5
v -0.3 15.3 -9.6
v -0.1 15.3 -9.6
v -6.7 15.3 -9.8
v -1 15.3 -9.8
v -0.3 15.3 -9.8
v -0.1 15.3 -9.8
v 0.599999 15.3 -9.8
v 6.7 15.3 -9.8
v -6.7 15.3 -9.9
v -1 15.3 -9.9
v 0.599999 15.3 -9.9
v 6.7 15.3 -9.9
v -8.2 15.3 -10
v -7.2 15.3 -10
v 7.5 15.3 -10
v 8.2 15.3 -10

# faces
f 7/8/1 2/8/1 1/8/1
f 8/8/1 2/8/1 7/8/1
f 9/6/1 3/6/1 2/6/1
f 9/8/1 2/8/1 8/8/1
f 10/9/1 4/9/1 3/9/1
f 10/6/1 3/6/1 9/6/1
f 11/6/1 5/6/1 4/6/1
f 11/9/1 4/9/1 10/9/1
f 12/8/1 6/8/1 5/8/1
f 12/6/1 5/6/1 11/6/1
f 13/8/1 6/8/1 12/8/1
f 14/8/1 6/8/1 13/8/1
f 15/6/1 11/6/1 10/6/1
f 15/6/1 9/6/1 8/6/1
f 15/6/1 10/6/1 9/6/1
f 15/6/1 13/6/1 12/6/1
f 15/6/1 12/6/1 11/6/1
f 16/6/1 13/6/1 15/6/1
f 17/6/1 15/6/1 8/6/1
f 18/6/1 13/6/1 16/6/1
f 19/6/1 17/6/1 8/6/1
f 19/6/1 18/6/1 17/6/1
f 20/6/1 18/6/1 19/6/1
f 21/6/1 19/6/1 8/6/1
f 22/6/1 18/6/1 20/6/1
f 23/4/1 8/4/1 7/4/1
f 24/6/1 22/6/1 21/6/1
f 24/4/1 8/4/1 23/4/1
f 24/6/1 21/6/1 8/6/1
f 25/4/1 14/4/1 13/4/1
f 25/6/1 22/6/1 24/6/1
f 25/6/1 13/6/1 18/6/1
f 25/6/1 18/6/1 22/6/1
f 26/4/1 14/4/1 25/4/1
f 29/2/1 28/2/1 27/2/1
f 30/2/1 28/2/1 29/2/1
f 33/2/1 32/2/1 31/2/1
f 34/2/1 32/2/1 33/2/1
f 39/7/1 36/7/1 35/7/1
f 40/7/1 36/7/1 39/7/1
f 41/7/1 38/7/1 37/7/1
f 42/7/1 38/7/1 41/7/1
f 47/7/1 44/7/1 43/7/1
f 48/7/1 44/7/1 47/7/1
f 49/7/1 46/7/1 45/7/1
f 50/7/1 46/7/1 49/7/1
f 53/4/1 52/4/1 51/4/1
f 54/4/1 52/4/1 53/4/1
f 55/4/1 53/4/1 51/4/1
f 56/4/1 53/4/1 55/4/1
f 61/8/1 58/8/1 57/8/1
f 62/8/1 58/8/1 61/8/1
f 63/8/1 60/8/1 59/8/1
f 64/8/1 60/8/1 63/8/1
f 65/4/1 62/4/1 61/4/1
f 66/4/1 62/4/1 65/4/1
f 67/4/1 64/4/1 63/4/1
f 68/4/1 64/4/1 67/4/1
f 71/8/1 70/8/1 69/8/1
f 72/8/1 70/8/1 71/8/1
f 77/4/1 74/4/1 73/4/1
f 78/4/1 74/4/1 77/4/1
f 79/4/1 76/4/1 75/4/1
f 80/4/1 76/4/1 79/4/1
f 85/4/1 82/4/1 81/4/1
f 86/4/1 82/4/1 85/4/1
f 87/4/1 84/4/1 83/4/1
f 88/4/1 84/4/1 87/4/1
f 93/6/1 90/6/1 89/6/1
f 94/6/1 90/6/1 93/6/1
f 95/6/1 92/6/1 91/6/1
f 96/6/1 92/6/1 95/6/1
f 101/6/1 98/6/1 97/6/1
f 102/6/1 98/6/1 101/6/1
f 103/6/1 100/6/1 99/6/1
f 104/6/1 100/6/1 103/6/1
f 109/8/1 106/8/1 105/8/1
f 110/8/1 106/8/1 109/8/1
f 111/8/1 108/8/1 107/8/1
f 112/8/1 108/8/1 111/8/1
f 117/8/1 114/8/1 113/8/1
f 118/8/1 114/8/1 117/8/1
f 119/8/1 116/8/1 115/8/1
f 120/8/1 116/8/1 119/8/1
f 125/8/1 122/8/1 121/8/1
f 126/8/1 122/8/1 125/8/1
f 127/8/1 124/8/1 123/8/1
f 128/8/1 124/8/1 127/8/1
f 133/8/1 130/8/1 129/8/1
f 134/8/1 130/8/1 133/8/1
f 135/8/1 132/8/1 131/8/1
f 136/8/1 132/8/1 135/8/1
f 141/8/1 138/8/1 137/8/1
f 142/8/1 138/8/1 141/8/1
f 143/8/1 140/8/1 139/8/1
f 144/8/1 140/8/1 143/8/1
f 149/7/1 146/7/1 145/7/1
f 150/7/1 146/7/1 149/7/1
f 151/7/1 148/7/1 147/7/1
f 152/7/1 148/7/1 151/7/1
f 157/7/1 154/7/1 153/7/1
f 158/7/1 154/7/1 157/7/1
f 159/7/1 156/7/1 155/7/1
f 160/7/1 156/7/1 159/7/1
f 165/8/1 162/8/1 161/8/1
f 166/8/1 162/8/1 165/8/1
f 167/8/1 164/8/1 163/8/1
f 168/8/1 164/8/1 167/8/1
f 173/7/1 170/7/1 169/7/1
f 174/7/1 170/7/1 173/7/1
f 175/7/1 172/7/1 171/7/1
f 176/7/1 172/7/1 175/7/1
f 181/8/1 178/8/1 177/8/1
f 182/8/1 178/8/1 181/8/1
f 183/8/1 180/8/1 179/8/1
f 184/8/1 180/8/1 183/8/1
f 189/8/1 186/8/1 185/8/1
f 190/8/1 186/8/1 189/8/1
f 191/8/1 188/8/1 187/8/1
f 192/8/1 188/8/1 191/8/1
f 197/8/1 194/8/1 193/8/1
f 198/8/1 194/8/1 197/8/1
f 199/8/1 196/8/1 195/8/1
f 200/8/1 196/8/1 199/8/1
f 205/8/1 202/8/1 201/8/1
f 206/8/1 202/8/1 205/8/1
f 207/8/1 204/8/1 203/8/1
f 208/8/1 204/8/1 207/8/1
f 213/8/1 210/8/1 209/8/1
f 214/8/1 210/8/1 213/8/1
f 215/8/1 212/8/1 211/8/1
f 216/8/1 212/8/1 215/8/1
f 221/8/1 218/8/1 217/8/1
f 222/8/1 218/8/1 221/8/1
f 223/8/1 220/8/1 219/8/1
f 224/8/1 220/8/1 223/8/1
f 229/8/1 226/8/1 225/8/1
f 230/8/1 226/8/1 229/8/1
f 231/8/1 228/8/1 227/8/1
f 232/8/1 228/8/1 231/8/1
f 237/8/1 234/8/1 233/8/1
f 238/8/1 234/8/1 237/8/1
f 239/8/1 236/8/1 235/8/1
f 240/8/1 236/8/1 239/8/1
f 245/8/1 242/8/1 241/8/1
f 246/8/1 242/8/1 245/8/1
f 247/8/1 244/8/1 243/8/1
f 248/8/1 244/8/1 247/8/1
f 253/8/1 250/8/1 249/8/1
f 254/8/1 250/8/1 253/8/1
f 255/8/1 252/8/1 251/8/1
f 256/8/1 252/8/1 255/8/1
f 261/7/1 258/7/1 257/7/1
f 262/7/1 258/7/1 261/7/1
f 263/7/1 260/7/1 259/7/1
f 264/7/1 260/7/1 263/7/1
f 269/8/1 266/8/1 265/8/1
f 270/8/1 266/8/1 269/8/1
f 271/8/1 268/8/1 267/8/1
f 272/8/1 268/8/1 271/8/1
f 277/7/1 274/7/1 273/7/1
f 278/7/1 274/7/1 277/7/1
f 279/7/1 276/7/1 275/7/1
f 280/7/1 276/7/1 279/7/1
f 285/8/1 282/8/1 281/8/1
f 286/8/1 282/8/1 285/8/1
f 287/8/1 284/8/1 283/8/1
f 288/8/1 284/8/1 287/8/1
f 293/8/1 290/8/1 289/8/1
f 294/8/1 290/8/1 293/8/1
f 295/8/1 292/8/1 291/8/1
f 296/8/1 292/8/1 295/8/1
f 301/8/1 298/8/1 297/8/1
f 302/8/1 298/8/1 301/8/1
f 303/8/1 300/8/1 299/8/1
f 304/8/1 300/8/1 303/8/1
f 309/8/1 306/8/1 305/8/1
f 310/8/1 306/8/1 309/8/1
f 311/8/1 308/8/1 307/8/1
f 312/8/1 308/8/1 311/8/1
f 317/8/1 314/8/1 313/8/1
f 318/8/1 314/8/1 317/8/1
f 319/8/1 316/8/1 315/8/1
f 320/8/1 316/8/1 319/8/1
f 325/8/1 322/8/1 321/8/1
f 326/8/1 322/8/1 325/8/1
f 327/8/1 324/8/1 323/8/1
f 328/8/1 324/8/1 327/8/1
f 333/1/1 330/1/1 329/1/1
f 333/1/1 332/1/1 331/1/1
f 333/1/1 331/1/1 330/1/1
f 334/1/1 332/1/1 333/1/1
f 339/8/1 336/8/1 335/8/1
f 340/8/1 336/8/1 339/8/1
f 341/8/1 338/8/1 337/8/1
f 342/8/1 338/8/1 341/8/1
f 347/8/1 344/8/1 343/8/1
f 348/8/1 344/8/1 347/8/1
f 349/8/1 346/8/1 345/8/1
f 350/8/1 346/8/1 349/8/1
f 355/8/1 352/8/1 351/8/1
f 356/8/1 352/8/1 355/8/1
f 357/8/1 354/8/1 353/8/1
f 358/8/1 354/8/1 357/8/1
f 365/1/1 360/1/1 359/1/1
f 365/1/1 361/1/1 360/1/1
f 366/1/1 361/1/1 365/1/1
f 367/1/1 364/1/1 363/1/1
f 367/1/1 363/1/1 362/1/1
f 368/1/1 364/1/1 367/1/1
f 369/1/1 367/1/1 366/1/1
f 370/1/1 367/1/1 369/1/1
f 375/8/1 372/8/1 371/8/1
f 376/8/1 372/8/1 375/8/1
f 377/8/1 374/8/1 373/8/1
f 378/8/1 374/8/1 377/8/1
f 383/1/1 380/1/1 379/1/1
f 384/1/1 380/1/1 383/1/1
f 387/1/1 382/1/1 381/1/1
f 388/1/1 382/1/1 387/1/1
f 389/1/1 385/1/1 384/1/1
f 390/1/1 385/1/1 389/1/1
f 391/1/1 387/1/1 386/1/1
f 392/1/1 387/1/1 391/1/1
f 397/8/1 394/8/1 393/8/1
f 398/8/1 394/8/1 397/8/1
f 399/8/1 396/8/1 395/8/1
f 400/8/1 396/8/1 399/8/1
f 405/1/1 402/1/1 401/1/1
f 406/1/1 402/1/1 405/1/1
f 409/1/1 404/1/1 403/1/1
f 410/1/1 404/1/1 409/1/1
f 411/1/1 407/1/1 406/1/1
f 412/1/1 407/1/1 411/1/1
f 413/1/1 409/1/1 408/1/1
f 414/1/1 409/1/1 413/1/1
f 419/8/1 416/8/1 415/8/1
f 420/8/1 416/8/1 419/8/1
f 421/8/1 418/8/1 417/8/1
f 422/8/1 418/8/1 421/8/1
f 427/8/1 424/8/1 423/8/1
f 428/8/1 424/8/1 427/8/1
f 429/8/1 426/8/1 425/8/1
f 430/8/1 426/8/1 429/8/1
f 435/8/1 432/8/1 431/8/1
f 436/8/1 432/8/1 435/8/1
f 437/8/1 434/8/1 433/8/1
f 438/8/1 434/8/1 437/8/1
f 443/1/1 440/1/1 439/1/1
f 444/1/1 440/1/1 443/1/1
f 447/1/1 442/1/1 441/1/1
f 448/1/1 442/1/1 447/1/1
f 449/1/1 445/1/1 444/1/1
f 450/1/1 445/1/1 449/1/1
f 451/1/1 447/1/1 446/1/1
f 452/1/1 447/1/1 451/1/1
f 457/8/1 454/8/1 453/8/1
f 458/8/1 454/8/1 457/8/1
f 459/8/1 456/8/1 455/8/1
f 460/8/1 456/8/1 459/8/1
f 465/4/1 462/4/1 461/4/1
f 466/4/1 462/4/1 465/4/1
f 467/4/1 464/4/1 463/4/1
f 468/4/1 464/4/1 467/4/1
f 473/4/1 470/4/1 469/4/1
f 474/4/1 470/4/1 473/4/1
f 475/4/1 472/4/1 471/4/1
f 476/4/1 472/4/1 475/4/1
f 481/1/1 478/1/1 477/1/1
f 482/1/1 478/1/1 481/1/1
f 485/1/1 480/1/1 479/1/1
f 486/1/1 480/1/1 485/1/1
f 487/1/1 483/1/1 482/1/1
f 488/1/1 483/1/1 487/1/1
f 489/1/1 485/1/1 484/1/1
f 490/1/1 485/1/1 489/1/1
f 495/6/1 492/6/1 491/6/1
f 496/6/1 492/6/1 495/6/1
f 497/6/1 494/6/1 493/6/1
f 498/6/1 494/6/1 497/6/1
f 503/6/1 500/6/1 499/6/1
f 504/6/1 500/6/1 503/6/1
f 505/6/1 502/6/1 501/6/1
f 506/6/1 502/6/1 505/6/1
f 511/6/1 508/6/1 507/6/1
f 512/6/1 508/6/1 511/6/1
f 513/6/1 510/6/1 509/6/1
f 514/6/1 510/6/1 513/6/1
f 519/6/1 516/6/1 515/6/1
f 520/6/1 516/6/1 519/6/1
f 521/6/1 518/6/1 517/6/1
f 522/6/1 518/6/1 521/6/1
f 527/1/1 524/1/1 523/1/1
f 528/1/1 524/1/1 527/1/1
f 531/1/1 526/1/1 525/1/1
f 532/1/1 526/1/1 531/1/1
f 533/1/1 529/1/1 528/1/1
f 534/1/1 529/1/1 533/1/1
f 535/1/1 531/1/1 530/1/1
f 536/1/1 531/1/1 535/1/1
f 541/6/1 538/6/1 537/6/1
f 542/6/1 538/6/1 541/6/1
f 543/6/1 540/6/1 539/6/1
f 544/6/1 540/6/1 543/6/1
f 549/6/1 546/6/1 545/6/1
f 550/6/1 546/6/1 549/6/1
f 551/6/1 548/6/1 547/6/1
f 552/6/1 548/6/1 551/6/1
f 557/6/1 554/6/1 553/6/1
f 558/6/1 554/6/1 557/6/1
f 559/6/1 556/6/1 555/6/1
f 560/6/1 556/6/1 559/6/1
f 565/6/1 562/6/1 561/6/1
f 566/6/1 562/6/1 565/6/1
f 567/6/1 564/6/1 563/6/1
f 568/6/1 564/6/1 567/6/1
f 573/6/1 570/6/1 569/6/1
f 574/6/1 570/6/1 573/6/1
f 575/6/1 572/6/1 571/6/1
f 576/6/1 572/6/1 575/6/1
f 581/6/1 578/6/1 577/6/1
f 582/6/1 578/6/1 581/6/1
f 583/6/1 580/6/1 579/6/1
f 584/6/1 580/6/1 583/6/1
f 589/6/1 586/6/1 585/6/1
f 590/6/1 586/6/1 589/6/1
f 591/6/1 588/6/1 587/6/1
f 592/6/1 588/6/1 591/6/1
f 597/5/1 594/5/1 593/5/1
f 598/5/1 594/5/1 597/5/1
f 601/1/1 598/1/1 597/1/1
f 602/1/1 598/1/1 601/1/1
f 604/6/1 596/6/1 595/6/1
f 605/6/1 600/6/1 599/6/1
f 607/6/1 604/6/1 603/6/1
f 608/6/1 596/6/1 604/6/1
f 608/6/1 604/6/1 607/6/1
f 609/6/1 606/6/1 605/6/1
f 609/6/1 605/6/1 599/6/1
f 610/6/1 606/6/1 609/6/1
f 611/6/1 607/6/1 603/6/1
f 612/6/1 607/6/1 611/6/1
f 613/6/1 606/6/1 610/6/1
f 614/6/1 606/6/1 613/6/1
f 619/8/1 616/8/1 615/8/1
f 620/8/1 616/8/1 619/8/1
f 621/8/1 618/8/1 617/8/1
f 622/8/1 618/8/1 621/8/1
f 627/8/1 624/8/1 623/8/1
f 628/8/1 624/8/1 627/8/1
f 629/8/1 626/8/1 625/8/1
f 630/8/1 626/8/1 629/8/1
f 635/8/1 632/8/1 631/8/1
f 636/8/1 632/8/1 635/8/1
f 637/8/1 634/8/1 633/8/1
f 638/8/1 634/8/1 637/8/1
f 643/8/1 640/8/1 639/8/1
f 644/8/1 640/8/1 643/8/1
f 645/8/1 642/8/1 641/8/1
f 646/8/1 642/8/1 645/8/1
f 651/8/1 648/8/1 647/8/1
f 652/8/1 648/8/1 651/8/1
f 653/8/1 650/8/1 649/8/1
f 654/8/1 650/8/1 653/8/1
f 659/8/1 656/8/1 655/8/1
f 660/8/1 656/8/1 659/8/1
f 661/8/1 658/8/1 657/8/1
f 662/8/1 658/8/1 661/8/1
f 667/8/1 664/8/1 663/8/1
f 668/8/1 664/8/1 667/8/1
f 669/8/1 666/8/1 665/8/1
f 670/8/1 666/8/1 669/8/1
f 675/8/1 672/8/1 671/8/1
f 676/8/1 672/8/1 675/8/1
f 677/8/1 674/8/1 673/8/1
f 678/8/1 674/8/1 677/8/1
f 683/8/1 680/8/1 679/8/1
f 684/8/1 680/8/1 683/8/1
f 685/8/1 682/8/1 681/8/1
f 686/8/1 682/8/1 685/8/1
f 691/8/1 688/8/1 687/8/1
f 692/8/1 688/8/1 691/8/1
f 693/8/1 690/8/1 689/8/1
f 694/8/1 690/8/1 693/8/1
f 699/8/1 696/8/1 695/8/1
f 700/8/1 696/8/1 699/8/1
f 701/8/1 698/8/1 697/8/1
f 702/8/1 698/8/1 701/8/1
f 707/8/1 704/8/1 703/8/1
f 708/8/1 704/8/1 707/8/1
f 709/8/1 706/8/1 705/8/1
f 710/8/1 706/8/1 709/8/1
f 715/8/1 712/8/1 711/8/1
f 716/8/1 712/8/1 715/8/1
f 717/8/1 714/8/1 713/8/1
f 718/8/1 714/8/1 717/8/1
f 723/8/1 720/8/1 719/8/1
f 724/8/1 720/8/1 723/8/1
f 725/8/1 722/8/1 721/8/1
f 726/8/1 722/8/1 725/8/1
f 731/8/1 728/8/1 727/8/1
f 732/8/1 728/8/1 731/8/1
f 733/8/1 730/8/1 729/8/1
f 734/8/1 730/8/1 733/8/1
f 739/8/1 736/8/1 735/8/1
f 740/8/1 736/8/1 739/8/1
f 741/8/1 738/8/1 737/8/1
f 742/8/1 738/8/1 741/8/1
f 747/8/1 744/8/1 743/8/1
f 748/8/1 744/8/1 747/8/1
f 749/8/1 746/8/1 745/8/1
f 750/8/1 746/8/1 749/8/1
f 755/8/1 752/8/1 751/8/1
f 756/8/1 752/8/1 755/8/1
f 757/8/1 754/8/1 753/8/1
f 758/8/1 754/8/1 757/8/1
f 763/8/1 760/8/1 759/8/1
f 764/8/1 760/8/1 763/8/1
f 765/8/1 762/8/1 761/8/1
f 766/8/1 762/8/1 765/8/1
f 771/8/1 768/8/1 767/8/1
f 772/8/1 768/8/1 771/8/1
f 773/8/1 770/8/1 769/8/1
f 774/8/1 770/8/1 773/8/1
f 779/8/1 776/8/1 775/8/1
f 780/8/1 776/8/1 779/8/1
f 781/8/1 778/8/1 777/8/1
f 782/8/1 778/8/1 781/8/1
f 787/8/1 784/8/1 783/8/1
f 788/8/1 784/8/1 787/8/1
f 789/8/1 786/8/1 785/8/1
f 790/8/1 786/8/1 789/8/1
f 795/7/1 792/7/1 791/7/1
f 796/7/1 792/7/1 795/7/1
f 797/7/1 794/7/1 793/7/1
f 798/7/1 794/7/1 797/7/1
f 803/8/1 800/8/1 799/8/1
f 804/8/1 800/8/1 803/8/1
f 805/8/1 802/8/1 801/8/1
f 806/8/1 802/8/1 805/8/1
f 811/8/1 808/8/1 807/8/1
f 812/8/1 808/8/1 811/8/1
f 813/8/1 810/8/1 809/8/1
f 814/8/1 810/8/1 813/8/1
f 819/8/1 816/8/1 815/8/1
f 820/8/1 816/8/1 819/8/1
f 821/8/1 818/8/1 817/8/1
f 822/8/1 818/8/1 821/8/1
f 827/8/1 824/8/1 823/8/1
f 828/8/1 824/8/1 827/8/1
f 829/8/1 826/8/1 825/8/1
f 830/8/1 826/8/1 829/8/1
f 835/7/1 832/7/1 831/7/1
f 836/7/1 832/7/1 835/7/1
f 837/7/1 834/7/1 833/7/1
f 838/7/1 834/7/1 837/7/1
f 843/8/1 840/8/1 839/8/1
f 844/8/1 840/8/1 843/8/1
f 845/8/1 842/8/1 841/8/1
f 846/8/1 842/8/1 845/8/1
f 851/7/1 848/7/1 847/7/1
f 852/7/1 848/7/1 851/7/1
f 853/7/1 850/7/1 849/7/1
f 854/7/1 850/7/1 853/7/1
f 859/8/1 856/8/1 855/8/1
f 860/8/1 856/8/1 859/8/1
f 861/8/1 858/8/1 857/8/1
f 862/8/1 858/8/1 861/8/1
f 867/8/1 864/8/1 863/8/1
f 868/8/1 864/8/1 867/8/1
f 869/8/1 866/8/1 865/8/1
f 870/8/1 866/8/1 869/8/1
f 875/8/1 872/8/1 871/8/1
f 876/8/1 872/8/1 875/8/1
f 877/8/1 874/8/1 873/8/1
f 878/8/1 874/8/1 877/8/1
f 883/8/1 880/8/1 879/8/1
f 884/8/1 880/8/1 883/8/1
f 885/8/1 882/8/1 881/8/1
f 886/8/1 882/8/1 885/8/1
f 891/8/1 888/8/1 887/8/1
f 892/8/1 888/8/1 891/8/1
f 893/8/1 890/8/1 889/8/1
f 894/8/1 890/8/1 893/8/1
f 899/8/1 896/8/1 895/8/1
f 900/8/1 896/8/1 899/8/1
f 901/8/1 898/8/1 897/8/1
f 902/8/1 898/8/1 901/8/1
f 907/8/1 904/8/1 903/8/1
f 908/8/1 904/8/1 907/8/1
f 909/8/1 906/8/1 905/8/1
f 910/8/1 906/8/1 909/8/1
f 915/8/1 912/8/1 911/8/1
f 916/8/1 912/8/1 915/8/1
f 917/8/1 914/8/1 913/8/1
f 918/8/1 914/8/1 917/8/1
f 923/8/1 920/8/1 919/8/1
f 924/8/1 920/8/1 923/8/1
f 925/8/1 922/8/1 921/8/1
f 926/8/1 922/8/1 925/8/1
f 931/4/1 928/4/1 927/4/1
f 932/4/1 928/4/1 931/4/1
f 933/4/1 930/4/1 929/4/1
f 934/4/1 930/4/1 933/4/1
f 939/4/1 936/4/1 935/4/1
f 940/4/1 936/4/1 939/4/1
f 941/4/1 938/4/1 937/4/1
f 942/4/1 938/4/1 941/4/1
f 949/6/1 944/6/1 943/6/1
f 950/3/1 945/3/1 944/3/1
f 950/6/1 944/6/1 949/6/1
f 951/3/1 945/3/1 950/3/1
f 952/3/1 947/3/1 946/3/1
f 953/6/1 948/6/1 947/6/1
f 953/3/1 947/3/1 952/3/1
f 954/6/1 948/6/1 953/6/1
f 959/6/1 956/6/1 955/6/1
f 960/6/1 956/6/1 959/6/1
f 961/6/1 958/6/1 957/6/1
f 962/6/1 958/6/1 961/6/1
f 967/4/1 964/4/1 963/4/1
f 968/4/1 964/4/1 967/4/1
f 969/4/1 966/4/1 965/4/1
f 970/4/1 966/4/1 969/4/1
f 977/6/1 972/6/1 971/6/1
f 978/3/1 973/3/1 972/3/1
f 978/6/1 972/6/1 977/6/1
f 979/3/1 973/3/1 978/3/1
f 980/3/1 975/3/1 974/3/1
f 981/6/1 976/6/1 975/6/1
f 981/3/1 975/3/1 980/3/1
f 982/6/1 976/6/1 981/6/1
f 987/6/1 984/6/1 983/6/1
f 988/6/1 984/6/1 987/6/1
f 989/6/1 986/6/1 985/6/1
f 990/6/1 986/6/1 989/6/1
f 995/6/1 992/6/1 991/6/1
f 996/6/1 992/6/1 995/6/1
f 997/6/1 994/6/1 993/6/1
f 998/6/1 994/6/1 997/6/1
f 1003/6/1 1000/6/1 999/6/1
f 1004/6/1 1000/6/1 1003/6/1
f 1005/6/1 1002/6/1 1001/6/1
f 1006/6/1 1002/6/1 1005/6/1
f 1013/6/1 1008/6/1 1007/6/1
f 1013/3/1 1009/3/1 1008/3/1
f 1014/3/1 1009/3/1 1013/3/1
f 1015/3/1 1011/3/1 1010/3/1
f 1016/6/1 1012/6/1 1011/6/1
f 1016/3/1 1011/3/1 1015/3/1
f 1017/6/1 1014/6/1 1013/6/1
f 1017/6/1 1013/6/1 1007/6/1
f 1018/6/1 1014/6/1 1017/6/1
f 1019/6/1 1016/6/1 1015/6/1
f 1020/6/1 1012/6/1 1016/6/1
f 1020/6/1 1016/6/1 1019/6/1
f 1025/6/1 1022/6/1 1021/6/1
f 1026/6/1 1022/6/1 1025/6/1
f 1027/6/1 1024/6/1 1023/6/1
f 1028/6/1 1024/6/1 1027/6/1
f 1033/6/1 1030/6/1 1029/6/1
f 1034/6/1 1030/6/1 1033/6/1
f 1035/6/1 1032/6/1 1031/6/1
f 1036/6/1 1032/6/1 1035/6/1
f 1041/6/1 1038/6/1 1037/6/1
f 1042/6/1 1038/6/1 1041/6/1
f 1043/6/1 1040/6/1 1039/6/1
f 1044/6/1 1040/6/1 1043/6/1
f 1049/6/1 1046/6/1 1045/6/1
f 1050/6/1 1046/6/1 1049/6/1
f 1051/6/1 1048/6/1 1047/6/1
f 1052/6/1 1048/6/1 1051/6/1
f 1057/6/1 1054/6/1 1053/6/1
f 1058/6/1 1054/6/1 1057/6/1
f 1059/6/1 1056/6/1 1055/6/1
f 1060/6/1 1056/6/1 1059/6/1
f 1065/6/1 1062/6/1 1061/6/1
f 1066/6/1 1062/6/1 1065/6/1
f 1067/6/1 1064/6/1 1063/6/1
f 1068/6/1 1064/6/1 1067/6/1
f 1073/6/1 1070/6/1 1069/6/1
f 1074/6/1 1070/6/1 1073/6/1
f 1075/6/1 1072/6/1 1071/6/1
f 1076/6/1 1072/6/1 1075/6/1
f 1082/6/1 1078/6/1 1077/6/1
f 1083/6/1 1078/6/1 1082/6/1
f 1084/6/1 1080/6/1 1079/6/1
f 1085/6/1 1080/6/1 1084/6/1
f 1087/6/1 1082/6/1 1081/6/1
f 1088/6/1 1082/6/1 1087/6/1
f 1089/6/1 1086/6/1 1085/6/1
f 1090/6/1 1086/6/1 1089/6/1
f 1095/6/1 1092/6/1 1091/6/1
f 1096/6/1 1092/6/1 1095/6/1
f 1097/6/1 1094/6/1 1093/6/1
f 1098/6/1 1094/6/1 1097/6/1
f 1103/4/1 1100/4/1 1099/4/1
f 1104/4/1 1100/4/1 1103/4/1
f 1105/4/1 1102/4/1 1101/4/1
f 1106/4/1 1102/4/1 1105/4/1
f 1111/4/1 1108/4/1 1107/4/1
f 1112/4/1 1108/4/1 1111/4/1
f 1113/4/1 1110/4/1 1109/4/1
f 1114/4/1 1110/4/1 1113/4/1
f 1124/4/1 1116/4/1 1115/4/1
f 1125/6/1 1117/6/1 1116/6/1
f 1125/4/1 1116/4/1 1124/4/1
f 1126/6/1 1119/6/1 1118/6/1
f 1126/4/1 1120/4/1 1119/4/1
f 1127/4/1 1120/4/1 1126/4/1
f 1132/6/1 1123/6/1 1122/6/1
f 1133/6/1 1123/6/1 1132/6/1
f 1134/6/1 1117/6/1 1125/6/1
f 1135/6/1 1117/6/1 1134/6/1
f 1136/6/1 1126/6/1 1118/6/1
f 1137/6/1 1126/6/1 1136/6/1
f 1138/3/1 1129/3/1 1128/3/1
f 1139/3/1 1129/3/1 1138/3/1
f 1140/6/1 1132/6/1 1122/6/1
f 1141/6/1 1132/6/1 1140/6/1
f 1142/6/1 1117/6/1 1135/6/1
f 1143/6/1 1117/6/1 1142/6/1
f 1144/6/1 1136/6/1 1118/6/1
f 1145/6/1 1136/6/1 1144/6/1
f 1146/3/1 1129/3/1 1139/3/1
f 1147/3/1 1129/3/1 1146/3/1
f 1148/3/1 1129/3/1 1147/3/1
f 1149/6/1 1130/6/1 1129/6/1
f 1149/3/1 1129/3/1 1148/3/1
f 1150/6/1 1140/6/1 1122/6/1
f 1151/6/1 1140/6/1 1150/6/1
f 1152/6/1 1149/6/1 1148/6/1
f 1153/6/1 1149/6/1 1152/6/1
f 1154/6/1 1117/6/1 1143/6/1
f 1155/6/1 1117/6/1 1154/6/1
f 1156/6/1 1144/6/1 1118/6/1
f 1157/6/1 1144/6/1 1156/6/1
f 1158/6/1 1150/6/1 1122/6/1
f 1159/6/1 1150/6/1 1158/6/1
f 1160/6/1 1149/6/1 1153/6/1
f 1161/6/1 1130/6/1 1149/6/1
f 1161/6/1 1149/6/1 1160/6/1
f 1162/4/1 1122/4/1 1121/4/1
f 1162/6/1 1158/6/1 1122/6/1
f 1163/6/1 1158/6/1 1162/6/1
f 1164/6/1 1130/6/1 1161/6/1
f 1165/4/1 1131/4/1 1130/4/1
f 1165/6/1 1130/6/1 1164/6/1
f 1166/4/1 1162/4/1 1121/4/1
f 1167/4/1 1162/4/1 1166/4/1
f 1168/4/1 1131/4/1 1165/4/1
f 1169/4/1 1131/4/1 1168/4/1
f 1172/9/1 1171/9/1 1170/9/1
f 1173/9/1 1171/9/1 1172/9/1
f 1176/4/1 1175/4/1 1174/4/1
f 1177/4/1 1175/4/1 1176/4/1
f 1178/4/1 1176/4/1 1174/4/1
f 1179/4/1 1176/4/1 1178/4/1
f 1185/4/1 1181/4/1 1180/4/1
f 1186/4/1 1181/4/1 1185/4/1
f 1189/4/1 1183/4/1 1182/4/1
f 1190/4/1 1183/4/1 1189/4/1
f 1192/4/1 1186/4/1 1185/4/1
f 1193/4/1 1186/4/1 1192/4/1
f 1194/4/1 1190/4/1 1189/4/1
f 1195/4/1 1190/4/1 1194/4/1
f 1196/4/1 1192/4/1 1185/4/1
f 1197/4/1 1186/4/1 1193/4/1
f 1198/4/1 1194/4/1 1189/4/1
f 1199/4/1 1190/4/1 1195/4/1
f 1201/6/1 1185/6/1 1184/6/1
f 1202/4/1 1196/4/1 1185/4/1
f 1202/4/1 1197/4/1 1196/4/1
f 1202/6/1 1185/6/1 1201/6/1
f 1203/6/1 1187/6/1 1186/6/1
f 1203/4/1 1197/4/1 1202/4/1
f 1203/4/1 1186/4/1 1197/4/1
f 1204/6/1 1187/6/1 1203/6/1
f 1207/6/1 1189/6/1 1188/6/1
f 1208/4/1 1199/4/1 1198/4/1
f 1208/4/1 1198/4/1 1189/4/1
f 1208/6/1 1189/6/1 1207/6/1
f 1209/6/1 1191/6/1 1190/6/1
f 1209/4/1 1199/4/1 1208/4/1
f 1209/4/1 1190/4/1 1199/4/1
f 1210/6/1 1191/6/1 1209/6/1
f 1213/6/1 1202/6/1 1201/6/1
f 1213/6/1 1201/6/1 1200/6/1
f 1214/6/1 1202/6/1 1213/6/1
f 1215/6/1 1202/6/1 1214/6/1
f 1216/6/1 1205/6/1 1204/6/1
f 1216/6/1 1204/6/1 1203/6/1
f 1217/6/1 1205/6/1 1216/6/1
f 1218/6/1 1207/6/1 1206/6/1
f 1218/6/1 1208/6/1 1207/6/1
f 1219/6/1 1208/6/1 1218/6/1
f 1220/6/1 1210/6/1 1209/6/1
f 1220/6/1 1211/6/1 1210/6/1
f 1221/6/1 1211/6/1 1220/6/1
f 1222/6/1 1211/6/1 1221/6/1
f 1224/6/1 1205/6/1 1217/6/1
f 1227/6/1 1218/6/1 1206/6/1
f 1228/6/1 1214/6/1 1213/6/1
f 1228/6/1 1213/6/1 1212/6/1
f 1229/6/1 1214/6/1 1228/6/1
f 1230/6/1 1223/6/1 1222/6/1
f 1230/6/1 1222/6/1 1221/6/1
f 1231/6/1 1223/6/1 1230/6/1
f 1233/6/1 1228/6/1 1212/6/1
f 1234/6/1 1223/6/1 1231/6/1
f 1236/6/1 1233/6/1 1232/6/1
f 1236/6/1 1228/6/1 1233/6/1
f 1237/6/1 1228/6/1 1236/6/1
f 1238/6/1 1225/6/1 1224/6/1
f 1238/6/1 1224/6/1 1217/6/1
f 1239/6/1 1225/6/1 1238/6/1
f 1240/6/1 1227/6/1 1226/6/1
f 1240/6/1 1218/6/1 1227/6/1
f 1241/6/1 1218/6/1 1240/6/1
f 1242/6/1 1235/6/1 1234/6/1
f 1242/6/1 1234/6/1 1231/6/1
f 1243/6/1 1235/6/1 1242/6/1
f 1245/6/1 1236/6/1 1232/6/1
f 1246/6/1 1236/6/1 1245/6/1
f 1247/6/1 1235/6/1 1243/6/1
f 1248/6/1 1235/6/1 1247/6/1
f 1250/6/1 1245/6/1 1244/6/1
f 1253/6/1 1249/6/1 1248/6/1
f 1255/6/1 1225/6/1 1239/6/1
f 1256/6/1 1240/6/1 1226/6/1
f 1258/6/1 1251/6/1 1250/6/1
f 1261/6/1 1253/6/1 1252/6/1
f 1262/6/1 1259/6/1 1258/6/1
f 1265/6/1 1255/6/1 1254/6/1
f 1266/6/1 1257/6/1 1256/6/1
f 1269/6/1 1261/6/1 1260/6/1
f 1270/6/1 1263/6/1 1262/6/1
f 1271/6/1 1265/6/1 1264/6/1
f 1272/6/1 1267/6/1 1266/6/1
f 1273/6/1 1269/6/1 1268/6/1
f 1274/4/1 1271/4/1 1270/4/1
f 1275/4/1 1271/4/1 1274/4/1
f 1276/4/1 1273/4/1 1272/4/1
f 1277/4/1 1273/4/1 1276/4/1
f 1278/4/1 1274/4/1 1270/4/1
f 1279/4/1 1271/4/1 1275/4/1
f 1280/4/1 1276/4/1 1272/4/1
f 1281/4/1 1273/4/1 1277/4/1
f 1282/6/1 1270/6/1 1262/6/1
f 1282/4/1 1278/4/1 1270/4/1
f 1282/4/1 1279/4/1 1278/4/1
f 1283/6/1 1265/6/1 1271/6/1
f 1283/4/1 1279/4/1 1282/4/1
f 1283/4/1 1271/4/1 1279/4/1
f 1284/4/1 1281/4/1 1280/4/1
f 1284/6/1 1272/6/1 1266/6/1
f 1284/4/1 1280/4/1 1272/4/1
f 1285/4/1 1273/4/1 1281/4/1
f 1285/4/1 1281/4/1 1284/4/1
f 1285/6/1 1269/6/1 1273/6/1
f 1286/6/1 1262/6/1 1258/6/1
f 1286/6/1 1282/6/1 1262/6/1
f 1287/6/1 1282/6/1 1286/6/1
f 1288/6/1 1265/6/1 1283/6/1
f 1289/6/1 1255/6/1 1265/6/1
f 1289/6/1 1265/6/1 1288/6/1
f 1290/6/1 1284/6/1 1266/6/1
f 1290/6/1 1266/6/1 1256/6/1
f 1291/6/1 1284/6/1 1290/6/1
f 1292/6/1 1269/6/1 1285/6/1
f 1293/6/1 1261/6/1 1269/6/1
f 1293/6/1 1269/6/1 1292/6/1
f 1294/6/1 1258/6/1 1250/6/1
f 1294/6/1 1286/6/1 1258/6/1
f 1295/6/1 1286/6/1 1294/6/1
f 1296/6/1 1261/6/1 1293/6/1
f 1297/6/1 1253/6/1 1261/6/1
f 1297/6/1 1261/6/1 1296/6/1
f 1298/6/1 1255/6/1 1289/6/1
f 1299/6/1 1225/6/1 1255/6/1
f 1299/6/1 1255/6/1 1298/6/1
f 1300/6/1 1290/6/1 1256/6/1
f 1300/6/1 1256/6/1 1226/6/1
f 1301/6/1 1290/6/1 1300/6/1
f 1302/6/1 1294/6/1 1250/6/1
f 1302/6/1 1250/6/1 1244/6/1
f 1303/6/1 1294/6/1 1302/6/1
f 1304/6/1 1253/6/1 1297/6/1
f 1305/6/1 1249/6/1 1253/6/1
f 1305/6/1 1253/6/1 1304/6/1
f 1306/6/1 1302/6/1 1244/6/1
f 1307/6/1 1302/6/1 1306/6/1
f 1308/6/1 1225/6/1 1299/6/1
f 1309/6/1 1225/6/1 1308/6/1
f 1310/6/1 1300/6/1 1226/6/1
f 1311/6/1 1300/6/1 1310/6/1
f 1312/6/1 1249/6/1 1305/6/1
f 1313/6/1 1249/6/1 1312/6/1
f 1318/9/1 1315/9/1 1314/9/1
f 1319/9/1 1315/9/1 1318/9/1
f 1320/9/1 1317/9/1 1316/9/1
f 1321/9/1 1317/9/1 1320/9/1
f 1326/7/1 1323/7/1 1322/7/1
f 1327/7/1 1323/7/1 1326/7/1
f 1328/7/1 1325/7/1 1324/7/1
f 1329/7/1 1325/7/1 1328/7/1
f 1336/9/1 1333/9/1 1332/9/1
f 1337/9/1 1333/9/1 1336/9/1
f 1338/9/1 1335/9/1 1334/9/1
f 1339/9/1 1335/9/1 1338/9/1
f 1344/7/1 1341/7/1 1340/7/1
f 1345/7/1 1341/7/1 1344/7/1
f 1346/7/1 1343/7/1 1342/7/1
f 1347/7/1 1343/7/1 1346/7/1
f 1348/9/1 1331/9/1 1330/9/1
f 1349/9/1 1331/9/1 1348/9/1
f 1353/8/1 1351/8/1 1350/8/1
f 1354/8/1 1351/8/1 1353/8/1
f 1357/8/1 1353/8/1 1352/8/1
f 1358/7/1 1354/7/1 1353/7/1
f 1358/8/1 1353/8/1 1357/8/1
f 1359/7/1 1354/7/1 1358/7/1
f 1360/7/1 1354/7/1 1359/7/1
f 1361/8/1 1355/8/1 1354/8/1
f 1361/7/1 1354/7/1 1360/7/1
f 1362/8/1 1355/8/1 1361/8/1
f 1364/7/1 1358/7/1 1357/7/1
f 1364/7/1 1359/7/1 1358/7/1
f 1365/7/1 1359/7/1 1364/7/1
f 1366/7/1 1362/7/1 1361/7/1
f 1366/7/1 1361/7/1 1360/7/1
f 1367/7/1 1362/7/1 1366/7/1
f 1371/8/1 1369/8/1 1368/8/1
f 1372/8/1 1369/8/1 1371/8/1
f 1374/7/1 1364/7/1 1357/7/1
f 1377/7/1 1362/7/1 1367/7/1
f 1378/8/1 1363/8/1 1362/8/1
f 1378/7/1 1362/7/1 1377/7/1
f 1379/8/1 1363/8/1 1378/8/1
f 1382/8/1 1371/8/1 1370/8/1
f 1383/7/1 1372/7/1 1371/7/1
f 1383/8/1 1371/8/1 1382/8/1
f 1384/8/1 1373/8/1 1372/8/1
f 1384/7/1 1372/7/1 1383/7/1
f 1385/8/1 1373/8/1 1384/8/1
f 1387/8/1 1357/8/1 1356/8/1
f 1388/7/1 1375/7/1 1374/7/1
f 1388/8/1 1357/8/1 1387/8/1
f 1388/7/1 1374/7/1 1357/7/1
f 1389/7/1 1375/7/1 1388/7/1
f 1390/7/1 1375/7/1 1389/7/1
f 1391/7/1 1377/7/1 1376/7/1
f 1391/7/1 1378/7/1 1377/7/1
f 1391/7/1 1379/7/1 1378/7/1
f 1392/8/1 1380/8/1 1379/8/1
f 1392/7/1 1379/7/1 1391/7/1
f 1393/8/1 1380/8/1 1392/8/1
f 1396/8/1 1382/8/1 1381/8/1
f 1397/7/1 1383/7/1 1382/7/1
f 1397/7/1 1385/7/1 1384/7/1
f 1397/8/1 1382/8/1 1396/8/1
f 1397/7/1 1384/7/1 1383/7/1
f 1398/8/1 1389/8/1 1388/8/1
f 1399/7/1 1390/7/1 1389/7/1
f 1399/8/1 1389/8/1 1398/8/1
f 1399/7/1 1391/7/1 1390/7/1
f 1399/7/1 1392/7/1 1391/7/1
f 1399/7/1 1393/7/1 1392/7/1
f 1400/7/1 1393/7/1 1399/7/1
f 1401/8/1 1394/8/1 1393/8/1
f 1401/7/1 1393/7/1 1400/7/1
f 1402/8/1 1394/8/1 1401/8/1
f 1405/8/1 1396/8/1 1395/8/1
f 1406/7/1 1397/7/1 1396/7/1
f 1406/8/1 1396/8/1 1405/8/1
f 1407/7/1 1385/7/1 1397/7/1
f 1407/7/1 1397/7/1 1406/7/1
f 1408/8/1 1386/8/1 1385/8/1
f 1408/7/1 1385/7/1 1407/7/1
f 1409/8/1 1386/8/1 1408/8/1
f 1410/8/1 1400/8/1 1399/8/1
f 1411/7/1 1401/7/1 1400/7/1
f 1411/8/1 1400/8/1 1410/8/1
f 1411/7/1 1402/7/1 1401/7/1
f 1412/7/1 1402/7/1 1411/7/1
f 1413/8/1 1403/8/1 1402/8/1
f 1413/7/1 1402/7/1 1412/7/1
f 1414/8/1 1403/8/1 1413/8/1
f 1417/8/1 1405/8/1 1404/8/1
f 1418/7/1 1407/7/1 1406/7/1
f 1418/7/1 1406/7/1 1405/7/1
f 1418/8/1 1405/8/1 1417/8/1
f 1419/7/1 1407/7/1 1418/7/1
f 1420/8/1 1408/8/1 1407/8/1
f 1420/7/1 1407/7/1 1419/7/1
f 1421/8/1 1408/8/1 1420/8/1
f 1422/8/1 1412/8/1 1411/8/1
f 1423/7/1 1413/7/1 1412/7/1
f 1423/8/1 1412/8/1 1422/8/1
f 1423/7/1 1414/7/1 1413/7/1
f 1424/7/1 1414/7/1 1423/7/1
f 1425/8/1 1415/8/1 1414/8/1
f 1425/7/1 1414/7/1 1424/7/1
f 1426/8/1 1415/8/1 1425/8/1
f 1429/8/1 1417/8/1 1416/8/1
f 1430/7/1 1419/7/1 1418/7/1
f 1430/7/1 1418/7/1 1417/7/1
f 1430/8/1 1417/8/1 1429/8/1
f 1431/7/1 1419/7/1 1430/7/1
f 1432/8/1 1420/8/1 1419/8/1
f 1432/7/1 1419/7/1 1431/7/1
f 1433/8/1 1420/8/1 1432/8/1
f 1434/8/1 1424/8/1 1423/8/1
f 1435/7/1 1425/7/1 1424/7/1
f 1435/8/1 1424/8/1 1434/8/1
f 1435/7/1 1426/7/1 1425/7/1
f 1436/7/1 1426/7/1 1435/7/1
f 1437/8/1 1427/8/1 1426/8/1
f 1437/7/1 1426/7/1 1436/7/1
f 1438/8/1 1427/8/1 1437/8/1
f 1441/8/1 1429/8/1 1428/8/1
f 1442/7/1 1431/7/1 1430/7/1
f 1442/7/1 1430/7/1 1429/7/1
f 1442/8/1 1429/8/1 1441/8/1
f 1443/7/1 1431/7/1 1442/7/1
f 1444/8/1 1432/8/1 1431/8/1
f 1444/7/1 1431/7/1 1443/7/1
f 1445/8/1 1432/8/1 1444/8/1
f 1446/8/1 1436/8/1 1435/8/1
f 1447/7/1 1437/7/1 1436/7/1
f 1447/8/1 1436/8/1 1446/8/1
f 1447/7/1 1438/7/1 1437/7/1
f 1448/7/1 1438/7/1 1447/7/1
f 1449/8/1 1439/8/1 1438/8/1
f 1449/7/1 1438/7/1 1448/7/1
f 1450/8/1 1439/8/1 1449/8/1
f 1453/8/1 1441/8/1 1440/8/1
f 1454/7/1 1443/7/1 1442/7/1
f 1454/7/1 1442/7/1 1441/7/1
f 1454/8/1 1441/8/1 1453/8/1
f 1455/7/1 1443/7/1 1454/7/1
f 1456/8/1 1444/8/1 1443/8/1
f 1456/7/1 1443/7/1 1455/7/1
f 1457/8/1 1444/8/1 1456/8/1
f 1458/8/1 1448/8/1 1447/8/1
f 1459/7/1 1449/7/1 1448/7/1
f 1459/8/1 1448/8/1 1458/8/1
f 1459/7/1 1450/7/1 1449/7/1
f 1460/7/1 1450/7/1 1459/7/1
f 1461/8/1 1451/8/1 1450/8/1
f 1461/7/1 1450/7/1 1460/7/1
f 1462/8/1 1451/8/1 1461/8/1
f 1465/8/1 1453/8/1 1452/8/1
f 1466/7/1 1455/7/1 1454/7/1
f 1466/7/1 1454/7/1 1453/7/1
f 1466/8/1 1453/8/1 1465/8/1
f 1467/7/1 1455/7/1 1466/7/1
f 1468/8/1 1456/8/1 1455/8/1
f 1468/7/1 1455/7/1 1467/7/1
f 1469/8/1 1456/8/1 1468/8/1
f 1470/8/1 1460/8/1 1459/8/1
f 1471/7/1 1461/7/1 1460/7/1
f 1471/8/1 1460/8/1 1470/8/1
f 1471/7/1 1462/7/1 1461/7/1
f 1472/7/1 1462/7/1 1471/7/1
f 1473/8/1 1463/8/1 1462/8/1
f 1473/7/1 1462/7/1 1472/7/1
f 1474/8/1 1463/8/1 1473/8/1
f 1477/8/1 1465/8/1 1464/8/1
f 1478/7/1 1467/7/1 1466/7/1
f 1478/7/1 1466/7/1 1465/7/1
f 1478/8/1 1465/8/1 1477/8/1
f 1479/7/1 1467/7/1 1478/7/1
f 1480/8/1 1468/8/1 1467/8/1
f 1480/7/1 1467/7/1 1479/7/1
f 1481/8/1 1468/8/1 1480/8/1
f 1482/8/1 1472/8/1 1471/8/1
f 1483/7/1 1473/7/1 1472/7/1
f 1483/8/1 1472/8/1 1482/8/1
f 1483/7/1 1474/7/1 1473/7/1
f 1484/7/1 1474/7/1 1483/7/1
f 1485/8/1 1475/8/1 1474/8/1
f 1485/7/1 1474/7/1 1484/7/1
f 1486/8/1 1475/8/1 1485/8/1
f 1489/8/1 1477/8/1 1476/8/1
f 1490/7/1 1479/7/1 1478/7/1
f 1490/7/1 1478/7/1 1477/7/1
f 1490/8/1 1477/8/1 1489/8/1
f 1491/7/1 1479/7/1 1490/7/1
f 1492/8/1 1480/8/1 1479/8/1
f 1492/7/1 1479/7/1 1491/7/1
f 1493/8/1 1480/8/1 1492/8/1
f 1494/8/1 1484/8/1 1483/8/1
f 1495/7/1 1485/7/1 1484/7/1
f 1495/8/1 1484/8/1 1494/8/1
f 1495/7/1 1486/7/1 1485/7/1
f 1496/7/1 1486/7/1 1495/7/1
f 1497/8/1 1487/8/1 1486/8/1
f 1497/7/1 1486/7/1 1496/7/1
f 1498/8/1 1487/8/1 1497/8/1
f 1501/8/1 1489/8/1 1488/8/1
f 1502/7/1 1491/7/1 1490/7/1
f 1502/7/1 1490/7/1 1489/7/1
f 1502/8/1 1489/8/1 1501/8/1
f 1503/7/1 1491/7/1 1502/7/1
f 1504/8/1 1492/8/1 1491/8/1
f 1504/7/1 1491/7/1 1503/7/1
f 1505/8/1 1492/8/1 1504/8/1
f 1506/8/1 1496/8/1 1495/8/1
f 1507/7/1 1497/7/1 1496/7/1
f 1507/8/1 1496/8/1 1506/8/1
f 1507/7/1 1498/7/1 1497/7/1
f 1508/7/1 1498/7/1 1507/7/1
f 1509/8/1 1499/8/1 1498/8/1
f 1509/7/1 1498/7/1 1508/7/1
f 1510/8/1 1499/8/1 1509/8/1
f 1513/8/1 1501/8/1 1500/8/1
f 1514/7/1 1503/7/1 1502/7/1
f 1514/7/1 1502/7/1 1501/7/1
f 1514/8/1 1501/8/1 1513/8/1
f 1515/7/1 1503/7/1 1514/7/1
f 1516/8/1 1504/8/1 1503/8/1
f 1516/7/1 1503/7/1 1515/7/1
f 1517/8/1 1504/8/1 1516/8/1
f 1518/8/1 1508/8/1 1507/8/1
f 1519/7/1 1509/7/1 1508/7/1
f 1519/8/1 1508/8/1 1518/8/1
f 1519/7/1 1510/7/1 1509/7/1
f 1520/7/1 1510/7/1 1519/7/1
f 1521/8/1 1511/8/1 1510/8/1
f 1521/7/1 1510/7/1 1520/7/1
f 1522/8/1 1511/8/1 1521/8/1
f 1525/8/1 1513/8/1 1512/8/1
f 1526/7/1 1515/7/1 1514/7/1
f 1526/7/1 1514/7/1 1513/7/1
f 1526/8/1 1513/8/1 1525/8/1
f 1527/7/1 1515/7/1 1526/7/1
f 1528/8/1 1516/8/1 1515/8/1
f 1528/7/1 1515/7/1 1527/7/1
f 1529/8/1 1516/8/1 1528/8/1
f 1530/8/1 1520/8/1 1519/8/1
f 1531/7/1 1521/7/1 1520/7/1
f 1531/8/1 1520/8/1 1530/8/1
f 1531/7/1 1522/7/1 1521/7/1
f 1532/7/1 1522/7/1 1531/7/1
f 1533/8/1 1523/8/1 1522/8/1
f 1533/7/1 1522/7/1 1532/7/1
f 1534/8/1 1523/8/1 1533/8/1
f 1539/8/1 1525/8/1 1524/8/1
f 1540/7/1 1527/7/1 1526/7/1
f 1540/7/1 1526/7/1 1525/7/1
f 1540/8/1 1525/8/1 1539/8/1
f 1541/7/1 1527/7/1 1540/7/1
f 1542/8/1 1528/8/1 1527/8/1
f 1542/7/1 1527/7/1 1541/7/1
f 1543/8/1 1528/8/1 1542/8/1
f 1544/8/1 1532/8/1 1531/8/1
f 1545/7/1 1533/7/1 1532/7/1
f 1545/8/1 1532/8/1 1544/8/1
f 1545/7/1 1534/7/1 1533/7/1
f 1546/7/1 1534/7/1 1545/7/1
f 1547/8/1 1535/8/1 1534/8/1
f 1547/7/1 1534/7/1 1546/7/1
f 1548/8/1 1535/8/1 1547/8/1
f 1551/8/1 1537/8/1 1536/8/1
f 1552/8/1 1537/8/1 1551/8/1
f 1555/8/1 1539/8/1 1538/8/1
f 1556/7/1 1541/7/1 1540/7/1
f 1556/7/1 1540/7/1 1539/7/1
f 1556/8/1 1539/8/1 1555/8/1
f 1557/7/1 1541/7/1 1556/7/1
f 1558/8/1 1542/8/1 1541/8/1
f 1558/7/1 1541/7/1 1557/7/1
f 1559/8/1 1542/8/1 1558/8/1
f 1560/8/1 1546/8/1 1545/8/1
f 1561/7/1 1547/7/1 1546/7/1
f 1561/8/1 1546/8/1 1560/8/1
f 1561/7/1 1548/7/1 1547/7/1
f 1562/7/1 1548/7/1 1561/7/1
f 1563/8/1 1549/8/1 1548/8/1
f 1563/7/1 1548/7/1 1562/7/1
f 1564/8/1 1549/8/1 1563/8/1
f 1567/8/1 1551/8/1 1550/8/1
f 1568/7/1 1552/7/1 1551/7/1
f 1568/8/1 1551/8/1 1567/8/1
f 1569/8/1 1553/8/1 1552/8/1
f 1569/7/1 1552/7/1 1568/7/1
f 1570/8/1 1553/8/1 1569/8/1
f 1573/8/1 1555/8/1 1554/8/1
f 1574/7/1 1557/7/1 1556/7/1
f 1574/7/1 1556/7/1 1555/7/1
f 1575/8/1 1558/8/1 1557/8/1
f 1575/7/1 1557/7/1 1574/7/1
f 1576/8/1 1558/8/1 1575/8/1
f 1577/8/1 1562/8/1 1561/8/1
f 1578/7/1 1563/7/1 1562/7/1
f 1578/8/1 1562/8/1 1577/8/1
f 1578/7/1 1564/7/1 1563/7/1
f 1579/7/1 1564/7/1 1578/7/1
f 1580/8/1 1565/8/1 1564/8/1
f 1580/7/1 1564/7/1 1579/7/1
f 1581/8/1 1565/8/1 1580/8/1
f 1584/8/1 1567/8/1 1566/8/1
f 1585/7/1 1568/7/1 1567/7/1
f 1585/7/1 1569/7/1 1568/7/1
f 1585/8/1 1567/8/1 1584/8/1
f 1585/7/1 1570/7/1 1569/7/1
f 1586/7/1 1570/7/1 1585/7/1
f 1587/7/1 1570/7/1 1586/7/1
f 1588/8/1 1571/8/1 1570/8/1
f 1588/7/1 1570/7/1 1587/7/1
f 1589/8/1 1571/8/1 1588/8/1
f 1592/8/1 1573/8/1 1572/8/1
f 1593/7/1 1574/7/1 1555/7/1
f 1593/8/1 1555/8/1 1573/8/1
f 1593/8/1 1573/8/1 1592/8/1
f 1594/7/1 1574/7/1 1593/7/1
f 1595/7/1 1574/7/1 1594/7/1
f 1596/8/1 1575/8/1 1574/8/1
f 1596/7/1 1574/7/1 1595/7/1
f 1597/8/1 1575/8/1 1596/8/1
f 1598/8/1 1579/8/1 1578/8/1
f 1599/7/1 1581/7/1 1580/7/1
f 1599/8/1 1579/8/1 1598/8/1
f 1599/7/1 1580/7/1 1579/7/1
f 1600/7/1 1581/7/1 1599/7/1
f 1601/8/1 1582/8/1 1581/8/1
f 1601/7/1 1581/7/1 1600/7/1
f 1602/8/1 1582/8/1 1601/8/1
f 1605/8/1 1584/8/1 1583/8/1
f 1606/7/1 1585/7/1 1584/7/1
f 1606/7/1 1586/7/1 1585/7/1
f 1606/8/1 1584/8/1 1605/8/1
f 1607/7/1 1586/7/1 1606/7/1
f 1608/8/1 1587/8/1 1586/8/1
f 1608/7/1 1586/7/1 1607/7/1
f 1609/7/1 1588/7/1 1587/7/1
f 1609/8/1 1587/8/1 1608/8/1
f 1609/7/1 1589/7/1 1588/7/1
f 1610/8/1 1590/8/1 1589/8/1
f 1610/7/1 1589/7/1 1609/7/1
f 1611/8/1 1590/8/1 1610/8/1
f 1612/8/1 1592/8/1 1591/8/1
f 1613/8/1 1594/8/1 1593/8/1
f 1613/7/1 1593/7/1 1592/7/1
f 1614/7/1 1595/7/1 1594/7/1
f 1614/8/1 1594/8/1 1613/8/1
f 1615/8/1 1596/8/1 1595/8/1
f 1615/7/1 1595/7/1 1614/7/1
f 1616/8/1 1596/8/1 1615/8/1
f 1617/8/1 1600/8/1 1599/8/1
f 1618/7/1 1601/7/1 1600/7/1
f 1618/8/1 1600/8/1 1617/8/1
f 1618/7/1 1602/7/1 1601/7/1
f 1619/7/1 1602/7/1 1618/7/1
f 1620/8/1 1603/8/1 1602/8/1
f 1620/7/1 1602/7/1 1619/7/1
f 1621/8/1 1603/8/1 1620/8/1
f 1623/8/1 1605/8/1 1604/8/1
f 1624/7/1 1607/7/1 1606/7/1
f 1624/7/1 1606/7/1 1605/7/1
f 1624/8/1 1605/8/1 1623/8/1
f 1625/7/1 1607/7/1 1624/7/1
f 1626/8/1 1608/8/1 1607/8/1
f 1626/7/1 1607/7/1 1625/7/1
f 1627/7/1 1609/7/1 1608/7/1
f 1627/8/1 1608/8/1 1626/8/1
f 1627/7/1 1611/7/1 1610/7/1
f 1627/7/1 1610/7/1 1609/7/1
f 1628/8/1 1612/8/1 1611/8/1
f 1628/7/1 1611/7/1 1627/7/1
f 1629/7/1 1613/7/1 1592/7/1
f 1629/8/1 1612/8/1 1628/8/1
f 1629/7/1 1614/7/1 1613/7/1
f 1629/8/1 1592/8/1 1612/8/1
f 1630/7/1 1614/7/1 1629/7/1
f 1631/8/1 1615/8/1 1614/8/1
f 1632/8/1 1615/8/1 1631/8/1
f 1633/8/1 1619/8/1 1618/8/1
f 1634/7/1 1620/7/1 1619/7/1
f 1634/8/1 1619/8/1 1633/8/1
f 1634/7/1 1621/7/1 1620/7/1
f 1635/7/1 1621/7/1 1634/7/1
f 1636/7/1 1621/7/1 1635/7/1
f 1637/7/1 1621/7/1 1636/7/1
f 1638/7/1 1621/7/1 1637/7/1
f 1639/8/1 1603/8/1 1621/8/1
f 1639/7/1 1621/7/1 1638/7/1
f 1640/8/1 1603/8/1 1639/8/1
f 1641/8/1 1626/8/1 1625/8/1
f 1641/7/1 1624/7/1 1623/7/1
f 1641/7/1 1625/7/1 1624/7/1
f 1642/7/1 1628/7/1 1627/7/1
f 1642/8/1 1626/8/1 1641/8/1
f 1642/7/1 1627/7/1 1626/7/1
f 1642/7/1 1629/7/1 1628/7/1
f 1643/8/1 1630/8/1 1629/8/1
f 1643/7/1 1629/7/1 1642/7/1
f 1644/7/1 1614/7/1 1630/7/1
f 1644/8/1 1630/8/1 1643/8/1
f 1645/8/1 1631/8/1 1614/8/1
f 1645/7/1 1614/7/1 1644/7/1
f 1646/8/1 1631/8/1 1645/8/1
f 1647/8/1 1635/8/1 1634/8/1
f 1648/7/1 1636/7/1 1635/7/1
f 1648/8/1 1635/8/1 1647/8/1
f 1649/7/1 1636/7/1 1648/7/1
f 1650/7/1 1636/7/1 1649/7/1
f 1651/8/1 1637/8/1 1636/8/1
f 1651/7/1 1636/7/1 1650/7/1
f 1652/7/1 1638/7/1 1637/7/1
f 1652/8/1 1637/8/1 1651/8/1
f 1653/7/1 1638/7/1 1652/7/1
f 1654/7/1 1638/7/1 1653/7/1
f 1655/8/1 1639/8/1 1638/8/1
f 1655/7/1 1638/7/1 1654/7/1
f 1656/8/1 1639/8/1 1655/8/1
f 1658/8/1 1623/8/1 1622/8/1
f 1659/7/1 1641/7/1 1623/7/1
f 1659/8/1 1623/8/1 1658/8/1
f 1659/7/1 1644/7/1 1643/7/1
f 1659/7/1 1643/7/1 1642/7/1
f 1659/7/1 1642/7/1 1641/7/1
f 1660/7/1 1644/7/1 1659/7/1
f 1661/8/1 1645/8/1 1644/8/1
f 1662/8/1 1645/8/1 1661/8/1
f 1663/7/1 1650/7/1 1649/7/1
f 1664/8/1 1651/8/1 1650/8/1
f 1664/7/1 1650/7/1 1663/7/1
f 1665/7/1 1652/7/1 1651/7/1
f 1665/8/1 1651/8/1 1664/8/1
f 1666/8/1 1653/8/1 1652/8/1
f 1666/7/1 1652/7/1 1665/7/1
f 1667/7/1 1654/7/1 1653/7/1
f 1667/8/1 1653/8/1 1666/8/1
f 1668/7/1 1654/7/1 1667/7/1
f 1669/8/1 1655/8/1 1654/8/1
f 1669/7/1 1654/7/1 1668/7/1
f 1670/7/1 1656/7/1 1655/7/1
f 1670/8/1 1655/8/1 1669/8/1
f 1671/8/1 1657/8/1 1656/8/1
f 1671/7/1 1656/7/1 1670/7/1
f 1672/8/1 1657/8/1 1671/8/1
f 1674/8/1 1660/8/1 1659/8/1
f 1675/7/1 1644/7/1 1660/7/1
f 1675/8/1 1660/8/1 1674/8/1
f 1676/7/1 1644/7/1 1675/7/1
f 1677/8/1 1661/8/1 1644/8/1
f 1677/7/1 1644/7/1 1676/7/1
f 1678/8/1 1661/8/1 1677/8/1
f 1680/7/1 1663/7/1 1649/7/1
f 1680/8/1 1664/8/1 1663/8/1
f 1681/7/1 1665/7/1 1664/7/1
f 1681/8/1 1664/8/1 1680/8/1
f 1682/8/1 1666/8/1 1665/8/1
f 1682/7/1 1665/7/1 1681/7/1
f 1683/7/1 1668/7/1 1667/7/1
f 1683/8/1 1666/8/1 1682/8/1
f 1683/7/1 1667/7/1 1666/7/1
f 1684/7/1 1668/7/1 1683/7/1
f 1685/8/1 1669/8/1 1668/8/1
f 1685/7/1 1668/7/1 1684/7/1
f 1686/7/1 1670/7/1 1669/7/1
f 1686/8/1 1669/8/1 1685/8/1
f 1686/7/1 1671/7/1 1670/7/1
f 1686/7/1 1672/7/1 1671/7/1
f 1687/7/1 1672/7/1 1686/7/1
f 1688/8/1 1676/8/1 1675/8/1
f 1689/7/1 1678/7/1 1677/7/1
f 1689/8/1 1676/8/1 1688/8/1
f 1689/7/1 1677/7/1 1676/7/1
f 1690/7/1 1678/7/1 1689/7/1
f 1691/8/1 1679/8/1 1678/8/1
f 1691/7/1 1678/7/1 1690/7/1
f 1692/8/1 1679/8/1 1691/8/1
f 1694/7/1 1681/7/1 1680/7/1
f 1694/8/1 1682/8/1 1681/8/1
f 1695/7/1 1684/7/1 1683/7/1
f 1695/8/1 1682/8/1 1694/8/1
f 1695/7/1 1683/7/1 1682/7/1
f 1696/7/1 1684/7/1 1695/7/1
f 1697/8/1 1685/8/1 1684/8/1
f 1697/7/1 1684/7/1 1696/7/1
f 1698/8/1 1685/8/1 1697/8/1
f 1699/8/1 1687/8/1 1686/8/1
f 1700/7/1 1672/7/1 1687/7/1
f 1700/8/1 1687/8/1 1699/8/1
f 1701/7/1 1672/7/1 1700/7/1
f 1702/8/1 1673/8/1 1672/8/1
f 1702/7/1 1672/7/1 1701/7/1
f 1703/8/1 1673/8/1 1702/8/1
f 1705/8/1 1690/8/1 1689/8/1
f 1706/7/1 1692/7/1 1691/7/1
f 1706/8/1 1690/8/1 1705/8/1
f 1706/7/1 1691/7/1 1690/7/1
f 1707/7/1 1692/7/1 1706/7/1
f 1708/8/1 1693/8/1 1692/8/1
f 1708/7/1 1692/7/1 1707/7/1
f 1709/8/1 1693/8/1 1708/8/1
f 1711/8/1 1649/8/1 1648/8/1
f 1712/7/1 1696/7/1 1695/7/1
f 1712/8/1 1649/8/1 1711/8/1
f 1712/7/1 1694/7/1 1680/7/1
f 1712/7/1 1680/7/1 1649/7/1
f 1712/7/1 1695/7/1 1694/7/1
f 1713/7/1 1696/7/1 1712/7/1
f 1714/7/1 1696/7/1 1713/7/1
f 1715/8/1 1697/8/1 1696/8/1
f 1715/7/1 1696/7/1 1714/7/1
f 1716/8/1 1697/8/1 1715/8/1
f 1717/8/1 1701/8/1 1700/8/1
f 1718/7/1 1702/7/1 1701/7/1
f 1718/8/1 1701/8/1 1717/8/1
f 1718/7/1 1703/7/1 1702/7/1
f 1719/7/1 1703/7/1 1718/7/1
f 1720/8/1 1707/8/1 1706/8/1
f 1721/7/1 1709/7/1 1708/7/1
f 1721/8/1 1707/8/1 1720/8/1
f 1721/7/1 1708/7/1 1707/7/1
f 1722/7/1 1709/7/1 1721/7/1
f 1723/8/1 1710/8/1 1709/8/1
f 1723/7/1 1709/7/1 1722/7/1
f 1724/8/1 1710/8/1 1723/8/1
f 1726/8/1 1719/8/1 1718/8/1
f 1727/7/1 1703/7/1 1719/7/1
f 1727/8/1 1719/8/1 1726/8/1
f 1728/8/1 1704/8/1 1703/8/1
f 1728/7/1 1703/7/1 1727/7/1
f 1729/8/1 1722/8/1 1721/8/1
f 1730/7/1 1724/7/1 1723/7/1
f 1730/8/1 1722/8/1 1729/8/1
f 1730/7/1 1723/7/1 1722/7/1
f 1731/7/1 1724/7/1 1730/7/1
f 1732/7/1 1724/7/1 1731/7/1
f 1733/7/1 1724/7/1 1732/7/1
f 1734/8/1 1715/8/1 1714/8/1
f 1734/7/1 1714/7/1 1713/7/1
f 1735/8/1 1715/8/1 1734/8/1
f 1737/8/1 1728/8/1 1727/8/1
f 1738/8/1 1704/8/1 1728/8/1
f 1738/8/1 1728/8/1 1737/8/1
f 1739/8/1 1731/8/1 1730/8/1
f 1740/7/1 1732/7/1 1731/7/1
f 1740/8/1 1731/8/1 1739/8/1
f 1741/7/1 1732/7/1 1740/7/1
f 1742/7/1 1732/7/1 1741/7/1
f 1743/7/1 1732/7/1 1742/7/1
f 1744/7/1 1724/7/1 1733/7/1
f 1745/7/1 1724/7/1 1744/7/1
f 1746/8/1 1725/8/1 1724/8/1
f 1746/7/1 1724/7/1 1745/7/1
f 1747/8/1 1725/8/1 1746/8/1
f 1748/8/1 1713/8/1 1712/8/1
f 1749/7/1 1734/7/1 1713/7/1
f 1749/8/1 1713/8/1 1748/8/1
f 1749/7/1 1735/7/1 1734/7/1
f 1750/7/1 1735/7/1 1749/7/1
f 1751/8/1 1736/8/1 1735/8/1
f 1751/7/1 1735/7/1 1750/7/1
f 1752/8/1 1736/8/1 1751/8/1
f 1754/8/1 1704/8/1 1738/8/1
f 1755/8/1 1704/8/1 1754/8/1
f 1756/8/1 1741/8/1 1740/8/1
f 1757/7/1 1742/7/1 1741/7/1
f 1757/8/1 1741/8/1 1756/8/1
f 1758/7/1 1742/7/1 1757/7/1
f 1759/7/1 1742/7/1 1758/7/1
f 1760/8/1 1743/8/1 1742/8/1
f 1760/7/1 1742/7/1 1759/7/1
f 1761/7/1 1745/7/1 1744/7/1
f 1761/8/1 1743/8/1 1760/8/1
f 1761/7/1 1744/7/1 1743/7/1
f 1762/7/1 1745/7/1 1761/7/1
f 1763/8/1 1746/8/1 1745/8/1
f 1763/7/1 1745/7/1 1762/7/1
f 1764/8/1 1746/8/1 1763/8/1
f 1765/8/1 1750/8/1 1749/8/1
f 1766/7/1 1751/7/1 1750/7/1
f 1766/8/1 1750/8/1 1765/8/1
f 1766/7/1 1752/7/1 1751/7/1
f 1767/7/1 1752/7/1 1766/7/1
f 1768/8/1 1753/8/1 1752/8/1
f 1768/7/1 1752/7/1 1767/7/1
f 1769/8/1 1753/8/1 1768/8/1
f 1771/8/1 1758/8/1 1757/8/1
f 1772/7/1 1759/7/1 1758/7/1
f 1772/8/1 1758/8/1 1771/8/1
f 1773/7/1 1759/7/1 1772/7/1
f 1774/8/1 1760/8/1 1759/8/1
f 1774/7/1 1759/7/1 1773/7/1
f 1775/7/1 1762/7/1 1761/7/1
f 1775/8/1 1760/8/1 1774/8/1
f 1775/7/1 1761/7/1 1760/7/1
f 1776/7/1 1762/7/1 1775/7/1
f 1777/8/1 1763/8/1 1762/8/1
f 1777/7/1 1762/7/1 1776/7/1
f 1778/8/1 1763/8/1 1777/8/1
f 1779/8/1 1767/8/1 1766/8/1
f 1780/7/1 1768/7/1 1767/7/1
f 1780/8/1 1767/8/1 1779/8/1
f 1780/7/1 1769/7/1 1768/7/1
f 1781/8/1 1770/8/1 1769/8/1
f 1781/7/1 1769/7/1 1780/7/1
f 1782/8/1 1770/8/1 1781/8/1
f 1784/8/1 1773/8/1 1772/8/1
f 1785/7/1 1774/7/1 1773/7/1
f 1785/8/1 1773/8/1 1784/8/1
f 1785/7/1 1776/7/1 1775/7/1
f 1785/7/1 1775/7/1 1774/7/1
f 1786/7/1 1776/7/1 1785/7/1
f 1787/7/1 1776/7/1 1786/7/1
f 1788/8/1 1777/8/1 1776/8/1
f 1788/7/1 1776/7/1 1787/7/1
f 1789/8/1 1777/8/1 1788/8/1
f 1790/8/1 1783/8/1 1782/8/1
f 1790/8/1 1782/8/1 1781/8/1
f 1790/8/1 1781/8/1 1780/8/1
f 1791/8/1 1783/8/1 1790/8/1
f 1792/8/1 1786/8/1 1785/8/1
f 1793/7/1 1787/7/1 1786/7/1
f 1793/8/1 1786/8/1 1792/8/1
f 1794/8/1 1788/8/1 1787/8/1
f 1794/7/1 1787/7/1 1793/7/1
f 1795/8/1 1788/8/1 1794/8/1
f 1796/8/1 1794/8/1 1793/8/1
f 1797/8/1 1794/8/1 1796/8/1
f 1803/2/1 1799/2/1 1798/2/1
f 1804/2/1 1799/2/1 1803/2/1
f 1807/2/1 1801/2/1 1800/2/1
f 1808/2/1 1801/2/1 1807/2/1
f 1810/2/1 1805/2/1 1804/2/1
f 1810/2/1 1803/2/1 1802/2/1
f 1810/2/1 1804/2/1 1803/2/1
f 1811/2/1 1805/2/1 1810/2/1
f 1813/2/1 1810/2/1 1802/2/1
f 1814/2/1 1810/2/1 1813/2/1
f 1815/2/1 1810/2/1 1814/2/1
f 1816/2/1 1805/2/1 1811/2/1
f 1817/2/1 1805/2/1 1816/2/1
f 1818/2/1 1809/2/1 1808/2/1
f 1818/2/1 1808/2/1 1807/2/1
f 1818/2/1 1807/2/1 1806/2/1
f 1820/2/1 1813/2/1 1812/2/1
f 1820/2/1 1814/2/1 1813/2/1
f 1821/2/1 1814/2/1 1820/2/1
f 1824/2/1 1805/2/1 1817/2/1
f 1825/2/1 1805/2/1 1824/2/1
f 1827/2/1 1823/2/1 1822/2/1
f 1828/2/1 1823/2/1 1827/2/1
f 1830/2/1 1819/2/1 1818/2/1
f 1830/2/1 1818/2/1 1806/2/1
f 1831/2/1 1819/2/1 1830/2/1
f 1832/2/1 1830/2/1 1806/2/1
f 1833/2/1 1830/2/1 1832/2/1
f 1834/2/1 1819/2/1 1831/2/1
f 1835/2/1 1819/2/1 1834/2/1
f 1836/2/1 1829/2/1 1828/2/1
f 1836/2/1 1828/2/1 1827/2/1
f 1836/2/1 1827/2/1 1826/2/1
f 1837/2/1 1829/2/1 1836/2/1
f 1838/2/1 1829/2/1 1837/2/1
f 1839/2/1 1829/2/1 1838/2/1
f 1840/2/1 1805/2/1 1825/2/1
f 1841/2/1 1805/2/1 1840/2/1
f 1842/2/1 1832/2/1 1806/2/1
f 1843/2/1 1832/2/1 1842/2/1
f 1844/2/1 1819/2/1 1835/2/1
f 1845/2/1 1819/2/1 1844/2/1
f 1846/2/1 1820/2/1 1812/2/1
f 1848/2/1 1838/2/1 1837/2/1
f 1849/2/1 1838/2/1 1848/2/1
f 1850/2/1 1805/2/1 1841/2/1
f 1851/2/1 1805/2/1 1850/2/1
f 1852/2/1 1842/2/1 1806/2/1
f 1853/2/1 1842/2/1 1852/2/1
f 1855/2/1 1847/2/1 1846/2/1
f 1855/2/1 1846/2/1 1812/2/1
f 1856/2/1 1847/2/1 1855/2/1
f 1858/2/1 1805/2/1 1851/2/1
f 1859/2/1 1805/2/1 1858/2/1
f 1860/2/1 1805/2/1 1859/2/1
f 1863/2/1 1852/2/1 1806/2/1
f 1864/2/1 1852/2/1 1863/2/1
f 1865/2/1 1852/2/1 1864/2/1
f 1867/2/1 1819/2/1 1845/2/1
f 1868/2/1 1819/2/1 1867/2/1
f 1870/2/1 1857/2/1 1856/2/1
f 1870/2/1 1855/2/1 1854/2/1
f 1870/2/1 1856/2/1 1855/2/1
f 1872/2/1 1861/2/1 1860/2/1
f 1872/2/1 1860/2/1 1859/2/1
f 1873/2/1 1861/2/1 1872/2/1
f 1874/2/1 1864/2/1 1863/2/1
f 1874/2/1 1863/2/1 1862/2/1
f 1875/2/1 1864/2/1 1874/2/1
f 1877/2/1 1869/2/1 1868/2/1
f 1877/2/1 1868/2/1 1867/2/1
f 1877/2/1 1867/2/1 1866/2/1
f 1878/2/1 1871/2/1 1870/2/1
f 1880/2/1 1861/2/1 1873/2/1
f 1881/2/1 1861/2/1 1880/2/1
f 1882/2/1 1874/2/1 1862/2/1
f 1883/2/1 1874/2/1 1882/2/1
f 1885/2/1 1877/2/1 1876/2/1
f 1886/2/1 1879/2/1 1878/2/1
f 1888/2/1 1861/2/1 1881/2/1
f 1889/2/1 1861/2/1 1888/2/1
f 1890/2/1 1882/2/1 1862/2/1
f 1891/2/1 1882/2/1 1890/2/1
f 1893/2/1 1885/2/1 1884/2/1
f 1894/2/1 1887/2/1 1886/2/1
f 1896/2/1 1861/2/1 1889/2/1
f 1897/2/1 1861/2/1 1896/2/1
f 1898/2/1 1890/2/1 1862/2/1
f 1899/2/1 1890/2/1 1898/2/1
f 1901/2/1 1893/2/1 1892/2/1
f 1902/2/1 1895/2/1 1894/2/1
f 1904/2/1 1861/2/1 1897/2/1
f 1905/2/1 1861/2/1 1904/2/1
f 1906/2/1 1898/2/1 1862/2/1
f 1907/2/1 1898/2/1 1906/2/1
f 1909/2/1 1901/2/1 1900/2/1
f 1910/2/1 1903/2/1 1902/2/1
f 1912/2/1 1861/2/1 1905/2/1
f 1913/2/1 1861/2/1 1912/2/1
f 1914/2/1 1906/2/1 1862/2/1
f 1915/2/1 1906/2/1 1914/2/1
f 1917/2/1 1909/2/1 1908/2/1
f 1918/2/1 1911/2/1 1910/2/1
f 1920/2/1 1861/2/1 1913/2/1
f 1921/2/1 1861/2/1 1920/2/1
f 1922/2/1 1914/2/1 1862/2/1
f 1923/2/1 1914/2/1 1922/2/1
f 1925/2/1 1917/2/1 1916/2/1
f 1926/2/1 1919/2/1 1918/2/1
f 1928/2/1 1861/2/1 1921/2/1
f 1929/2/1 1861/2/1 1928/2/1
f 1930/2/1 1922/2/1 1862/2/1
f 1931/2/1 1922/2/1 1930/2/1
f 1933/2/1 1925/2/1 1924/2/1
f 1935/2/1 1870/2/1 1854/2/1
f 1935/2/1 1878/2/1 1870/2/1
f 1935/2/1 1886/2/1 1878/2/1
f 1935/2/1 1894/2/1 1886/2/1
f 1935/2/1 1902/2/1 1894/2/1
f 1935/2/1 1926/2/1 1918/2/1
f 1935/2/1 1910/2/1 1902/2/1
f 1935/2/1 1927/2/1 1926/2/1
f 1935/2/1 1918/2/1 1910/2/1
f 1936/2/1 1927/2/1 1935/2/1
f 1938/2/1 1861/2/1 1929/2/1
f 1939/2/1 1861/2/1 1938/2/1
f 1940/2/1 1930/2/1 1862/2/1
f 1941/2/1 1930/2/1 1940/2/1
f 1943/2/1 1933/2/1 1932/2/1
f 1944/2/1 1877/2/1 1885/2/1
f 1944/2/1 1885/2/1 1893/2/1
f 1944/2/1 1933/2/1 1943/2/1
f 1944/2/1 1869/2/1 1877/2/1
f 1944/2/1 1893/2/1 1901/2/1
f 1944/2/1 1925/2/1 1933/2/1
f 1944/2/1 1901/2/1 1909/2/1
f 1944/2/1 1909/2/1 1917/2/1
f 1944/2/1 1917/2/1 1925/2/1
f 1946/2/1 1936/2/1 1935/2/1
f 1946/2/1 1935/2/1 1934/2/1
f 1946/2/1 1937/2/1 1936/2/1
f 1948/2/1 1861/2/1 1939/2/1
f 1949/2/1 1861/2/1 1948/2/1
f 1950/2/1 1940/2/1 1862/2/1
f 1951/2/1 1940/2/1 1950/2/1
f 1953/2/1 1945/2/1 1944/2/1
f 1953/2/1 1943/2/1 1942/2/1
f 1953/2/1 1944/2/1 1943/2/1
f 1954/2/1 1947/2/1 1946/2/1
f 1956/2/1 1861/2/1 1949/2/1
f 1957/2/1 1861/2/1 1956/2/1
f 1958/2/1 1950/2/1 1862/2/1
f 1959/2/1 1950/2/1 1958/2/1
f 1960/2/1 1950/2/1 1959/2/1
f 1961/2/1 1950/2/1 1960/2/1
f 1963/2/1 1953/2/1 1952/2/1
f 1964/2/1 1955/2/1 1954/2/1
f 1966/2/1 1861/2/1 1957/2/1
f 1967/2/1 1861/2/1 1966/2/1
f 1968/2/1 1958/2/1 1862/2/1
f 1969/2/1 1958/2/1 1968/2/1
f 1970/2/1 1960/2/1 1959/2/1
f 1971/2/1 1960/2/1 1970/2/1
f 1972/2/1 1960/2/1 1971/2/1
f 1973/2/1 1960/2/1 1972/2/1
f 1975/2/1 1963/2/1 1962/2/1
f 1976/2/1 1965/2/1 1964/2/1
f 1978/2/1 1861/2/1 1967/2/1
f 1979/2/1 1861/2/1 1978/2/1
f 1980/2/1 1968/2/1 1862/2/1
f 1981/2/1 1968/2/1 1980/2/1
f 1982/2/1 1972/2/1 1971/2/1
f 1983/2/1 1972/2/1 1982/2/1
f 1984/2/1 1972/2/1 1983/2/1
f 1985/2/1 1972/2/1 1984/2/1
f 1987/2/1 1975/2/1 1974/2/1
f 1988/2/1 1977/2/1 1976/2/1
f 1990/2/1 1861/2/1 1979/2/1
f 1991/2/1 1861/2/1 1990/2/1
f 1992/2/1 1980/2/1 1862/2/1
f 1993/2/1 1980/2/1 1992/2/1
f 1994/2/1 1984/2/1 1983/2/1
f 1995/2/1 1984/2/1 1994/2/1
f 1996/2/1 1984/2/1 1995/2/1
f 1997/2/1 1984/2/1 1996/2/1
f 1999/2/1 1987/2/1 1986/2/1
f 2000/2/1 1989/2/1 1988/2/1
f 2002/2/1 1861/2/1 1991/2/1
f 2003/2/1 1861/2/1 2002/2/1
f 2004/2/1 1992/2/1 1862/2/1
f 2005/2/1 1992/2/1 2004/2/1
f 2006/2/1 1996/2/1 1995/2/1
f 2007/2/1 1996/2/1 2006/2/1
f 2009/2/1 1999/2/1 1998/2/1
f 2010/2/1 2001/2/1 2000/2/1
f 2012/2/1 2004/2/1 1862/2/1
f 2013/2/1 2004/2/1 2012/2/1
f 2015/2/1 2009/2/1 2008/2/1
f 2016/2/1 2011/2/1 2010/2/1
f 2019/2/1 1861/2/1 2003/2/1
f 2021/2/1 2015/2/1 2014/2/1
f 2022/2/1 2017/2/1 2016/2/1
f 2024/2/1 2019/2/1 2018/2/1
f 2025/2/1 1861/2/1 2019/2/1
f 2025/2/1 2019/2/1 2024/2/1
f 2026/2/1 2012/2/1 1862/2/1
f 2029/2/1 2021/2/1 2020/2/1
f 2030/2/1 1861/2/1 2025/2/1
f 2031/2/1 1861/2/1 2030/2/1
f 2032/2/1 2027/2/1 2026/2/1
f 2034/2/1 2029/2/1 2028/2/1
f 2035/2/1 2021/2/1 2029/2/1
f 2035/2/1 2029/2/1 2034/2/1
f 2038/2/1 2033/2/1 2032/2/1
f 2040/2/1 2021/2/1 2035/2/1
f 2041/2/1 2015/2/1 2021/2/1
f 2041/2/1 2021/2/1 2040/2/1
f 2042/2/1 2023/2/1 2022/2/1
f 2042/2/1 1946/2/1 1934/2/1
f 2042/2/1 1954/2/1 1946/2/1
f 2042/2/1 1964/2/1 1954/2/1
f 2042/2/1 1976/2/1 1964/2/1
f 2042/2/1 1988/2/1 1976/2/1
f 2042/2/1 2000/2/1 1988/2/1
f 2042/2/1 2010/2/1 2000/2/1
f 2042/2/1 2016/2/1 2010/2/1
f 2042/2/1 2022/2/1 2016/2/1
f 2043/2/1 2023/2/1 2042/2/1
f 2045/2/1 2037/2/1 2036/2/1
f 2046/2/1 2037/2/1 2045/2/1
f 2048/2/1 1861/2/1 2031/2/1
f 2049/2/1 1861/2/1 2048/2/1
f 2050/2/1 2039/2/1 2038/2/1
f 2052/2/1 2015/2/1 2041/2/1
f 2053/2/1 2009/2/1 2015/2/1
f 2053/2/1 2015/2/1 2052/2/1
f 2054/2/1 1963/2/1 1975/2/1
f 2054/2/1 2009/2/1 2053/2/1
f 2054/2/1 1953/2/1 1963/2/1
f 2054/2/1 1945/2/1 1953/2/1
f 2054/2/1 1975/2/1 1987/2/1
f 2054/2/1 1987/2/1 1999/2/1
f 2054/2/1 1999/2/1 2009/2/1
f 2055/2/1 1945/2/1 2054/2/1
f 2056/2/1 2023/2/1 2043/2/1
f 2059/2/1 2046/2/1 2045/2/1
f 2059/2/1 2045/2/1 2044/2/1
f 2059/2/1 2047/2/1 2046/2/1
f 2060/2/1 2047/2/1 2059/2/1
f 2062/2/1 2051/2/1 2050/2/1
f 2064/2/1 2054/2/1 2053/2/1
f 2065/2/1 2054/2/1 2064/2/1
f 2066/2/1 2061/2/1 2060/2/1
f 2066/2/1 2059/2/1 2058/2/1
f 2066/2/1 2060/2/1 2059/2/1
f 2068/2/1 2063/2/1 2062/2/1
f 2072/2/1 2067/2/1 2066/2/1
f 2072/2/1 2066/2/1 2058/2/1
f 2073/2/1 2067/2/1 2072/2/1
f 2074/2/1 2067/2/1 2073/2/1
f 2076/2/1 1861/2/1 2049/2/1
f 2077/2/1 1861/2/1 2076/2/1
f 2078/2/1 2050/2/1 2038/2/1
f 2078/2/1 2038/2/1 2032/2/1
f 2078/2/1 2032/2/1 2026/2/1
f 2078/2/1 2026/2/1 1862/2/1
f 2078/2/1 2062/2/1 2050/2/1
f 2078/2/1 2069/2/1 2068/2/1
f 2078/2/1 2068/2/1 2062/2/1
f 2079/2/1 2069/2/1 2078/2/1
f 2080/2/1 2069/2/1 2079/2/1
f 2082/2/1 2071/2/1 2070/2/1
f 2083/2/1 2071/2/1 2082/2/1
f 2085/2/1 2054/2/1 2065/2/1
f 2086/2/1 2057/2/1 2056/2/1
f 2088/2/1 2074/2/1 2073/2/1
f 2088/2/1 2075/2/1 2074/2/1
f 2089/2/1 2075/2/1 2088/2/1
f 2090/2/1 2075/2/1 2089/2/1
f 2091/2/1 2076/2/1 2049/2/1
f 2092/2/1 2081/2/1 2080/2/1
f 2092/2/1 2080/2/1 2079/2/1
f 2095/2/1 2085/2/1 2084/2/1
f 2096/2/1 2087/2/1 2086/2/1
f 2098/2/1 2091/2/1 2090/2/1
f 2098/2/1 2090/2/1 2089/2/1
f 2099/2/1 2091/2/1 2098/2/1
f 2100/2/1 2093/2/1 2092/2/1
f 2103/2/1 2095/2/1 2094/2/1
f 2104/2/1 2097/2/1 2096/2/1
f 2106/2/1 2091/2/1 2099/2/1
f 2107/2/1 2091/2/1 2106/2/1
f 2108/2/1 2101/2/1 2100/2/1
f 2111/2/1 2103/2/1 2102/2/1
f 2112/2/1 2105/2/1 2104/2/1
f 2113/2/1 2091/2/1 2107/2/1
f 2114/2/1 2109/2/1 2108/2/1
f 2117/2/1 2111/2/1 2110/2/1
f 2118/2/1 2115/2/1 2114/2/1
f 2119/2/1 2117/2/1 2116/2/1
f 2120/2/1 2113/2/1 2112/2/1
f 2120/2/1 2096/2/1 2086/2/1
f 2120/2/1 2112/2/1 2104/2/1
f 2120/2/1 2086/2/1 2056/2/1
f 2120/2/1 2056/2/1 2043/2/1
f 2120/2/1 2104/2/1 2096/2/1
f 2121/2/1 2113/2/1 2120/2/1
f 2122/2/1 2054/2/1 2085/2/1
f 2122/2/1 2119/2/1 2118/2/1
f 2122/2/1 2117/2/1 2119/2/1
f 2122/2/1 2111/2/1 2117/2/1
f 2122/2/1 2085/2/1 2095/2/1
f 2122/2/1 2095/2/1 2103/2/1
f 2122/2/1 2103/2/1 2111/2/1
f 2123/2/1 2054/2/1 2122/2/1
f 2124/2/1 2113/2/1 2121/2/1
f 2125/2/1 2113/2/1 2124/2/1
f 2126/2/1 2091/2/1 2113/2/1
f 2126/2/1 2113/2/1 2125/2/1
f 2126/2/1 2076/2/1 2091/2/1
f 2127/2/1 2076/2/1 2126/2/1
f 2128/2/1 2118/2/1 2114/2/1
f 2128/2/1 2122/2/1 2118/2/1
f 2128/2/1 2092/2/1 2079/2/1
f 2128/2/1 2108/2/1 2100/2/1
f 2128/2/1 2100/2/1 2092/2/1
f 2128/2/1 2114/2/1 2108/2/1
f 2129/2/1 2122/2/1 2128/2/1
f 2130/2/1 2122/2/1 2129/2/1
f 2131/2/1 2122/2/1 2130/2/1
f 2132/2/1 2126/2/1 2125/2/1
f 2133/2/1 2126/2/1 2132/2/1
f 2134/2/1 2130/2/1 2129/2/1
f 2135/2/1 2130/2/1 2134/2/1
f 2141/2/1 2137/2/1 2136/2/1
f 2142/2/1 2137/2/1 2141/2/1
f 2145/2/1 2139/2/1 2138/2/1
f 2146/2/1 2139/2/1 2145/2/1
f 2149/2/1 2143/2/1 2142/2/1
f 2149/2/1 2141/2/1 2140/2/1
f 2149/2/1 2142/2/1 2141/2/1
f 2150/2/1 2146/2/1 2145/2/1
f 2150/2/1 2147/2/1 2146/2/1
f 2150/2/1 2145/2/1 2144/2/1
f 2152/2/1 2149/2/1 2148/2/1
f 2152/2/1 2143/2/1 2149/2/1
f 2155/2/1 2150/2/1 2144/2/1
f 2155/2/1 2151/2/1 2150/2/1
f 2157/2/1 2153/2/1 2152/2/1
f 2157/2/1 2152/2/1 2148/2/1
f 2158/2/1 2155/2/1 2154/2/1
f 2158/2/1 2151/2/1 2155/2/1
f 2160/2/1 2157/2/1 2156/2/1
f 2161/2/1 2153/2/1 2157/2/1
f 2161/2/1 2157/2/1 2160/2/1
f 2162/2/1 2159/2/1 2158/2/1
f 2162/2/1 2158/2/1 2154/2/1
f 2163/2/1 2159/2/1 2162/2/1
f 2164/2/2 2165/2/2 2169/2/2
f 2169/2/2 2165/2/2 2170/2/2
f 2166/2/2 2167/2/2 2173/2/2
f 2173/2/2 2167/2/2 2174/2/2
f 2170/2/2 2171/2/2 2176/2/2
f 2168/2/2 2169/2/2 2176/2/2
f 2169/2/2 2170/2/2 2176/2/2
f 2176/2/2 2171/2/2 2177/2/2
f 2168/2/2 2176/2/2 2179/2/2
f 2179/2/2 2176/2/2 2180/2/2
f 2180/2/2 2176/2/2 2181/2/2
f 2177/2/2 2171/2/2 2182/2/2
f 2182/2/2 2171/2/2 2183/2/2
f 2174/2/2 2175/2/2 2184/2/2
f 2173/2/2 2174/2/2 2184/2/2
f 2172/2/2 2173/2/2 2184/2/2
f 2178/2/2 2179/2/2 2186/2/2
f 2179/2/2 2180/2/2 2186/2/2
f 2186/2/2 2180/2/2 2187/2/2
f 2183/2/2 2171/2/2 2190/2/2
f 2190/2/2 2171/2/2 2191/2/2
f 2188/2/2 2189/2/2 2193/2/2
f 2193/2/2 2189/2/2 2194/2/2
f 2184/2/2 2185/2/2 2196/2/2
f 2172/2/2 2184/2/2 2196/2/2
f 2196/2/2 2185/2/2 2197/2/2
f 2172/2/2 2196/2/2 2198/2/2
f 2198/2/2 2196/2/2 2199/2/2
f 2197/2/2 2185/2/2 2200/2/2
f 2200/2/2 2185/2/2 2201/2/2
f 2194/2/2 2195/2/2 2202/2/2
f 2193/2/2 2194/2/2 2202/2/2
f 2192/2/2 2193/2/2 2202/2/2
f 2202/2/2 2195/2/2 2203/2/2
f 2203/2/2 2195/2/2 2204/2/2
f 2204/2/2 2195/2/2 2205/2/2
f 2191/2/2 2171/2/2 2206/2/2
f 2206/2/2 2171/2/2 2207/2/2
f 2172/2/2 2198/2/2 2208/2/2
f 2208/2/2 2198/2/2 2209/2/2
f 2201/2/2 2185/2/2 2210/2/2
f 2210/2/2 2185/2/2 2211/2/2
f 2178/2/2 2186/2/2 2212/2/2
f 2203/2/2 2204/2/2 2214/2/2
f 2214/2/2 2204/2/2 2215/2/2
f 2207/2/2 2171/2/2 2216/2/2
f 2216/2/2 2171/2/2 2217/2/2
f 2172/2/2 2208/2/2 2218/2/2
f 2218/2/2 2208/2/2 2219/2/2
f 2212/2/2 2213/2/2 2221/2/2
f 2178/2/2 2212/2/2 2221/2/2
f 2221/2/2 2213/2/2 2222/2/2
f 2217/2/2 2171/2/2 2224/2/2
f 2224/2/2 2171/2/2 2225/2/2
f 2225/2/2 2171/2/2 2226/2/2
f 2172/2/2 2218/2/2 2229/2/2
f 2229/2/2 2218/2/2 2230/2/2
f 2230/2/2 2218/2/2 2231/2/2
f 2211/2/2 2185/2/2 2233/2/2
f 2233/2/2 2185/2/2 2234/2/2
f 2222/2/2 2223/2/2 2236/2/2
f 2220/2/2 2221/2/2 2236/2/2
f 2221/2/2 2222/2/2 2236/2/2
f 2226/2/2 2227/2/2 2238/2/2
f 2225/2/2 2226/2/2 2238/2/2
f 2238/2/2 2227/2/2 2239/2/2
f 2229/2/2 2230/2/2 2240/2/2
f 2228/2/2 2229/2/2 2240/2/2
f 2240/2/2 2230/2/2 2241/2/2
f 2234/2/2 2235/2/2 2243/2/2
f 2233/2/2 2234/2/2 2243/2/2
f 2232/2/2 2233/2/2 2243/2/2
f 2236/2/2 2237/2/2 2244/2/2
f 2239/2/2 2227/2/2 2246/2/2
f 2246/2/2 2227/2/2 2247/2/2
f 2228/2/2 2240/2/2 2248/2/2
f 2248/2/2 2240/2/2 2249/2/2
f 2242/2/2 2243/2/2 2251/2/2
f 2244/2/2 2245/2/2 2252/2/2
f 2247/2/2 2227/2/2 2254/2/2
f 2254/2/2 2227/2/2 2255/2/2
f 2228/2/2 2248/2/2 2256/2/2
f 2256/2/2 2248/2/2 2257/2/2
f 2250/2/2 2251/2/2 2259/2/2
f 2252/2/2 2253/2/2 2260/2/2
f 2255/2/2 2227/2/2 2262/2/2
f 2262/2/2 2227/2/2 2263/2/2
f 2228/2/2 2256/2/2 2264/2/2
f 2264/2/2 2256/2/2 2265/2/2
f 2258/2/2 2259/2/2 2267/2/2
f 2260/2/2 2261/2/2 2268/2/2
f 2263/2/2 2227/2/2 2270/2/2
f 2270/2/2 2227/2/2 2271/2/2
f 2228/2/2 2264/2/2 2272/2/2
f 2272/2/2 2264/2/2 2273/2/2
f 2266/2/2 2267/2/2 2275/2/2
f 2268/2/2 2269/2/2 2276/2/2
f 2271/2/2 2227/2/2 2278/2/2
f 2278/2/2 2227/2/2 2279/2/2
f 2228/2/2 2272/2/2 2280/2/2
f 2280/2/2 2272/2/2 2281/2/2
f 2274/2/2 2275/2/2 2283/2/2
f 2276/2/2 2277/2/2 2284/2/2
f 2279/2/2 2227/2/2 2286/2/2
f 2286/2/2 2227/2/2 2287/2/2
f 2228/2/2 2280/2/2 2288/2/2
f 2288/2/2 2280/2/2 2289/2/2
f 2282/2/2 2283/2/2 2291/2/2
f 2284/2/2 2285/2/2 2292/2/2
f 2287/2/2 2227/2/2 2294/2/2
f 2294/2/2 2227/2/2 2295/2/2
f 2228/2/2 2288/2/2 2296/2/2
f 2296/2/2 2288/2/2 2297/2/2
f 2290/2/2 2291/2/2 2299/2/2
f 2220/2/2 2236/2/2 2301/2/2
f 2236/2/2 2244/2/2 2301/2/2
f 2244/2/2 2252/2/2 2301/2/2
f 2252/2/2 2260/2/2 2301/2/2
f 2260/2/2 2268/2/2 2301/2/2
f 2284/2/2 2292/2/2 2301/2/2
f 2268/2/2 2276/2/2 2301/2/2
f 2292/2/2 2293/2/2 2301/2/2
f 2276/2/2 2284/2/2 2301/2/2
f 2301/2/2 2293/2/2 2302/2/2
f 2295/2/2 2227/2/2 2304/2/2
f 2304/2/2 2227/2/2 2305/2/2
f 2228/2/2 2296/2/2 2306/2/2
f 2306/2/2 2296/2/2 2307/2/2
f 2298/2/2 2299/2/2 2309/2/2
f 2251/2/2 2243/2/2 2310/2/2
f 2259/2/2 2251/2/2 2310/2/2
f 2309/2/2 2299/2/2 2310/2/2
f 2243/2/2 2235/2/2 2310/2/2
f 2267/2/2 2259/2/2 2310/2/2
f 2299/2/2 2291/2/2 2310/2/2
f 2275/2/2 2267/2/2 2310/2/2
f 2283/2/2 2275/2/2 2310/2/2
f 2291/2/2 2283/2/2 2310/2/2
f 2301/2/2 2302/2/2 2312/2/2
f 2300/2/2 2301/2/2 2312/2/2
f 2302/2/2 2303/2/2 2312/2/2
f 2305/2/2 2227/2/2 2314/2/2
f 2314/2/2 2227/2/2 2315/2/2
f 2228/2/2 2306/2/2 2316/2/2
f 2316/2/2 2306/2/2 2317/2/2
f 2310/2/2 2311/2/2 2319/2/2
f 2308/2/2 2309/2/2 2319/2/2
f 2309/2/2 2310/2/2 2319/2/2
f 2312/2/2 2313/2/2 2320/2/2
f 2315/2/2 2227/2/2 2322/2/2
f 2322/2/2 2227/2/2 2323/2/2
f 2228/2/2 2316/2/2 2324/2/2
f 2324/2/2 2316/2/2 2325/2/2
f 2325/2/2 2316/2/2 2326/2/2
f 2326/2/2 2316/2/2 2327/2/2
f 2318/2/2 2319/2/2 2329/2/2
f 2320/2/2 2321/2/2 2330/2/2
f 2323/2/2 2227/2/2 2332/2/2
f 2332/2/2 2227/2/2 2333/2/2
f 2228/2/2 2324/2/2 2334/2/2
f 2334/2/2 2324/2/2 2335/2/2
f 2325/2/2 2326/2/2 2336/2/2
f 2336/2/2 2326/2/2 2337/2/2
f 2337/2/2 2326/2/2 2338/2/2
f 2338/2/2 2326/2/2 2339/2/2
f 2328/2/2 2329/2/2 2341/2/2
f 2330/2/2 2331/2/2 2342/2/2
f 2333/2/2 2227/2/2 2344/2/2
f 2344/2/2 2227/2/2 2345/2/2
f 2228/2/2 2334/2/2 2346/2/2
f 2346/2/2 2334/2/2 2347/2/2
f 2337/2/2 2338/2/2 2348/2/2
f 2348/2/2 2338/2/2 2349/2/2
f 2349/2/2 2338/2/2 2350/2/2
f 2350/2/2 2338/2/2 2351/2/2
f 2340/2/2 2341/2/2 2353/2/2
f 2342/2/2 2343/2/2 2354/2/2
f 2345/2/2 2227/2/2 2356/2/2
f 2356/2/2 2227/2/2 2357/2/2
f 2228/2/2 2346/2/2 2358/2/2
f 2358/2/2 2346/2/2 2359/2/2
f 2349/2/2 2350/2/2 2360/2/2
f 2360/2/2 2350/2/2 2361/2/2
f 2361/2/2 2350/2/2 2362/2/2
f 2362/2/2 2350/2/2 2363/2/2
f 2352/2/2 2353/2/2 2365/2/2
f 2354/2/2 2355/2/2 2366/2/2
f 2357/2/2 2227/2/2 2368/2/2
f 2368/2/2 2227/2/2 2369/2/2
f 2228/2/2 2358/2/2 2370/2/2
f 2370/2/2 2358/2/2 2371/2/2
f 2361/2/2 2362/2/2 2372/2/2
f 2372/2/2 2362/2/2 2373/2/2
f 2364/2/2 2365/2/2 2375/2/2
f 2366/2/2 2367/2/2 2376/2/2
f 2228/2/2 2370/2/2 2378/2/2
f 2378/2/2 2370/2/2 2379/2/2
f 2374/2/2 2375/2/2 2381/2/2
f 2376/2/2 2377/2/2 2382/2/2
f 2369/2/2 2227/2/2 2385/2/2
f 2380/2/2 2381/2/2 2387/2/2
f 2382/2/2 2383/2/2 2388/2/2
f 2384/2/2 2385/2/2 2390/2/2
f 2385/2/2 2227/2/2 2391/2/2
f 2390/2/2 2385/2/2 2391/2/2
f 2228/2/2 2378/2/2 2392/2/2
f 2386/2/2 2387/2/2 2395/2/2
f 2391/2/2 2227/2/2 2396/2/2
f 2396/2/2 2227/2/2 2397/2/2
f 2392/2/2 2393/2/2 2398/2/2
f 2394/2/2 2395/2/2 2400/2/2
f 2395/2/2 2387/2/2 2401/2/2
f 2400/2/2 2395/2/2 2401/2/2
f 2398/2/2 2399/2/2 2404/2/2
f 2401/2/2 2387/2/2 2406/2/2
f 2387/2/2 2381/2/2 2407/2/2
f 2406/2/2 2387/2/2 2407/2/2
f 2388/2/2 2389/2/2 2408/2/2
f 2300/2/2 2312/2/2 2408/2/2
f 2312/2/2 2320/2/2 2408/2/2
f 2320/2/2 2330/2/2 2408/2/2
f 2330/2/2 2342/2/2 2408/2/2
f 2342/2/2 2354/2/2 2408/2/2
f 2354/2/2 2366/2/2 2408/2/2
f 2366/2/2 2376/2/2 2408/2/2
f 2376/2/2 2382/2/2 2408/2/2
f 2382/2/2 2388/2/2 2408/2/2
f 2408/2/2 2389/2/2 2409/2/2
f 2402/2/2 2403/2/2 2411/2/2
f 2411/2/2 2403/2/2 2412/2/2
f 2397/2/2 2227/2/2 2414/2/2
f 2414/2/2 2227/2/2 2415/2/2
f 2404/2/2 2405/2/2 2416/2/2
f 2407/2/2 2381/2/2 2418/2/2
f 2381/2/2 2375/2/2 2419/2/2
f 2418/2/2 2381/2/2 2419/2/2
f 2341/2/2 2329/2/2 2420/2/2
f 2419/2/2 2375/2/2 2420/2/2
f 2329/2/2 2319/2/2 2420/2/2
f 2319/2/2 2311/2/2 2420/2/2
f 2353/2/2 2341/2/2 2420/2/2
f 2365/2/2 2353/2/2 2420/2/2
f 2375/2/2 2365/2/2 2420/2/2
f 2420/2/2 2311/2/2 2421/2/2
f 2409/2/2 2389/2/2 2422/2/2
f 2411/2/2 2412/2/2 2425/2/2
f 2410/2/2 2411/2/2 2425/2/2
f 2412/2/2 2413/2/2 2425/2/2
f 2425/2/2 2413/2/2 2426/2/2
f 2416/2/2 2417/2/2 2428/2/2
f 2419/2/2 2420/2/2 2430/2/2
f 2430/2/2 2420/2/2 2431/2/2
f 2426/2/2 2427/2/2 2432/2/2
f 2424/2/2 2425/2/2 2432/2/2
f 2425/2/2 2426/2/2 2432/2/2
f 2428/2/2 2429/2/2 2434/2/2
f 2432/2/2 2433/2/2 2438/2/2
f 2424/2/2 2432/2/2 2438/2/2
f 2438/2/2 2433/2/2 2439/2/2
f 2439/2/2 2433/2/2 2440/2/2
f 2415/2/2 2227/2/2 2442/2/2
f 2442/2/2 2227/2/2 2443/2/2
f 2404/2/2 2416/2/2 2444/2/2
f 2398/2/2 2404/2/2 2444/2/2
f 2392/2/2 2398/2/2 2444/2/2
f 2228/2/2 2392/2/2 2444/2/2
f 2416/2/2 2428/2/2 2444/2/2
f 2434/2/2 2435/2/2 2444/2/2
f 2428/2/2 2434/2/2 2444/2/2
f 2444/2/2 2435/2/2 2445/2/2
f 2445/2/2 2435/2/2 2446/2/2
f 2436/2/2 2437/2/2 2448/2/2
f 2448/2/2 2437/2/2 2449/2/2
f 2431/2/2 2420/2/2 2451/2/2
f 2422/2/2 2423/2/2 2452/2/2
f 2439/2/2 2440/2/2 2454/2/2
f 2440/2/2 2441/2/2 2454/2/2
f 2454/2/2 2441/2/2 2455/2/2
f 2455/2/2 2441/2/2 2456/2/2
f 2415/2/2 2442/2/2 2457/2/2
f 2446/2/2 2447/2/2 2458/2/2
f 2445/2/2 2446/2/2 2458/2/2
f 2450/2/2 2451/2/2 2461/2/2
f 2452/2/2 2453/2/2 2462/2/2
f 2456/2/2 2457/2/2 2464/2/2
f 2455/2/2 2456/2/2 2464/2/2
f 2464/2/2 2457/2/2 2465/2/2
f 2458/2/2 2459/2/2 2466/2/2
f 2460/2/2 2461/2/2 2469/2/2
f 2462/2/2 2463/2/2 2470/2/2
f 2465/2/2 2457/2/2 2472/2/2
f 2472/2/2 2457/2/2 2473/2/2
f 2466/2/2 2467/2/2 2474/2/2
f 2468/2/2 2469/2/2 2477/2/2
f 2470/2/2 2471/2/2 2478/2/2
f 2473/2/2 2457/2/2 2479/2/2
f 2474/2/2 2475/2/2 2480/2/2
f 2476/2/2 2477/2/2 2483/2/2
f 2480/2/2 2481/2/2 2484/2/2
f 2482/2/2 2483/2/2 2485/2/2
f 2478/2/2 2479/2/2 2486/2/2
f 2452/2/2 2462/2/2 2486/2/2
f 2470/2/2 2478/2/2 2486/2/2
f 2422/2/2 2452/2/2 2486/2/2
f 2409/2/2 2422/2/2 2486/2/2
f 2462/2/2 2470/2/2 2486/2/2
f 2486/2/2 2479/2/2 2487/2/2
f 2451/2/2 2420/2/2 2488/2/2
f 2484/2/2 2485/2/2 2488/2/2
f 2485/2/2 2483/2/2 2488/2/2
f 2483/2/2 2477/2/2 2488/2/2
f 2461/2/2 2451/2/2 2488/2/2
f 2469/2/2 2461/2/2 2488/2/2
f 2477/2/2 2469/2/2 2488/2/2
f 2488/2/2 2420/2/2 2489/2/2
f 2487/2/2 2479/2/2 2490/2/2
f 2490/2/2 2479/2/2 2491/2/2
f 2479/2/2 2457/2/2 2492/2/2
f 2491/2/2 2479/2/2 2492/2/2
f 2457/2/2 2442/2/2 2492/2/2
f 2492/2/2 2442/2/2 2493/2/2
f 2480/2/2 2484/2/2 2494/2/2
f 2484/2/2 2488/2/2 2494/2/2
f 2445/2/2 2458/2/2 2494/2/2
f 2466/2/2 2474/2/2 2494/2/2
f 2458/2/2 2466/2/2 2494/2/2
f 2474/2/2 2480/2/2 2494/2/2
f 2494/2/2 2488/2/2 2495/2/2
f 2495/2/2 2488/2/2 2496/2/2
f 2496/2/2 2488/2/2 2497/2/2
f 2491/2/2 2492/2/2 2498/2/2
f 2498/2/2 2492/2/2 2499/2/2
f 2495/2/2 2496/2/2 2500/2/2
f 2500/2/2 2496/2/2 2501/2/2
f 2502/2/2 2503/2/2 2507/2/2
f 2507/2/2 2503/2/2 2508/2/2
f 2504/2/2 2505/2/2 2511/2/2
f 2511/2/2 2505/2/2 2512/2/2
f 2508/2/2 2509/2/2 2515/2/2
f 2506/2/2 2507/2/2 2515/2/2
f 2507/2/2 2508/2/2 2515/2/2
f 2511/2/2 2512/2/2 2516/2/2
f 2512/2/2 2513/2/2 2516/2/2
f 2510/2/2 2511/2/2 2516/2/2
f 2514/2/2 2515/2/2 2518/2/2
f 2515/2/2 2509/2/2 2518/2/2
f 2510/2/2 2516/2/2 2521/2/2
f 2516/2/2 2517/2/2 2521/2/2
f 2518/2/2 2519/2/2 2523/2/2
f 2514/2/2 2518/2/2 2523/2/2
f 2520/2/2 2521/2/2 2524/2/2
f 2521/2/2 2517/2/2 2524/2/2
f 2522/2/2 2523/2/2 2526/2/2
f 2523/2/2 2519/2/2 2527/2/2
f 2526/2/2 2523/2/2 2527/2/2
f 2524/2/2 2525/2/2 2528/2/2
f 2520/2/2 2524/2/2 2528/2/2
f 2528/2/2 2525/2/2 2529/2/2
f 2530/8/2 2531/8/2 2533/8/2
f 2533/8/2 2531/8/2 2534/8/2
f 2532/8/2 2533/8/2 2537/8/2
f 2533/7/2 2534/7/2 2538/7/2
f 2537/8/2 2533/8/2 2538/8/2
f 2538/7/2 2534/7/2 2539/7/2
f 2539/7/2 2534/7/2 2540/7/2
f 2534/8/2 2535/8/2 2541/8/2
f 2540/7/2 2534/7/2 2541/7/2
f 2541/8/2 2535/8/2 2542/8/2
f 2537/7/2 2538/7/2 2544/7/2
f 2538/7/2 2539/7/2 2544/7/2
f 2544/7/2 2539/7/2 2545/7/2
f 2541/7/2 2542/7/2 2546/7/2
f 2540/7/2 2541/7/2 2546/7/2
f 2546/7/2 2542/7/2 2547/7/2
f 2548/8/2 2549/8/2 2551/8/2
f 2551/8/2 2549/8/2 2552/8/2
f 2537/7/2 2544/7/2 2554/7/2
f 2547/7/2 2542/7/2 2557/7/2
f 2542/8/2 2543/8/2 2558/8/2
f 2557/7/2 2542/7/2 2558/7/2
f 2558/8/2 2543/8/2 2559/8/2
f 2550/8/2 2551/8/2 2562/8/2
f 2551/7/2 2552/7/2 2563/7/2
f 2562/8/2 2551/8/2 2563/8/2
f 2552/8/2 2553/8/2 2564/8/2
f 2563/7/2 2552/7/2 2564/7/2
f 2564/8/2 2553/8/2 2565/8/2
f 2536/8/2 2537/8/2 2567/8/2
f 2554/7/2 2555/7/2 2568/7/2
f 2567/8/2 2537/8/2 2568/8/2
f 2537/7/2 2554/7/2 2568/7/2
f 2568/7/2 2555/7/2 2569/7/2
f 2569/7/2 2555/7/2 2570/7/2
f 2556/7/2 2557/7/2 2571/7/2
f 2557/7/2 2558/7/2 2571/7/2
f 2558/7/2 2559/7/2 2571/7/2
f 2559/8/2 2560/8/2 2572/8/2
f 2571/7/2 2559/7/2 2572/7/2
f 2572/8/2 2560/8/2 2573/8/2
f 2561/8/2 2562/8/2 2576/8/2
f 2562/7/2 2563/7/2 2577/7/2
f 2564/7/2 2565/7/2 2577/7/2
f 2576/8/2 2562/8/2 2577/8/2
f 2563/7/2 2564/7/2 2577/7/2
f 2568/8/2 2569/8/2 2578/8/2
f 2569/7/2 2570/7/2 2579/7/2
f 2578/8/2 2569/8/2 2579/8/2
f 2570/7/2 2571/7/2 2579/7/2
f 2571/7/2 2572/7/2 2579/7/2
f 2572/7/2 2573/7/2 2579/7/2
f 2579/7/2 2573/7/2 2580/7/2
f 2573/8/2 2574/8/2 2581/8/2
f 2580/7/2 2573/7/2 2581/7/2
f 2581/8/2 2574/8/2 2582/8/2
f 2575/8/2 2576/8/2 2585/8/2
f 2576/7/2 2577/7/2 2586/7/2
f 2585/8/2 2576/8/2 2586/8/2
f 2577/7/2 2565/7/2 2587/7/2
f 2586/7/2 2577/7/2 2587/7/2
f 2565/8/2 2566/8/2 2588/8/2
f 2587/7/2 2565/7/2 2588/7/2
f 2588/8/2 2566/8/2 2589/8/2
f 2579/8/2 2580/8/2 2590/8/2
f 2580/7/2 2581/7/2 2591/7/2
f 2590/8/2 2580/8/2 2591/8/2
f 2581/7/2 2582/7/2 2591/7/2
f 2591/7/2 2582/7/2 2592/7/2
f 2582/8/2 2583/8/2 2593/8/2
f 2592/7/2 2582/7/2 2593/7/2
f 2593/8/2 2583/8/2 2594/8/2
f 2584/8/2 2585/8/2 2597/8/2
f 2586/7/2 2587/7/2 2598/7/2
f 2585/7/2 2586/7/2 2598/7/2
f 2597/8/2 2585/8/2 2598/8/2
f 2598/7/2 2587/7/2 2599/7/2
f 2587/8/2 2588/8/2 2600/8/2
f 2599/7/2 2587/7/2 2600/7/2
f 2600/8/2 2588/8/2 2601/8/2
f 2591/8/2 2592/8/2 2602/8/2
f 2592/7/2 2593/7/2 2603/7/2
f 2602/8/2 2592/8/2 2603/8/2
f 2593/7/2 2594/7/2 2603/7/2
f 2603/7/2 2594/7/2 2604/7/2
f 2594/8/2 2595/8/2 2605/8/2
f 2604/7/2 2594/7/2 2605/7/2
f 2605/8/2 2595/8/2 2606/8/2
f 2596/8/2 2597/8/2 2609/8/2
f 2598/7/2 2599/7/2 2610/7/2
f 2597/7/2 2598/7/2 2610/7/2
f 2609/8/2 2597/8/2 2610/8/2
f 2610/7/2 2599/7/2 2611/7/2
f 2599/8/2 2600/8/2 2612/8/2
f 2611/7/2 2599/7/2 2612/7/2
f 2612/8/2 2600/8/2 2613/8/2
f 2603/8/2 2604/8/2 2614/8/2
f 2604/7/2 2605/7/2 2615/7/2
f 2614/8/2 2604/8/2 2615/8/2
f 2605/7/2 2606/7/2 2615/7/2
f 2615/7/2 2606/7/2 2616/7/2
f 2606/8/2 2607/8/2 2617/8/2
f 2616/7/2 2606/7/2 2617/7/2
f 2617/8/2 2607/8/2 2618/8/2
f 2608/8/2 2609/8/2 2621/8/2
f 2610/7/2 2611/7/2 2622/7/2
f 2609/7/2 2610/7/2 2622/7/2
f 2621/8/2 2609/8/2 2622/8/2
f 2622/7/2 2611/7/2 2623/7/2
f 2611/8/2 2612/8/2 2624/8/2
f 2623/7/2 2611/7/2 2624/7/2
f 2624/8/2 2612/8/2 2625/8/2
f 2615/8/2 2616/8/2 2626/8/2
f 2616/7/2 2617/7/2 2627/7/2
f 2626/8/2 2616/8/2 2627/8/2
f 2617/7/2 2618/7/2 2627/7/2
f 2627/7/2 2618/7/2 2628/7/2
f 2618/8/2 2619/8/2 2629/8/2
f 2628/7/2 2618/7/2 2629/7/2
f 2629/8/2 2619/8/2 2630/8/2
f 2620/8/2 2621/8/2 2633/8/2
f 2622/7/2 2623/7/2 2634/7/2
f 2621/7/2 2622/7/2 2634/7/2
f 2633/8/2 2621/8/2 2634/8/2
f 2634/7/2 2623/7/2 2635/7/2
f 2623/8/2 2624/8/2 2636/8/2
f 2635/7/2 2623/7/2 2636/7/2
f 2636/8/2 2624/8/2 2637/8/2
f 2627/8/2 2628/8/2 2638/8/2
f 2628/7/2 2629/7/2 2639/7/2
f 2638/8/2 2628/8/2 2639/8/2
f 2629/7/2 2630/7/2 2639/7/2
f 2639/7/2 2630/7/2 2640/7/2
f 2630/8/2 2631/8/2 2641/8/2
f 2640/7/2 2630/7/2 2641/7/2
f 2641/8/2 2631/8/2 2642/8/2
f 2632/8/2 2633/8/2 2645/8/2
f 2634/7/2 2635/7/2 2646/7/2
f 2633/7/2 2634/7/2 2646/7/2
f 2645/8/2 2633/8/2 2646/8/2
f 2646/7/2 2635/7/2 2647/7/2
f 2635/8/2 2636/8/2 2648/8/2
f 2647/7/2 2635/7/2 2648/7/2
f 2648/8/2 2636/8/2 2649/8/2
f 2639/8/2 2640/8/2 2650/8/2
f 2640/7/2 2641/7/2 2651/7/2
f 2650/8/2 2640/8/2 2651/8/2
f 2641/7/2 2642/7/2 2651/7/2
f 2651/7/2 2642/7/2 2652/7/2
f 2642/8/2 2643/8/2 2653/8/2
f 2652/7/2 2642/7/2 2653/7/2
f 2653/8/2 2643/8/2 2654/8/2
f 2644/8/2 2645/8/2 2657/8/2
f 2646/7/2 2647/7/2 2658/7/2
f 2645/7/2 2646/7/2 2658/7/2
f 2657/8/2 2645/8/2 2658/8/2
f 2658/7/2 2647/7/2 2659/7/2
f 2647/8/2 2648/8/2 2660/8/2
f 2659/7/2 2647/7/2 2660/7/2
f 2660/8/2 2648/8/2 2661/8/2
f 2651/8/2 2652/8/2 2662/8/2
f 2652/7/2 2653/7/2 2663/7/2
f 2662/8/2 2652/8/2 2663/8/2
f 2653/7/2 2654/7/2 2663/7/2
f 2663/7/2 2654/7/2 2664/7/2
f 2654/8/2 2655/8/2 2665/8/2
f 2664/7/2 2654/7/2 2665/7/2
f 2665/8/2 2655/8/2 2666/8/2
f 2656/8/2 2657/8/2 2669/8/2
f 2658/7/2 2659/7/2 2670/7/2
f 2657/7/2 2658/7/2 2670/7/2
f 2669/8/2 2657/8/2 2670/8/2
f 2670/7/2 2659/7/2 2671/7/2
f 2659/8/2 2660/8/2 2672/8/2
f 2671/7/2 2659/7/2 2672/7/2
f 2672/8/2 2660/8/2 2673/8/2
f 2663/8/2 2664/8/2 2674/8/2
f 2664/7/2 2665/7/2 2675/7/2
f 2674/8/2 2664/8/2 2675/8/2
f 2665/7/2 2666/7/2 2675/7/2
f 2675/7/2 2666/7/2 2676/7/2
f 2666/8/2 2667/8/2 2677/8/2
f 2676/7/2 2666/7/2 2677/7/2
f 2677/8/2 2667/8/2 2678/8/2
f 2668/8/2 2669/8/2 2681/8/2
f 2670/7/2 2671/7/2 2682/7/2
f 2669/7/2 2670/7/2 2682/7/2
f 2681/8/2 2669/8/2 2682/8/2
f 2682/7/2 2671/7/2 2683/7/2
f 2671/8/2 2672/8/2 2684/8/2
f 2683/7/2 2671/7/2 2684/7/2
f 2684/8/2 2672/8/2 2685/8/2
f 2675/8/2 2676/8/2 2686/8/2
f 2676/7/2 2677/7/2 2687/7/2
f 2686/8/2 2676/8/2 2687/8/2
f 2677/7/2 2678/7/2 2687/7/2
f 2687/7/2 2678/7/2 2688/7/2
f 2678/8/2 2679/8/2 2689/8/2
f 2688/7/2 2678/7/2 2689/7/2
f 2689/8/2 2679/8/2 2690/8/2
f 2680/8/2 2681/8/2 2693/8/2
f 2682/7/2 2683/7/2 2694/7/2
f 2681/7/2 2682/7/2 2694/7/2
f 2693/8/2 2681/8/2 2694/8/2
f 2694/7/2 2683/7/2 2695/7/2
f 2683/8/2 2684/8/2 2696/8/2
f 2695/7/2 2683/7/2 2696/7/2
f 2696/8/2 2684/8/2 2697/8/2
f 2687/8/2 2688/8/2 2698/8/2
f 2688/7/2 2689/7/2 2699/7/2
f 2698/8/2 2688/8/2 2699/8/2
f 2689/7/2 2690/7/2 2699/7/2
f 2699/7/2 2690/7/2 2700/7/2
f 2690/8/2 2691/8/2 2701/8/2
f 2700/7/2 2690/7/2 2701/7/2
f 2701/8/2 2691/8/2 2702/8/2
f 2692/8/2 2693/8/2 2705/8/2
f 2694/7/2 2695/7/2 2706/7/2
f 2693/7/2 2694/7/2 2706/7/2
f 2705/8/2 2693/8/2 2706/8/2
f 2706/7/2 2695/7/2 2707/7/2
f 2695/8/2 2696/8/2 2708/8/2
f 2707/7/2 2695/7/2 2708/7/2
f 2708/8/2 2696/8/2 2709/8/2
f 2699/8/2 2700/8/2 2710/8/2
f 2700/7/2 2701/7/2 2711/7/2
f 2710/8/2 2700/8/2 2711/8/2
f 2701/7/2 2702/7/2 2711/7/2
f 2711/7/2 2702/7/2 2712/7/2
f 2702/8/2 2703/8/2 2713/8/2
f 2712/7/2 2702/7/2 2713/7/2
f 2713/8/2 2703/8/2 2714/8/2
f 2704/8/2 2705/8/2 2719/8/2
f 2706/7/2 2707/7/2 2720/7/2
f 2705/7/2 2706/7/2 2720/7/2
f 2719/8/2 2705/8/2 2720/8/2
f 2720/7/2 2707/7/2 2721/7/2
f 2707/8/2 2708/8/2 2722/8/2
f 2721/7/2 2707/7/2 2722/7/2
f 2722/8/2 2708/8/2 2723/8/2
f 2711/8/2 2712/8/2 2724/8/2
f 2712/7/2 2713/7/2 2725/7/2
f 2724/8/2 2712/8/2 2725/8/2
f 2713/7/2 2714/7/2 2725/7/2
f 2725/7/2 2714/7/2 2726/7/2
f 2714/8/2 2715/8/2 2727/8/2
f 2726/7/2 2714/7/2 2727/7/2
f 2727/8/2 2715/8/2 2728/8/2
f 2716/8/2 2717/8/2 2731/8/2
f 2731/8/2 2717/8/2 2732/8/2
f 2718/8/2 2719/8/2 2735/8/2
f 2720/7/2 2721/7/2 2736/7/2
f 2719/7/2 2720/7/2 2736/7/2
f 2735/8/2 2719/8/2 2736/8/2
f 2736/7/2 2721/7/2 2737/7/2
f 2721/8/2 2722/8/2 2738/8/2
f 2737/7/2 2721/7/2 2738/7/2
f 2738/8/2 2722/8/2 2739/8/2
f 2725/8/2 2726/8/2 2740/8/2
f 2726/7/2 2727/7/2 2741/7/2
f 2740/8/2 2726/8/2 2741/8/2
f 2727/7/2 2728/7/2 2741/7/2
f 2741/7/2 2728/7/2 2742/7/2
f 2728/8/2 2729/8/2 2743/8/2
f 2742/7/2 2728/7/2 2743/7/2
f 2743/8/2 2729/8/2 2744/8/2
f 2730/8/2 2731/8/2 2747/8/2
f 2731/7/2 2732/7/2 2748/7/2
f 2747/8/2 2731/8/2 2748/8/2
f 2732/8/2 2733/8/2 2749/8/2
f 2748/7/2 2732/7/2 2749/7/2
f 2749/8/2 2733/8/2 2750/8/2
f 2734/8/2 2735/8/2 2753/8/2
f 2736/7/2 2737/7/2 2754/7/2
f 2735/7/2 2736/7/2 2754/7/2
f 2737/8/2 2738/8/2 2755/8/2
f 2754/7/2 2737/7/2 2755/7/2
f 2755/8/2 2738/8/2 2756/8/2
f 2741/8/2 2742/8/2 2757/8/2
f 2742/7/2 2743/7/2 2758/7/2
f 2757/8/2 2742/8/2 2758/8/2
f 2743/7/2 2744/7/2 2758/7/2
f 2758/7/2 2744/7/2 2759/7/2
f 2744/8/2 2745/8/2 2760/8/2
f 2759/7/2 2744/7/2 2760/7/2
f 2760/8/2 2745/8/2 2761/8/2
f 2746/8/2 2747/8/2 2764/8/2
f 2747/7/2 2748/7/2 2765/7/2
f 2748/7/2 2749/7/2 2765/7/2
f 2764/8/2 2747/8/2 2765/8/2
f 2749/7/2 2750/7/2 2765/7/2
f 2765/7/2 2750/7/2 2766/7/2
f 2766/7/2 2750/7/2 2767/7/2
f 2750/8/2 2751/8/2 2768/8/2
f 2767/7/2 2750/7/2 2768/7/2
f 2768/8/2 2751/8/2 2769/8/2
f 2752/8/2 2753/8/2 2772/8/2
f 2735/7/2 2754/7/2 2773/7/2
f 2753/8/2 2735/8/2 2773/8/2
f 2772/8/2 2753/8/2 2773/8/2
f 2773/7/2 2754/7/2 2774/7/2
f 2774/7/2 2754/7/2 2775/7/2
f 2754/8/2 2755/8/2 2776/8/2
f 2775/7/2 2754/7/2 2776/7/2
f 2776/8/2 2755/8/2 2777/8/2
f 2758/8/2 2759/8/2 2778/8/2
f 2760/7/2 2761/7/2 2779/7/2
f 2778/8/2 2759/8/2 2779/8/2
f 2759/7/2 2760/7/2 2779/7/2
f 2779/7/2 2761/7/2 2780/7/2
f 2761/8/2 2762/8/2 2781/8/2
f 2780/7/2 2761/7/2 2781/7/2
f 2781/8/2 2762/8/2 2782/8/2
f 2763/8/2 2764/8/2 2785/8/2
f 2764/7/2 2765/7/2 2786/7/2
f 2765/7/2 2766/7/2 2786/7/2
f 2785/8/2 2764/8/2 2786/8/2
f 2786/7/2 2766/7/2 2787/7/2
f 2766/8/2 2767/8/2 2788/8/2
f 2787/7/2 2766/7/2 2788/7/2
f 2767/7/2 2768/7/2 2789/7/2
f 2788/8/2 2767/8/2 2789/8/2
f 2768/7/2 2769/7/2 2789/7/2
f 2769/8/2 2770/8/2 2790/8/2
f 2789/7/2 2769/7/2 2790/7/2
f 2790/8/2 2770/8/2 2791/8/2
f 2771/8/2 2772/8/2 2792/8/2
f 2773/8/2 2774/8/2 2793/8/2
f 2772/7/2 2773/7/2 2793/7/2
f 2774/7/2 2775/7/2 2794/7/2
f 2793/8/2 2774/8/2 2794/8/2
f 2775/8/2 2776/8/2 2795/8/2
f 2794/7/2 2775/7/2 2795/7/2
f 2795/8/2 2776/8/2 2796/8/2
f 2779/8/2 2780/8/2 2797/8/2
f 2780/7/2 2781/7/2 2798/7/2
f 2797/8/2 2780/8/2 2798/8/2
f 2781/7/2 2782/7/2 2798/7/2
f 2798/7/2 2782/7/2 2799/7/2
f 2782/8/2 2783/8/2 2800/8/2
f 2799/7/2 2782/7/2 2800/7/2
f 2800/8/2 2783/8/2 2801/8/2
f 2784/8/2 2785/8/2 2803/8/2
f 2786/7/2 2787/7/2 2804/7/2
f 2785/7/2 2786/7/2 2804/7/2
f 2803/8/2 2785/8/2 2804/8/2
f 2804/7/2 2787/7/2 2805/7/2
f 2787/8/2 2788/8/2 2806/8/2
f 2805/7/2 2787/7/2 2806/7/2
f 2788/7/2 2789/7/2 2807/7/2
f 2806/8/2 2788/8/2 2807/8/2
f 2790/7/2 2791/7/2 2807/7/2
f 2789/7/2 2790/7/2 2807/7/2
f 2791/8/2 2792/8/2 2808/8/2
f 2807/7/2 2791/7/2 2808/7/2
f 2772/7/2 2793/7/2 2809/7/2
f 2808/8/2 2792/8/2 2809/8/2
f 2793/7/2 2794/7/2 2809/7/2
f 2792/8/2 2772/8/2 2809/8/2
f 2809/7/2 2794/7/2 2810/7/2
f 2794/8/2 2795/8/2 2811/8/2
f 2811/8/2 2795/8/2 2812/8/2
f 2798/8/2 2799/8/2 2813/8/2
f 2799/7/2 2800/7/2 2814/7/2
f 2813/8/2 2799/8/2 2814/8/2
f 2800/7/2 2801/7/2 2814/7/2
f 2814/7/2 2801/7/2 2815/7/2
f 2815/7/2 2801/7/2 2816/7/2
f 2816/7/2 2801/7/2 2817/7/2
f 2817/7/2 2801/7/2 2818/7/2
f 2801/8/2 2783/8/2 2819/8/2
f 2818/7/2 2801/7/2 2819/7/2
f 2819/8/2 2783/8/2 2820/8/2
f 2805/8/2 2806/8/2 2821/8/2
f 2803/7/2 2804/7/2 2821/7/2
f 2804/7/2 2805/7/2 2821/7/2
f 2807/7/2 2808/7/2 2822/7/2
f 2821/8/2 2806/8/2 2822/8/2
f 2806/7/2 2807/7/2 2822/7/2
f 2808/7/2 2809/7/2 2822/7/2
f 2809/8/2 2810/8/2 2823/8/2
f 2822/7/2 2809/7/2 2823/7/2
f 2810/7/2 2794/7/2 2824/7/2
f 2823/8/2 2810/8/2 2824/8/2
f 2794/8/2 2811/8/2 2825/8/2
f 2824/7/2 2794/7/2 2825/7/2
f 2825/8/2 2811/8/2 2826/8/2
f 2814/8/2 2815/8/2 2827/8/2
f 2815/7/2 2816/7/2 2828/7/2
f 2827/8/2 2815/8/2 2828/8/2
f 2828/7/2 2816/7/2 2829/7/2
f 2829/7/2 2816/7/2 2830/7/2
f 2816/8/2 2817/8/2 2831/8/2
f 2830/7/2 2816/7/2 2831/7/2
f 2817/7/2 2818/7/2 2832/7/2
f 2831/8/2 2817/8/2 2832/8/2
f 2832/7/2 2818/7/2 2833/7/2
f 2833/7/2 2818/7/2 2834/7/2
f 2818/8/2 2819/8/2 2835/8/2
f 2834/7/2 2818/7/2 2835/7/2
f 2835/8/2 2819/8/2 2836/8/2
f 2802/8/2 2803/8/2 2838/8/2
f 2803/7/2 2821/7/2 2839/7/2
f 2838/8/2 2803/8/2 2839/8/2
f 2823/7/2 2824/7/2 2839/7/2
f 2822/7/2 2823/7/2 2839/7/2
f 2821/7/2 2822/7/2 2839/7/2
f 2839/7/2 2824/7/2 2840/7/2
f 2824/8/2 2825/8/2 2841/8/2
f 2841/8/2 2825/8/2 2842/8/2
f 2829/7/2 2830/7/2 2843/7/2
f 2830/8/2 2831/8/2 2844/8/2
f 2843/7/2 2830/7/2 2844/7/2
f 2831/7/2 2832/7/2 2845/7/2
f 2844/8/2 2831/8/2 2845/8/2
f 2832/8/2 2833/8/2 2846/8/2
f 2845/7/2 2832/7/2 2846/7/2
f 2833/7/2 2834/7/2 2847/7/2
f 2846/8/2 2833/8/2 2847/8/2
f 2847/7/2 2834/7/2 2848/7/2
f 2834/8/2 2835/8/2 2849/8/2
f 2848/7/2 2834/7/2 2849/7/2
f 2835/7/2 2836/7/2 2850/7/2
f 2849/8/2 2835/8/2 2850/8/2
f 2836/8/2 2837/8/2 2851/8/2
f 2850/7/2 2836/7/2 2851/7/2
f 2851/8/2 2837/8/2 2852/8/2
f 2839/8/2 2840/8/2 2854/8/2
f 2840/7/2 2824/7/2 2855/7/2
f 2854/8/2 2840/8/2 2855/8/2
f 2855/7/2 2824/7/2 2856/7/2
f 2824/8/2 2841/8/2 2857/8/2
f 2856/7/2 2824/7/2 2857/7/2
f 2857/8/2 2841/8/2 2858/8/2
f 2829/7/2 2843/7/2 2860/7/2
f 2843/8/2 2844/8/2 2860/8/2
f 2844/7/2 2845/7/2 2861/7/2
f 2860/8/2 2844/8/2 2861/8/2
f 2845/8/2 2846/8/2 2862/8/2
f 2861/7/2 2845/7/2 2862/7/2
f 2847/7/2 2848/7/2 2863/7/2
f 2862/8/2 2846/8/2 2863/8/2
f 2846/7/2 2847/7/2 2863/7/2
f 2863/7/2 2848/7/2 2864/7/2
f 2848/8/2 2849/8/2 2865/8/2
f 2864/7/2 2848/7/2 2865/7/2
f 2849/7/2 2850/7/2 2866/7/2
f 2865/8/2 2849/8/2 2866/8/2
f 2850/7/2 2851/7/2 2866/7/2
f 2851/7/2 2852/7/2 2866/7/2
f 2866/7/2 2852/7/2 2867/7/2
f 2855/8/2 2856/8/2 2868/8/2
f 2857/7/2 2858/7/2 2869/7/2
f 2868/8/2 2856/8/2 2869/8/2
f 2856/7/2 2857/7/2 2869/7/2
f 2869/7/2 2858/7/2 2870/7/2
f 2858/8/2 2859/8/2 2871/8/2
f 2870/7/2 2858/7/2 2871/7/2
f 2871/8/2 2859/8/2 2872/8/2
f 2860/7/2 2861/7/2 2874/7/2
f 2861/8/2 2862/8/2 2874/8/2
f 2863/7/2 2864/7/2 2875/7/2
f 2874/8/2 2862/8/2 2875/8/2
f 2862/7/2 2863/7/2 2875/7/2
f 2875/7/2 2864/7/2 2876/7/2
f 2864/8/2 2865/8/2 2877/8/2
f 2876/7/2 2864/7/2 2877/7/2
f 2877/8/2 2865/8/2 2878/8/2
f 2866/8/2 2867/8/2 2879/8/2
f 2867/7/2 2852/7/2 2880/7/2
f 2879/8/2 2867/8/2 2880/8/2
f 2880/7/2 2852/7/2 2881/7/2
f 2852/8/2 2853/8/2 2882/8/2
f 2881/7/2 2852/7/2 2882/7/2
f 2882/8/2 2853/8/2 2883/8/2
f 2869/8/2 2870/8/2 2885/8/2
f 2871/7/2 2872/7/2 2886/7/2
f 2885/8/2 2870/8/2 2886/8/2
f 2870/7/2 2871/7/2 2886/7/2
f 2886/7/2 2872/7/2 2887/7/2
f 2872/8/2 2873/8/2 2888/8/2
f 2887/7/2 2872/7/2 2888/7/2
f 2888/8/2 2873/8/2 2889/8/2
f 2828/8/2 2829/8/2 2891/8/2
f 2875/7/2 2876/7/2 2892/7/2
f 2891/8/2 2829/8/2 2892/8/2
f 2860/7/2 2874/7/2 2892/7/2
f 2829/7/2 2860/7/2 2892/7/2
f 2874/7/2 2875/7/2 2892/7/2
f 2892/7/2 2876/7/2 2893/7/2
f 2893/7/2 2876/7/2 2894/7/2
f 2876/8/2 2877/8/2 2895/8/2
f 2894/7/2 2876/7/2 2895/7/2
f 2895/8/2 2877/8/2 2896/8/2
f 2880/8/2 2881/8/2 2897/8/2
f 2881/7/2 2882/7/2 2898/7/2
f 2897/8/2 2881/8/2 2898/8/2
f 2882/7/2 2883/7/2 2898/7/2
f 2898/7/2 2883/7/2 2899/7/2
f 2886/8/2 2887/8/2 2900/8/2
f 2888/7/2 2889/7/2 2901/7/2
f 2900/8/2 2887/8/2 2901/8/2
f 2887/7/2 2888/7/2 2901/7/2
f 2901/7/2 2889/7/2 2902/7/2
f 2889/8/2 2890/8/2 2903/8/2
f 2902/7/2 2889/7/2 2903/7/2
f 2903/8/2 2890/8/2 2904/8/2
f 2898/8/2 2899/8/2 2906/8/2
f 2899/7/2 2883/7/2 2907/7/2
f 2906/8/2 2899/8/2 2907/8/2
f 2883/8/2 2884/8/2 2908/8/2
f 2907/7/2 2883/7/2 2908/7/2
f 2901/8/2 2902/8/2 2909/8/2
f 2903/7/2 2904/7/2 2910/7/2
f 2909/8/2 2902/8/2 2910/8/2
f 2902/7/2 2903/7/2 2910/7/2
f 2910/7/2 2904/7/2 2911/7/2
f 2911/7/2 2904/7/2 2912/7/2
f 2912/7/2 2904/7/2 2913/7/2
f 2894/8/2 2895/8/2 2914/8/2
f 2893/7/2 2894/7/2 2914/7/2
f 2914/8/2 2895/8/2 2915/8/2
f 2907/8/2 2908/8/2 2917/8/2
f 2908/8/2 2884/8/2 2918/8/2
f 2917/8/2 2908/8/2 2918/8/2
f 2910/8/2 2911/8/2 2919/8/2
f 2911/7/2 2912/7/2 2920/7/2
f 2919/8/2 2911/8/2 2920/8/2
f 2920/7/2 2912/7/2 2921/7/2
f 2921/7/2 2912/7/2 2922/7/2
f 2922/7/2 2912/7/2 2923/7/2
f 2913/7/2 2904/7/2 2924/7/2
f 2924/7/2 2904/7/2 2925/7/2
f 2904/8/2 2905/8/2 2926/8/2
f 2925/7/2 2904/7/2 2926/7/2
f 2926/8/2 2905/8/2 2927/8/2
f 2892/8/2 2893/8/2 2928/8/2
f 2893/7/2 2914/7/2 2929/7/2
f 2928/8/2 2893/8/2 2929/8/2
f 2914/7/2 2915/7/2 2929/7/2
f 2929/7/2 2915/7/2 2930/7/2
f 2915/8/2 2916/8/2 2931/8/2
f 2930/7/2 2915/7/2 2931/7/2
f 2931/8/2 2916/8/2 2932/8/2
f 2918/8/2 2884/8/2 2934/8/2
f 2934/8/2 2884/8/2 2935/8/2
f 2920/8/2 2921/8/2 2936/8/2
f 2921/7/2 2922/7/2 2937/7/2
f 2936/8/2 2921/8/2 2937/8/2
f 2937/7/2 2922/7/2 2938/7/2
f 2938/7/2 2922/7/2 2939/7/2
f 2922/8/2 2923/8/2 2940/8/2
f 2939/7/2 2922/7/2 2940/7/2
f 2924/7/2 2925/7/2 2941/7/2
f 2940/8/2 2923/8/2 2941/8/2
f 2923/7/2 2924/7/2 2941/7/2
f 2941/7/2 2925/7/2 2942/7/2
f 2925/8/2 2926/8/2 2943/8/2
f 2942/7/2 2925/7/2 2943/7/2
f 2943/8/2 2926/8/2 2944/8/2
f 2929/8/2 2930/8/2 2945/8/2
f 2930/7/2 2931/7/2 2946/7/2
f 2945/8/2 2930/8/2 2946/8/2
f 2931/7/2 2932/7/2 2946/7/2
f 2946/7/2 2932/7/2 2947/7/2
f 2932/8/2 2933/8/2 2948/8/2
f 2947/7/2 2932/7/2 2948/7/2
f 2948/8/2 2933/8/2 2949/8/2
f 2937/8/2 2938/8/2 2951/8/2
f 2938/7/2 2939/7/2 2952/7/2
f 2951/8/2 2938/8/2 2952/8/2
f 2952/7/2 2939/7/2 2953/7/2
f 2939/8/2 2940/8/2 2954/8/2
f 2953/7/2 2939/7/2 2954/7/2
f 2941/7/2 2942/7/2 2955/7/2
f 2954/8/2 2940/8/2 2955/8/2
f 2940/7/2 2941/7/2 2955/7/2
f 2955/7/2 2942/7/2 2956/7/2
f 2942/8/2 2943/8/2 2957/8/2
f 2956/7/2 2942/7/2 2957/7/2
f 2957/8/2 2943/8/2 2958/8/2
f 2946/8/2 2947/8/2 2959/8/2
f 2947/7/2 2948/7/2 2960/7/2
f 2959/8/2 2947/8/2 2960/8/2
f 2948/7/2 2949/7/2 2960/7/2
f 2949/8/2 2950/8/2 2961/8/2
f 2960/7/2 2949/7/2 2961/7/2
f 2961/8/2 2950/8/2 2962/8/2
f 2952/8/2 2953/8/2 2964/8/2
f 2953/7/2 2954/7/2 2965/7/2
f 2964/8/2 2953/8/2 2965/8/2
f 2955/7/2 2956/7/2 2965/7/2
f 2954/7/2 2955/7/2 2965/7/2
f 2965/7/2 2956/7/2 2966/7/2
f 2966/7/2 2956/7/2 2967/7/2
f 2956/8/2 2957/8/2 2968/8/2
f 2967/7/2 2956/7/2 2968/7/2
f 2968/8/2 2957/8/2 2969/8/2
f 2962/8/2 2963/8/2 2970/8/2
f 2961/8/2 2962/8/2 2970/8/2
f 2960/8/2 2961/8/2 2970/8/2
f 2970/8/2 2963/8/2 2971/8/2
f 2965/8/2 2966/8/2 2972/8/2
f 2966/7/2 2967/7/2 2973/7/2
f 2972/8/2 2966/8/2 2973/8/2
f 2967/8/2 2968/8/2 2974/8/2
f 2973/7/2 2967/7/2 2974/7/2
f 2974/8/2 2968/8/2 2975/8/2
f 2973/8/2 2974/8/2 2976/8/2
f 2976/8/2 2974/8/2 2977/8/2
f 2978/9/2 2979/9/2 2982/9/2
f 2982/9/2 2979/9/2 2983/9/2
f 2980/9/2 2981/9/2 2984/9/2
f 2984/9/2 2981/9/2 2985/9/2
f 2986/7/2 2987/7/2 2990/7/2
f 2990/7/2 2987/7/2 2991/7/2
f 2988/7/2 2989/7/2 2992/7/2
f 2992/7/2 2989/7/2 2993/7/2
f 2996/9/2 2997/9/2 3000/9/2
f 3000/9/2 2997/9/2 3001/9/2
f 2998/9/2 2999/9/2 3002/9/2
f 3002/9/2 2999/9/2 3003/9/2
f 3004/7/2 3005/7/2 3008/7/2
f 3008/7/2 3005/7/2 3009/7/2
f 3006/7/2 3007/7/2 3010/7/2
f 3010/7/2 3007/7/2 3011/7/2
f 2994/9/2 2995/9/2 3012/9/2
f 3012/9/2 2995/9/2 3013/9/2
f 3014/4/2 3015/4/2 3019/4/2
f 3019/4/2 3015/4/2 3020/4/2
f 3016/4/2 3017/4/2 3023/4/2
f 3023/4/2 3017/4/2 3024/4/2
f 3019/4/2 3020/4/2 3026/4/2
f 3026/4/2 3020/4/2 3027/4/2
f 3023/4/2 3024/4/2 3028/4/2
f 3028/4/2 3024/4/2 3029/4/2
f 3019/4/2 3026/4/2 3030/4/2
f 3027/4/2 3020/4/2 3031/4/2
f 3023/4/2 3028/4/2 3032/4/2
f 3029/4/2 3024/4/2 3033/4/2
f 3018/6/2 3019/6/2 3035/6/2
f 3019/4/2 3030/4/2 3036/4/2
f 3030/4/2 3031/4/2 3036/4/2
f 3035/6/2 3019/6/2 3036/6/2
f 3020/6/2 3021/6/2 3037/6/2
f 3036/4/2 3031/4/2 3037/4/2
f 3031/4/2 3020/4/2 3037/4/2
f 3037/6/2 3021/6/2 3038/6/2
f 3022/6/2 3023/6/2 3041/6/2
f 3032/4/2 3033/4/2 3042/4/2
f 3023/4/2 3032/4/2 3042/4/2
f 3041/6/2 3023/6/2 3042/6/2
f 3024/6/2 3025/6/2 3043/6/2
f 3042/4/2 3033/4/2 3043/4/2
f 3033/4/2 3024/4/2 3043/4/2
f 3043/6/2 3025/6/2 3044/6/2
f 3035/6/2 3036/6/2 3047/6/2
f 3034/6/2 3035/6/2 3047/6/2
f 3047/6/2 3036/6/2 3048/6/2
f 3048/6/2 3036/6/2 3049/6/2
f 3038/6/2 3039/6/2 3050/6/2
f 3037/6/2 3038/6/2 3050/6/2
f 3050/6/2 3039/6/2 3051/6/2
f 3040/6/2 3041/6/2 3052/6/2
f 3041/6/2 3042/6/2 3052/6/2
f 3052/6/2 3042/6/2 3053/6/2
f 3043/6/2 3044/6/2 3054/6/2
f 3044/6/2 3045/6/2 3054/6/2
f 3054/6/2 3045/6/2 3055/6/2
f 3055/6/2 3045/6/2 3056/6/2
f 3051/6/2 3039/6/2 3058/6/2
f 3040/6/2 3052/6/2 3061/6/2
f 3047/6/2 3048/6/2 3062/6/2
f 3046/6/2 3047/6/2 3062/6/2
f 3062/6/2 3048/6/2 3063/6/2
f 3056/6/2 3057/6/2 3064/6/2
f 3055/6/2 3056/6/2 3064/6/2
f 3064/6/2 3057/6/2 3065/6/2
f 3046/6/2 3062/6/2 3067/6/2
f 3065/6/2 3057/6/2 3068/6/2
f 3066/6/2 3067/6/2 3070/6/2
f 3067/6/2 3062/6/2 3070/6/2
f 3070/6/2 3062/6/2 3071/6/2
f 3058/6/2 3059/6/2 3072/6/2
f 3051/6/2 3058/6/2 3072/6/2
f 3072/6/2 3059/6/2 3073/6/2
f 3060/6/2 3061/6/2 3074/6/2
f 3061/6/2 3052/6/2 3074/6/2
f 3074/6/2 3052/6/2 3075/6/2
f 3068/6/2 3069/6/2 3076/6/2
f 3065/6/2 3068/6/2 3076/6/2
f 3076/6/2 3069/6/2 3077/6/2
f 3066/6/2 3070/6/2 3079/6/2
f 3079/6/2 3070/6/2 3080/6/2
f 3077/6/2 3069/6/2 3081/6/2
f 3081/6/2 3069/6/2 3082/6/2
f 3078/6/2 3079/6/2 3084/6/2
f 3082/6/2 3083/6/2 3087/6/2
f 3073/6/2 3059/6/2 3089/6/2
f 3060/6/2 3074/6/2 3090/6/2
f 3084/6/2 3085/6/2 3092/6/2
f 3086/6/2 3087/6/2 3095/6/2
f 3092/6/2 3093/6/2 3096/6/2
f 3088/6/2 3089/6/2 3099/6/2
f 3090/6/2 3091/6/2 3100/6/2
f 3094/6/2 3095/6/2 3103/6/2
f 3096/6/2 3097/6/2 3104/6/2
f 3098/6/2 3099/6/2 3105/6/2
f 3100/6/2 3101/6/2 3106/6/2
f 3102/6/2 3103/6/2 3107/6/2
f 3104/4/2 3105/4/2 3108/4/2
f 3108/4/2 3105/4/2 3109/4/2
f 3106/4/2 3107/4/2 3110/4/2
f 3110/4/2 3107/4/2 3111/4/2
f 3104/4/2 3108/4/2 3112/4/2
f 3109/4/2 3105/4/2 3113/4/2
f 3106/4/2 3110/4/2 3114/4/2
f 3111/4/2 3107/4/2 3115/4/2
f 3096/6/2 3104/6/2 3116/6/2
f 3104/4/2 3112/4/2 3116/4/2
f 3112/4/2 3113/4/2 3116/4/2
f 3105/6/2 3099/6/2 3117/6/2
f 3116/4/2 3113/4/2 3117/4/2
f 3113/4/2 3105/4/2 3117/4/2
f 3114/4/2 3115/4/2 3118/4/2
f 3100/6/2 3106/6/2 3118/6/2
f 3106/4/2 3114/4/2 3118/4/2
f 3115/4/2 3107/4/2 3119/4/2
f 3118/4/2 3115/4/2 3119/4/2
f 3107/6/2 3103/6/2 3119/6/2
f 3092/6/2 3096/6/2 3120/6/2
f 3096/6/2 3116/6/2 3120/6/2
f 3120/6/2 3116/6/2 3121/6/2
f 3117/6/2 3099/6/2 3122/6/2
f 3099/6/2 3089/6/2 3123/6/2
f 3122/6/2 3099/6/2 3123/6/2
f 3100/6/2 3118/6/2 3124/6/2
f 3090/6/2 3100/6/2 3124/6/2
f 3124/6/2 3118/6/2 3125/6/2
f 3119/6/2 3103/6/2 3126/6/2
f 3103/6/2 3095/6/2 3127/6/2
f 3126/6/2 3103/6/2 3127/6/2
f 3084/6/2 3092/6/2 3128/6/2
f 3092/6/2 3120/6/2 3128/6/2
f 3128/6/2 3120/6/2 3129/6/2
f 3127/6/2 3095/6/2 3130/6/2
f 3095/6/2 3087/6/2 3131/6/2
f 3130/6/2 3095/6/2 3131/6/2
f 3123/6/2 3089/6/2 3132/6/2
f 3089/6/2 3059/6/2 3133/6/2
f 3132/6/2 3089/6/2 3133/6/2
f 3090/6/2 3124/6/2 3134/6/2
f 3060/6/2 3090/6/2 3134/6/2
f 3134/6/2 3124/6/2 3135/6/2
f 3084/6/2 3128/6/2 3136/6/2
f 3078/6/2 3084/6/2 3136/6/2
f 3136/6/2 3128/6/2 3137/6/2
f 3131/6/2 3087/6/2 3138/6/2
f 3087/6/2 3083/6/2 3139/6/2
f 3138/6/2 3087/6/2 3139/6/2
f 3078/6/2 3136/6/2 3140/6/2
f 3140/6/2 3136/6/2 3141/6/2
f 3133/6/2 3059/6/2 3142/6/2
f 3142/6/2 3059/6/2 3143/6/2
f 3060/6/2 3134/6/2 3144/6/2
f 3144/6/2 3134/6/2 3145/6/2
f 3139/6/2 3083/6/2 3146/6/2
f 3146/6/2 3083/6/2 3147/6/2
f 3148/4/2 3149/4/2 3150/4/2
f 3150/4/2 3149/4/2 3151/4/2
f 3148/4/2 3150/4/2 3152/4/2
f 3152/4/2 3150/4/2 3153/4/2
f 3154/9/2 3155/9/2 3156/9/2
f 3156/9/2 3155/9/2 3157/9/2
f 3158/8/2 3159/8/2 3160/8/2
f 3160/8/2 3159/8/2 3161/8/2
f 3162/4/2 3163/4/2 3171/4/2
f 3163/6/2 3164/6/2 3172/6/2
f 3171/4/2 3163/4/2 3172/4/2
f 3166/4/2 3167/4/2 3173/4/2
f 3165/6/2 3166/6/2 3173/6/2
f 3173/4/2 3167/4/2 3174/4/2
f 3169/6/2 3170/6/2 3179/6/2
f 3179/6/2 3170/6/2 3180/6/2
f 3172/6/2 3164/6/2 3181/6/2
f 3181/6/2 3164/6/2 3182/6/2
f 3165/6/2 3173/6/2 3183/6/2
f 3183/6/2 3173/6/2 3184/6/2
f 3175/3/2 3176/3/2 3185/3/2
f 3185/3/2 3176/3/2 3186/3/2
f 3169/6/2 3179/6/2 3187/6/2
f 3187/6/2 3179/6/2 3188/6/2
f 3182/6/2 3164/6/2 3189/6/2
f 3189/6/2 3164/6/2 3190/6/2
f 3165/6/2 3183/6/2 3191/6/2
f 3191/6/2 3183/6/2 3192/6/2
f 3186/3/2 3176/3/2 3193/3/2
f 3193/3/2 3176/3/2 3194/3/2
f 3194/3/2 3176/3/2 3195/3/2
f 3176/6/2 3177/6/2 3196/6/2
f 3195/3/2 3176/3/2 3196/3/2
f 3169/6/2 3187/6/2 3197/6/2
f 3197/6/2 3187/6/2 3198/6/2
f 3195/6/2 3196/6/2 3199/6/2
f 3199/6/2 3196/6/2 3200/6/2
f 3190/6/2 3164/6/2 3201/6/2
f 3201/6/2 3164/6/2 3202/6/2
f 3165/6/2 3191/6/2 3203/6/2
f 3203/6/2 3191/6/2 3204/6/2
f 3169/6/2 3197/6/2 3205/6/2
f 3205/6/2 3197/6/2 3206/6/2
f 3200/6/2 3196/6/2 3207/6/2
f 3196/6/2 3177/6/2 3208/6/2
f 3207/6/2 3196/6/2 3208/6/2
f 3168/4/2 3169/4/2 3209/4/2
f 3169/6/2 3205/6/2 3209/6/2
f 3209/6/2 3205/6/2 3210/6/2
f 3208/6/2 3177/6/2 3211/6/2
f 3177/4/2 3178/4/2 3212/4/2
f 3211/6/2 3177/6/2 3212/6/2
f 3168/4/2 3209/4/2 3213/4/2
f 3213/4/2 3209/4/2 3214/4/2
f 3212/4/2 3178/4/2 3215/4/2
f 3215/4/2 3178/4/2 3216/4/2
f 3217/4/2 3218/4/2 3221/4/2
f 3221/4/2 3218/4/2 3222/4/2
f 3219/4/2 3220/4/2 3223/4/2
f 3223/4/2 3220/4/2 3224/4/2
f 3225/4/2 3226/4/2 3229/4/2
f 3229/4/2 3226/4/2 3230/4/2
f 3227/4/2 3228/4/2 3231/4/2
f 3231/4/2 3228/4/2 3232/4/2
f 3233/4/2 3234/4/2 3237/4/2
f 3237/4/2 3234/4/2 3238/4/2
f 3235/4/2 3236/4/2 3239/4/2
f 3239/4/2 3236/4/2 3240/4/2
f 3241/6/2 3242/6/2 3246/6/2
f 3246/6/2 3242/6/2 3247/6/2
f 3243/6/2 3244/6/2 3248/6/2
f 3248/6/2 3244/6/2 3249/6/2
f 3245/6/2 3246/6/2 3251/6/2
f 3251/6/2 3246/6/2 3252/6/2
f 3249/6/2 3250/6/2 3253/6/2
f 3253/6/2 3250/6/2 3254/6/2
f 3255/6/2 3256/6/2 3259/6/2
f 3259/6/2 3256/6/2 3260/6/2
f 3257/6/2 3258/6/2 3261/6/2
f 3261/6/2 3258/6/2 3262/6/2
f 3263/6/2 3264/6/2 3267/6/2
f 3267/6/2 3264/6/2 3268/6/2
f 3265/6/2 3266/6/2 3269/6/2
f 3269/6/2 3266/6/2 3270/6/2
f 3271/6/2 3272/6/2 3275/6/2
f 3275/6/2 3272/6/2 3276/6/2
f 3273/6/2 3274/6/2 3277/6/2
f 3277/6/2 3274/6/2 3278/6/2
f 3279/6/2 3280/6/2 3283/6/2
f 3283/6/2 3280/6/2 3284/6/2
f 3281/6/2 3282/6/2 3285/6/2
f 3285/6/2 3282/6/2 3286/6/2
f 3287/6/2 3288/6/2 3291/6/2
f 3291/6/2 3288/6/2 3292/6/2
f 3289/6/2 3290/6/2 3293/6/2
f 3293/6/2 3290/6/2 3294/6/2
f 3295/6/2 3296/6/2 3299/6/2
f 3299/6/2 3296/6/2 3300/6/2
f 3297/6/2 3298/6/2 3301/6/2
f 3301/6/2 3298/6/2 3302/6/2
f 3303/6/2 3304/6/2 3307/6/2
f 3307/6/2 3304/6/2 3308/6/2
f 3305/6/2 3306/6/2 3309/6/2
f 3309/6/2 3306/6/2 3310/6/2
f 3311/6/2 3312/6/2 3315/6/2
f 3315/6/2 3312/6/2 3316/6/2
f 3313/6/2 3314/6/2 3317/6/2
f 3317/6/2 3314/6/2 3318/6/2
f 3319/6/2 3320/6/2 3323/6/2
f 3323/6/2 3320/6/2 3324/6/2
f 3321/6/2 3322/6/2 3325/6/2
f 3325/6/2 3322/6/2 3326/6/2
f 3327/6/2 3328/6/2 3331/6/2
f 3331/6/2 3328/6/2 3332/6/2
f 3329/6/2 3330/6/2 3333/6/2
f 3333/6/2 3330/6/2 3334/6/2
f 3335/6/2 3336/6/2 3339/6/2
f 3339/6/2 3336/6/2 3340/6/2
f 3337/6/2 3338/6/2 3341/6/2
f 3341/6/2 3338/6/2 3342/6/2
f 3343/6/2 3344/6/2 3347/6/2
f 3347/6/2 3344/6/2 3348/6/2
f 3345/6/2 3346/6/2 3349/6/2
f 3349/6/2 3346/6/2 3350/6/2
f 3351/6/2 3352/6/2 3355/6/2
f 3355/6/2 3352/6/2 3356/6/2
f 3353/6/2 3354/6/2 3357/6/2
f 3357/6/2 3354/6/2 3358/6/2
f 3359/6/2 3360/6/2 3363/6/2
f 3363/6/2 3360/6/2 3364/6/2
f 3361/6/2 3362/6/2 3365/6/2
f 3365/6/2 3362/6/2 3366/6/2
f 3367/6/2 3368/6/2 3371/6/2
f 3371/6/2 3368/6/2 3372/6/2
f 3369/6/2 3370/6/2 3373/6/2
f 3373/6/2 3370/6/2 3374/6/2
f 3375/6/2 3376/6/2 3379/6/2
f 3379/6/2 3376/6/2 3380/6/2
f 3377/6/2 3378/6/2 3381/6/2
f 3381/6/2 3378/6/2 3382/6/2
f 3383/6/2 3384/6/2 3387/6/2
f 3387/6/2 3384/6/2 3388/6/2
f 3385/6/2 3386/6/2 3389/6/2
f 3389/6/2 3386/6/2 3390/6/2
f 3391/4/2 3392/4/2 3395/4/2
f 3395/4/2 3392/4/2 3396/4/2
f 3393/4/2 3394/4/2 3397/4/2
f 3397/4/2 3394/4/2 3398/4/2
f 3399/4/2 3400/4/2 3403/4/2
f 3403/4/2 3400/4/2 3404/4/2
f 3401/4/2 3402/4/2 3405/4/2
f 3405/4/2 3402/4/2 3406/4/2
f 3407/7/2 3408/7/2 3411/7/2
f 3411/7/2 3408/7/2 3412/7/2
f 3409/7/2 3410/7/2 3413/7/2
f 3413/7/2 3410/7/2 3414/7/2
f 3415/7/2 3416/7/2 3419/7/2
f 3419/7/2 3416/7/2 3420/7/2
f 3417/7/2 3418/7/2 3421/7/2
f 3421/7/2 3418/7/2 3422/7/2
f 3423/7/2 3424/7/2 3427/7/2
f 3427/7/2 3424/7/2 3428/7/2
f 3425/7/2 3426/7/2 3429/7/2
f 3429/7/2 3426/7/2 3430/7/2
f 3431/4/2 3432/4/2 3435/4/2
f 3435/4/2 3432/4/2 3436/4/2
f 3433/4/2 3434/4/2 3437/4/2
f 3437/4/2 3434/4/2 3438/4/2
f 3439/8/2 3440/8/2 3443/8/2
f 3443/8/2 3440/8/2 3444/8/2
f 3441/8/2 3442/8/2 3445/8/2
f 3445/8/2 3442/8/2 3446/8/2
f 3447/8/2 3448/8/2 3451/8/2
f 3451/8/2 3448/8/2 3452/8/2
f 3449/8/2 3450/8/2 3453/8/2
f 3453/8/2 3450/8/2 3454/8/2
f 3455/8/2 3456/8/2 3459/8/2
f 3459/8/2 3456/8/2 3460/8/2
f 3457/8/2 3458/8/2 3461/8/2
f 3461/8/2 3458/8/2 3462/8/2
f 3463/8/2 3464/8/2 3467/8/2
f 3467/8/2 3464/8/2 3468/8/2
f 3465/8/2 3466/8/2 3469/8/2
f 3469/8/2 3466/8/2 3470/8/2
f 3471/8/2 3472/8/2 3475/8/2
f 3475/8/2 3472/8/2 3476/8/2
f 3473/8/2 3474/8/2 3477/8/2
f 3477/8/2 3474/8/2 3478/8/2
f 3479/8/2 3480/8/2 3483/8/2
f 3483/8/2 3480/8/2 3484/8/2
f 3481/8/2 3482/8/2 3485/8/2
f 3485/8/2 3482/8/2 3486/8/2
f 3487/8/2 3488/8/2 3491/8/2
f 3491/8/2 3488/8/2 3492/8/2
f 3489/8/2 3490/8/2 3493/8/2
f 3493/8/2 3490/8/2 3494/8/2
f 3495/8/2 3496/8/2 3499/8/2
f 3499/8/2 3496/8/2 3500/8/2
f 3497/8/2 3498/8/2 3501/8/2
f 3501/8/2 3498/8/2 3502/8/2
f 3503/8/2 3504/8/2 3507/8/2
f 3507/8/2 3504/8/2 3508/8/2
f 3505/8/2 3506/8/2 3509/8/2
f 3509/8/2 3506/8/2 3510/8/2
f 3511/8/2 3512/8/2 3515/8/2
f 3515/8/2 3512/8/2 3516/8/2
f 3513/8/2 3514/8/2 3517/8/2
f 3517/8/2 3514/8/2 3518/8/2
f 3519/8/2 3520/8/2 3523/8/2
f 3523/8/2 3520/8/2 3524/8/2
f 3521/8/2 3522/8/2 3525/8/2
f 3525/8/2 3522/8/2 3526/8/2
f 3527/8/2 3528/8/2 3531/8/2
f 3531/8/2 3528/8/2 3532/8/2
f 3529/8/2 3530/8/2 3533/8/2
f 3533/8/2 3530/8/2 3534/8/2
f 3535/8/2 3536/8/2 3539/8/2
f 3539/8/2 3536/8/2 3540/8/2
f 3537/8/2 3538/8/2 3541/8/2
f 3541/8/2 3538/8/2 3542/8/2
f 3543/8/2 3544/8/2 3547/8/2
f 3547/8/2 3544/8/2 3548/8/2
f 3545/8/2 3546/8/2 3549/8/2
f 3549/8/2 3546/8/2 3550/8/2
f 3551/7/2 3552/7/2 3555/7/2
f 3555/7/2 3552/7/2 3556/7/2
f 3553/7/2 3554/7/2 3557/7/2
f 3557/7/2 3554/7/2 3558/7/2
f 3559/8/2 3560/8/2 3563/8/2
f 3563/8/2 3560/8/2 3564/8/2
f 3561/8/2 3562/8/2 3565/8/2
f 3565/8/2 3562/8/2 3566/8/2
f 3567/7/2 3568/7/2 3571/7/2
f 3571/7/2 3568/7/2 3572/7/2
f 3569/7/2 3570/7/2 3573/7/2
f 3573/7/2 3570/7/2 3574/7/2
f 3575/8/2 3576/8/2 3579/8/2
f 3579/8/2 3576/8/2 3580/8/2
f 3577/8/2 3578/8/2 3581/8/2
f 3581/8/2 3578/8/2 3582/8/2
f 3583/8/2 3584/8/2 3587/8/2
f 3587/8/2 3584/8/2 3588/8/2
f 3585/8/2 3586/8/2 3589/8/2
f 3589/8/2 3586/8/2 3590/8/2
f 3591/8/2 3592/8/2 3595/8/2
f 3595/8/2 3592/8/2 3596/8/2
f 3593/8/2 3594/8/2 3597/8/2
f 3597/8/2 3594/8/2 3598/8/2
f 3599/8/2 3600/8/2 3603/8/2
f 3603/8/2 3600/8/2 3604/8/2
f 3601/8/2 3602/8/2 3605/8/2
f 3605/8/2 3602/8/2 3606/8/2
f 3607/8/2 3608/8/2 3611/8/2
f 3611/8/2 3608/8/2 3612/8/2
f 3609/8/2 3610/8/2 3613/8/2
f 3613/8/2 3610/8/2 3614/8/2
f 3615/8/2 3616/8/2 3619/8/2
f 3619/8/2 3616/8/2 3620/8/2
f 3617/8/2 3618/8/2 3621/8/2
f 3621/8/2 3618/8/2 3622/8/2
f 3623/8/2 3624/8/2 3627/8/2
f 3627/8/2 3624/8/2 3628/8/2
f 3625/8/2 3626/8/2 3629/8/2
f 3629/8/2 3626/8/2 3630/8/2
f 3631/8/2 3632/8/2 3635/8/2
f 3635/8/2 3632/8/2 3636/8/2
f 3633/8/2 3634/8/2 3637/8/2
f 3637/8/2 3634/8/2 3638/8/2
f 3639/8/2 3640/8/2 3643/8/2
f 3643/8/2 3640/8/2 3644/8/2
f 3641/8/2 3642/8/2 3645/8/2
f 3645/8/2 3642/8/2 3646/8/2
f 3647/8/2 3648/8/2 3651/8/2
f 3651/8/2 3648/8/2 3652/8/2
f 3649/8/2 3650/8/2 3653/8/2
f 3653/8/2 3650/8/2 3654/8/2
f 3655/8/2 3656/8/2 3659/8/2
f 3659/8/2 3656/8/2 3660/8/2
f 3657/8/2 3658/8/2 3661/8/2
f 3661/8/2 3658/8/2 3662/8/2
f 3663/8/2 3664/8/2 3667/8/2
f 3667/8/2 3664/8/2 3668/8/2
f 3665/8/2 3666/8/2 3669/8/2
f 3669/8/2 3666/8/2 3670/8/2
f 3671/8/2 3672/8/2 3675/8/2
f 3675/8/2 3672/8/2 3676/8/2
f 3673/8/2 3674/8/2 3677/8/2
f 3677/8/2 3674/8/2 3678/8/2
f 3679/8/2 3680/8/2 3683/8/2
f 3683/8/2 3680/8/2 3684/8/2
f 3681/8/2 3682/8/2 3685/8/2
f 3685/8/2 3682/8/2 3686/8/2
f 3687/8/2 3688/8/2 3691/8/2
f 3691/8/2 3688/8/2 3692/8/2
f 3689/8/2 3690/8/2 3693/8/2
f 3693/8/2 3690/8/2 3694/8/2
f 3695/8/2 3696/8/2 3699/8/2
f 3699/8/2 3696/8/2 3700/8/2
f 3697/8/2 3698/8/2 3701/8/2
f 3701/8/2 3698/8/2 3702/8/2
f 3703/8/2 3704/8/2 3707/8/2
f 3707/8/2 3704/8/2 3708/8/2
f 3705/8/2 3706/8/2 3709/8/2
f 3709/8/2 3706/8/2 3710/8/2
f 3711/5/2 3712/5/2 3715/5/2
f 3715/5/2 3712/5/2 3716/5/2
f 3715/1/2 3716/1/2 3719/1/2
f 3719/1/2 3716/1/2 3720/1/2
f 3713/6/2 3714/6/2 3722/6/2
f 3717/6/2 3718/6/2 3723/6/2
f 3721/6/2 3722/6/2 3725/6/2
f 3722/6/2 3714/6/2 3726/6/2
f 3725/6/2 3722/6/2 3726/6/2
f 3723/6/2 3724/6/2 3727/6/2
f 3717/6/2 3723/6/2 3727/6/2
f 3727/6/2 3724/6/2 3728/6/2
f 3721/6/2 3725/6/2 3729/6/2
f 3729/6/2 3725/6/2 3730/6/2
f 3728/6/2 3724/6/2 3731/6/2
f 3731/6/2 3724/6/2 3732/6/2
f 3733/6/2 3734/6/2 3737/6/2
f 3737/6/2 3734/6/2 3738/6/2
f 3735/6/2 3736/6/2 3739/6/2
f 3739/6/2 3736/6/2 3740/6/2
f 3741/6/2 3742/6/2 3745/6/2
f 3745/6/2 3742/6/2 3746/6/2
f 3743/6/2 3744/6/2 3747/6/2
f 3747/6/2 3744/6/2 3748/6/2
f 3749/6/2 3750/6/2 3753/6/2
f 3753/6/2 3750/6/2 3754/6/2
f 3751/6/2 3752/6/2 3755/6/2
f 3755/6/2 3752/6/2 3756/6/2
f 3757/6/2 3758/6/2 3761/6/2
f 3761/6/2 3758/6/2 3762/6/2
f 3759/6/2 3760/6/2 3763/6/2
f 3763/6/2 3760/6/2 3764/6/2
f 3765/6/2 3766/6/2 3769/6/2
f 3769/6/2 3766/6/2 3770/6/2
f 3767/6/2 3768/6/2 3771/6/2
f 3771/6/2 3768/6/2 3772/6/2
f 3773/6/2 3774/6/2 3777/6/2
f 3777/6/2 3774/6/2 3778/6/2
f 3775/6/2 3776/6/2 3779/6/2
f 3779/6/2 3776/6/2 3780/6/2
f 3781/6/2 3782/6/2 3785/6/2
f 3785/6/2 3782/6/2 3786/6/2
f 3783/6/2 3784/6/2 3787/6/2
f 3787/6/2 3784/6/2 3788/6/2
f 3789/1/2 3790/1/2 3793/1/2
f 3793/1/2 3790/1/2 3794/1/2
f 3791/1/2 3792/1/2 3797/1/2
f 3797/1/2 3792/1/2 3798/1/2
f 3794/1/2 3795/1/2 3799/1/2
f 3799/1/2 3795/1/2 3800/1/2
f 3796/1/2 3797/1/2 3801/1/2
f 3801/1/2 3797/1/2 3802/1/2
f 3803/6/2 3804/6/2 3807/6/2
f 3807/6/2 3804/6/2 3808/6/2
f 3805/6/2 3806/6/2 3809/6/2
f 3809/6/2 3806/6/2 3810/6/2
f 3811/6/2 3812/6/2 3815/6/2
f 3815/6/2 3812/6/2 3816/6/2
f 3813/6/2 3814/6/2 3817/6/2
f 3817/6/2 3814/6/2 3818/6/2
f 3819/6/2 3820/6/2 3823/6/2
f 3823/6/2 3820/6/2 3824/6/2
f 3821/6/2 3822/6/2 3825/6/2
f 3825/6/2 3822/6/2 3826/6/2
f 3827/6/2 3828/6/2 3831/6/2
f 3831/6/2 3828/6/2 3832/6/2
f 3829/6/2 3830/6/2 3833/6/2
f 3833/6/2 3830/6/2 3834/6/2
f 3835/1/2 3836/1/2 3839/1/2
f 3839/1/2 3836/1/2 3840/1/2
f 3837/1/2 3838/1/2 3843/1/2
f 3843/1/2 3838/1/2 3844/1/2
f 3840/1/2 3841/1/2 3845/1/2
f 3845/1/2 3841/1/2 3846/1/2
f 3842/1/2 3843/1/2 3847/1/2
f 3847/1/2 3843/1/2 3848/1/2
f 3849/4/2 3850/4/2 3853/4/2
f 3853/4/2 3850/4/2 3854/4/2
f 3851/4/2 3852/4/2 3855/4/2
f 3855/4/2 3852/4/2 3856/4/2
f 3857/4/2 3858/4/2 3861/4/2
f 3861/4/2 3858/4/2 3862/4/2
f 3859/4/2 3860/4/2 3863/4/2
f 3863/4/2 3860/4/2 3864/4/2
f 3865/1/2 3866/1/2 3869/1/2
f 3869/1/2 3866/1/2 3870/1/2
f 3867/1/2 3868/1/2 3873/1/2
f 3873/1/2 3868/1/2 3874/1/2
f 3870/1/2 3871/1/2 3875/1/2
f 3875/1/2 3871/1/2 3876/1/2
f 3872/1/2 3873/1/2 3877/1/2
f 3877/1/2 3873/1/2 3878/1/2
f 3879/1/2 3880/1/2 3883/1/2
f 3883/1/2 3880/1/2 3884/1/2
f 3881/1/2 3882/1/2 3887/1/2
f 3887/1/2 3882/1/2 3888/1/2
f 3884/1/2 3885/1/2 3889/1/2
f 3889/1/2 3885/1/2 3890/1/2
f 3886/1/2 3887/1/2 3891/1/2
f 3891/1/2 3887/1/2 3892/1/2
f 3893/8/2 3894/8/2 3897/8/2
f 3897/8/2 3894/8/2 3898/8/2
f 3895/8/2 3896/8/2 3899/8/2
f 3899/8/2 3896/8/2 3900/8/2
f 3901/8/2 3902/8/2 3905/8/2
f 3905/8/2 3902/8/2 3906/8/2
f 3903/8/2 3904/8/2 3907/8/2
f 3907/8/2 3904/8/2 3908/8/2
f 3909/1/2 3910/1/2 3913/1/2
f 3913/1/2 3910/1/2 3914/1/2
f 3911/1/2 3912/1/2 3917/1/2
f 3917/1/2 3912/1/2 3918/1/2
f 3914/1/2 3915/1/2 3919/1/2
f 3919/1/2 3915/1/2 3920/1/2
f 3916/1/2 3917/1/2 3921/1/2
f 3921/1/2 3917/1/2 3922/1/2
f 3923/8/2 3924/8/2 3927/8/2
f 3927/8/2 3924/8/2 3928/8/2
f 3925/8/2 3926/8/2 3929/8/2
f 3929/8/2 3926/8/2 3930/8/2
f 3931/8/2 3932/8/2 3935/8/2
f 3935/8/2 3932/8/2 3936/8/2
f 3933/8/2 3934/8/2 3937/8/2
f 3937/8/2 3934/8/2 3938/8/2
f 3939/1/2 3940/1/2 3945/1/2
f 3940/1/2 3941/1/2 3945/1/2
f 3945/1/2 3941/1/2 3946/1/2
f 3943/1/2 3944/1/2 3947/1/2
f 3942/1/2 3943/1/2 3947/1/2
f 3947/1/2 3944/1/2 3948/1/2
f 3946/1/2 3947/1/2 3949/1/2
f 3949/1/2 3947/1/2 3950/1/2
f 3951/8/2 3952/8/2 3955/8/2
f 3955/8/2 3952/8/2 3956/8/2
f 3953/8/2 3954/8/2 3957/8/2
f 3957/8/2 3954/8/2 3958/8/2
f 3959/1/2 3960/1/2 3963/1/2
f 3961/1/2 3962/1/2 3963/1/2
f 3960/1/2 3961/1/2 3963/1/2
f 3963/1/2 3962/1/2 3964/1/2
f 3965/8/2 3966/8/2 3969/8/2
f 3969/8/2 3966/8/2 3970/8/2
f 3967/8/2 3968/8/2 3971/8/2
f 3971/8/2 3968/8/2 3972/8/2
f 3973/7/2 3974/7/2 3977/7/2
f 3977/7/2 3974/7/2 3978/7/2
f 3975/7/2 3976/7/2 3979/7/2
f 3979/7/2 3976/7/2 3980/7/2
f 3981/8/2 3982/8/2 3985/8/2
f 3985/8/2 3982/8/2 3986/8/2
f 3983/8/2 3984/8/2 3987/8/2
f 3987/8/2 3984/8/2 3988/8/2
f 3989/8/2 3990/8/2 3993/8/2
f 3993/8/2 3990/8/2 3994/8/2
f 3991/8/2 3992/8/2 3995/8/2
f 3995/8/2 3992/8/2 3996/8/2
f 3997/8/2 3998/8/2 4001/8/2
f 4001/8/2 3998/8/2 4002/8/2
f 3999/8/2 4000/8/2 4003/8/2
f 4003/8/2 4000/8/2 4004/8/2
f 4005/8/2 4006/8/2 4009/8/2
f 4009/8/2 4006/8/2 4010/8/2
f 4007/8/2 4008/8/2 4011/8/2
f 4011/8/2 4008/8/2 4012/8/2
f 4013/8/2 4014/8/2 4017/8/2
f 4017/8/2 4014/8/2 4018/8/2
f 4015/8/2 4016/8/2 4019/8/2
f 4019/8/2 4016/8/2 4020/8/2
f 4021/8/2 4022/8/2 4025/8/2
f 4025/8/2 4022/8/2 4026/8/2
f 4023/8/2 4024/8/2 4027/8/2
f 4027/8/2 4024/8/2 4028/8/2
f 4029/8/2 4030/8/2 4033/8/2
f 4033/8/2 4030/8/2 4034/8/2
f 4031/8/2 4032/8/2 4035/8/2
f 4035/8/2 4032/8/2 4036/8/2
f 4037/8/2 4038/8/2 4041/8/2
f 4041/8/2 4038/8/2 4042/8/2
f 4039/8/2 4040/8/2 4043/8/2
f 4043/8/2 4040/8/2 4044/8/2
f 4045/8/2 4046/8/2 4049/8/2
f 4049/8/2 4046/8/2 4050/8/2
f 4047/8/2 4048/8/2 4051/8/2
f 4051/8/2 4048/8/2 4052/8/2
f 4053/8/2 4054/8/2 4057/8/2
f 4057/8/2 4054/8/2 4058/8/2
f 4055/8/2 4056/8/2 4059/8/2
f 4059/8/2 4056/8/2 4060/8/2
f 4061/8/2 4062/8/2 4065/8/2
f 4065/8/2 4062/8/2 4066/8/2
f 4063/8/2 4064/8/2 4067/8/2
f 4067/8/2 4064/8/2 4068/8/2
f 4069/8/2 4070/8/2 4073/8/2
f 4073/8/2 4070/8/2 4074/8/2
f 4071/8/2 4072/8/2 4075/8/2
f 4075/8/2 4072/8/2 4076/8/2
f 4077/8/2 4078/8/2 4081/8/2
f 4081/8/2 4078/8/2 4082/8/2
f 4079/8/2 4080/8/2 4083/8/2
f 4083/8/2 4080/8/2 4084/8/2
f 4085/8/2 4086/8/2 4089/8/2
f 4089/8/2 4086/8/2 4090/8/2
f 4087/8/2 4088/8/2 4091/8/2
f 4091/8/2 4088/8/2 4092/8/2
f 4093/8/2 4094/8/2 4097/8/2
f 4097/8/2 4094/8/2 4098/8/2
f 4095/8/2 4096/8/2 4099/8/2
f 4099/8/2 4096/8/2 4100/8/2
f 4101/8/2 4102/8/2 4105/8/2
f 4105/8/2 4102/8/2 4106/8/2
f 4103/8/2 4104/8/2 4107/8/2
f 4107/8/2 4104/8/2 4108/8/2
f 4109/8/2 4110/8/2 4113/8/2
f 4113/8/2 4110/8/2 4114/8/2
f 4111/8/2 4112/8/2 4115/8/2
f 4115/8/2 4112/8/2 4116/8/2
f 4117/7/2 4118/7/2 4121/7/2
f 4121/7/2 4118/7/2 4122/7/2
f 4119/7/2 4120/7/2 4123/7/2
f 4123/7/2 4120/7/2 4124/7/2
f 4125/8/2 4126/8/2 4129/8/2
f 4129/8/2 4126/8/2 4130/8/2
f 4127/8/2 4128/8/2 4131/8/2
f 4131/8/2 4128/8/2 4132/8/2
f 4133/7/2 4134/7/2 4137/7/2
f 4137/7/2 4134/7/2 4138/7/2
f 4135/7/2 4136/7/2 4139/7/2
f 4139/7/2 4136/7/2 4140/7/2
f 4141/8/2 4142/8/2 4145/8/2
f 4145/8/2 4142/8/2 4146/8/2
f 4143/8/2 4144/8/2 4147/8/2
f 4147/8/2 4144/8/2 4148/8/2
f 4149/8/2 4150/8/2 4153/8/2
f 4153/8/2 4150/8/2 4154/8/2
f 4151/8/2 4152/8/2 4155/8/2
f 4155/8/2 4152/8/2 4156/8/2
f 4157/8/2 4158/8/2 4161/8/2
f 4161/8/2 4158/8/2 4162/8/2
f 4159/8/2 4160/8/2 4163/8/2
f 4163/8/2 4160/8/2 4164/8/2
f 4165/8/2 4166/8/2 4169/8/2
f 4169/8/2 4166/8/2 4170/8/2
f 4167/8/2 4168/8/2 4171/8/2
f 4171/8/2 4168/8/2 4172/8/2
f 4173/8/2 4174/8/2 4177/8/2
f 4177/8/2 4174/8/2 4178/8/2
f 4175/8/2 4176/8/2 4179/8/2
f 4179/8/2 4176/8/2 4180/8/2
f 4181/8/2 4182/8/2 4185/8/2
f 4185/8/2 4182/8/2 4186/8/2
f 4183/8/2 4184/8/2 4187/8/2
f 4187/8/2 4184/8/2 4188/8/2
f 4189/8/2 4190/8/2 4193/8/2
f 4193/8/2 4190/8/2 4194/8/2
f 4191/8/2 4192/8/2 4195/8/2
f 4195/8/2 4192/8/2 4196/8/2
f 4197/8/2 4198/8/2 4201/8/2
f 4201/8/2 4198/8/2 4202/8/2
f 4199/8/2 4200/8/2 4203/8/2
f 4203/8/2 4200/8/2 4204/8/2
f 4205/8/2 4206/8/2 4209/8/2
f 4209/8/2 4206/8/2 4210/8/2
f 4207/8/2 4208/8/2 4211/8/2
f 4211/8/2 4208/8/2 4212/8/2
f 4213/8/2 4214/8/2 4217/8/2
f 4217/8/2 4214/8/2 4218/8/2
f 4215/8/2 4216/8/2 4219/8/2
f 4219/8/2 4216/8/2 4220/8/2
f 4221/8/2 4222/8/2 4225/8/2
f 4225/8/2 4222/8/2 4226/8/2
f 4223/8/2 4224/8/2 4227/8/2
f 4227/8/2 4224/8/2 4228/8/2
f 4229/8/2 4230/8/2 4233/8/2
f 4233/8/2 4230/8/2 4234/8/2
f 4231/8/2 4232/8/2 4235/8/2
f 4235/8/2 4232/8/2 4236/8/2
f 4233/4/2 4234/4/2 4237/4/2
f 4237/4/2 4234/4/2 4238/4/2
f 4235/4/2 4236/4/2 4239/4/2
f 4239/4/2 4236/4/2 4240/4/2
f 4241/4/2 4242/4/2 4243/4/2
f 4243/4/2 4242/4/2 4244/4/2
f 4241/4/2 4243/4/2 4245/4/2
f 4245/4/2 4243/4/2 4246/4/2
f 4247/7/2 4248/7/2 4251/7/2
f 4251/7/2 4248/7/2 4252/7/2
f 4249/7/2 4250/7/2 4253/7/2
f 4253/7/2 4250/7/2 4254/7/2
f 4255/7/2 4256/7/2 4259/7/2
f 4259/7/2 4256/7/2 4260/7/2
f 4257/7/2 4258/7/2 4261/7/2
f 4261/7/2 4258/7/2 4262/7/2
f 4263/2/2 4264/2/2 4265/2/2
f 4265/2/2 4264/2/2 4266/2/2
f 4267/2/2 4268/2/2 4269/2/2
f 4269/2/2 4268/2/2 4270/2/2
f 4271/8/2 4272/8/2 4277/8/2
f 4277/8/2 4272/8/2 4278/8/2
f 4272/6/2 4273/6/2 4279/6/2
f 4278/8/2 4272/8/2 4279/8/2
f 4273/9/2 4274/9/2 4280/9/2
f 4279/6/2 4273/6/2 4280/6/2
f 4274/6/2 4275/6/2 4281/6/2
f 4280/9/2 4274/9/2 4281/9/2
f 4275/8/2 4276/8/2 4282/8/2
f 4281/6/2 4275/6/2 4282/6/2
f 4282/8/2 4276/8/2 4283/8/2
f 4283/8/2 4276/8/2 4284/8/2
f 4280/6/2 4281/6/2 4285/6/2
f 4278/6/2 4279/6/2 4285/6/2
f 4279/6/2 4280/6/2 4285/6/2
f 4282/6/2 4283/6/2 4285/6/2
f 4281/6/2 4282/6/2 4285/6/2
f 4285/6/2 4283/6/2 4286/6/2
f 4278/6/2 4285/6/2 4287/6/2
f 4286/6/2 4283/6/2 4288/6/2
f 4278/6/2 4287/6/2 4289/6/2
f 4287/6/2 4288/6/2 4289/6/2
f 4289/6/2 4288/6/2 4290/6/2
f 4278/6/2 4289/6/2 4291/6/2
f 4290/6/2 4288/6/2 4292/6/2
f 4277/4/2 4278/4/2 4293/4/2
f 4291/6/2 4292/6/2 4294/6/2
f 4293/4/2 4278/4/2 4294/4/2
f 4278/6/2 4291/6/2 4294/6/2
f 4283/4/2 4284/4/2 4295/4/2
f 4294/6/2 4292/6/2 4295/6/2
f 4288/6/2 4283/6/2 4295/6/2
f 4292/6/2 4288/6/2 4295/6/2
f 4295/4/2 4284/4/2 4296/4/2
f 4300/8/3 4298/8/3 4297/8/3
f 4300/4/3 4299/4/3 4298/4/3
f 4301/4/3 4299/4/3 4300/4/3
f 4302/6/3 4301/6/3 4300/6/3
f 4303/6/3 4301/6/3 4302/6/3
f 4304/6/3 4302/6/3 4300/6/3
f 4305/6/3 4302/6/3 4304/6/3
f 4306/6/3 4302/6/3 4305/6/3
f 4307/6/3 4301/6/3 4303/6/3
f 4308/6/3 4304/6/3 4300/6/3
f 4309/6/3 4306/6/3 4305/6/3
f 4309/6/3 4307/6/3 4306/6/3
f 4310/8/3 4300/8/3 4297/8/3
f 4311/6/3 4309/6/3 4308/6/3
f 4311/8/3 4300/8/3 4310/8/3
f 4311/6/3 4308/6/3 4300/6/3
f 4312/6/3 4311/6/3 4310/6/3
f 4313/6/3 4309/6/3 4311/6/3
f 4313/6/3 4311/6/3 4312/6/3
f 4314/9/3 4313/9/3 4312/9/3
f 4315/6/3 4309/6/3 4313/6/3
f 4315/9/3 4313/9/3 4314/9/3
f 4316/6/3 4315/6/3 4314/6/3
f 4317/6/3 4309/6/3 4315/6/3
f 4317/6/3 4315/6/3 4316/6/3
f 4318/8/3 4317/8/3 4316/8/3
f 4318/6/3 4309/6/3 4317/6/3
f 4319/6/3 4307/6/3 4309/6/3
f 4319/6/3 4309/6/3 4318/6/3
f 4319/6/3 4301/6/3 4307/6/3
f 4320/8/3 4318/8/3 4316/8/3
f 4321/4/3 4319/4/3 4318/4/3
f 4321/8/3 4318/8/3 4320/8/3
f 4322/4/3 4319/4/3 4321/4/3
f 4327/2/3 4324/2/3 4323/2/3
f 4328/2/3 4324/2/3 4327/2/3
f 4329/2/3 4326/2/3 4325/2/3
f 4330/2/3 4326/2/3 4329/2/3
f 4335/7/3 4332/7/3 4331/7/3
f 4336/7/3 4332/7/3 4335/7/3
f 4337/7/3 4334/7/3 4333/7/3
f 4338/7/3 4334/7/3 4337/7/3
f 4343/7/3 4340/7/3 4339/7/3
f 4344/7/3 4340/7/3 4343/7/3
f 4345/7/3 4342/7/3 4341/7/3
f 4346/7/3 4342/7/3 4345/7/3
f 4349/4/3 4348/4/3 4347/4/3
f 4350/4/3 4348/4/3 4349/4/3
f 4351/4/3 4349/4/3 4347/4/3
f 4352/4/3 4349/4/3 4351/4/3
f 4356/8/3 4354/8/3 4353/8/3
f 4357/4/3 4355/4/3 4354/4/3
f 4357/8/3 4354/8/3 4356/8/3
f 4358/4/3 4355/4/3 4357/4/3
f 4362/8/3 4360/8/3 4359/8/3
f 4363/4/3 4361/4/3 4360/4/3
f 4363/8/3 4360/8/3 4362/8/3
f 4364/4/3 4361/4/3 4363/4/3
f 4367/8/3 4366/8/3 4365/8/3
f 4368/8/3 4366/8/3 4367/8/3
f 4371/4/3 4370/4/3 4369/4/3
f 4372/4/3 4370/4/3 4371/4/3
f 4375/4/3 4374/4/3 4373/4/3
f 4376/4/3 4374/4/3 4375/4/3
f 4379/4/3 4378/4/3 4377/4/3
f 4380/4/3 4378/4/3 4379/4/3
f 4383/4/3 4382/4/3 4381/4/3
f 4384/4/3 4382/4/3 4383/4/3
f 4387/6/3 4386/6/3 4385/6/3
f 4388/6/3 4386/6/3 4387/6/3
f 4391/6/3 4390/6/3 4389/6/3
f 4392/6/3 4390/6/3 4391/6/3
f 4395/6/3 4394/6/3 4393/6/3
f 4396/6/3 4394/6/3 4395/6/3
f 4399/6/3 4398/6/3 4397/6/3
f 4400/6/3 4398/6/3 4399/6/3
f 4403/8/3 4402/8/3 4401/8/3
f 4404/8/3 4402/8/3 4403/8/3
f 4407/8/3 4406/8/3 4405/8/3
f 4408/8/3 4406/8/3 4407/8/3
f 4413/8/3 4410/8/3 4409/8/3
f 4414/8/3 4410/8/3 4413/8/3
f 4415/8/3 4412/8/3 4411/8/3
f 4416/8/3 4412/8/3 4415/8/3
f 4421/8/3 4418/8/3 4417/8/3
f 4422/8/3 4418/8/3 4421/8/3
f 4423/8/3 4420/8/3 4419/8/3
f 4424/8/3 4420/8/3 4423/8/3
f 4429/8/3 4426/8/3 4425/8/3
f 4430/8/3 4426/8/3 4429/8/3
f 4431/8/3 4428/8/3 4427/8/3
f 4432/8/3 4428/8/3 4431/8/3
f 4437/8/3 4434/8/3 4433/8/3
f 4438/8/3 4434/8/3 4437/8/3
f 4439/8/3 4436/8/3 4435/8/3
f 4440/8/3 4436/8/3 4439/8/3
f 4447/7/3 4442/7/3 4441/7/3
f 4448/7/3 4442/7/3 4447/7/3
f 4449/7/3 4444/7/3 4443/7/3
f 4450/7/3 4444/7/3 4449/7/3
f 4451/8/3 4446/8/3 4445/8/3
f 4452/8/3 4446/8/3 4451/8/3
f 4459/7/3 4454/7/3 4453/7/3
f 4460/7/3 4454/7/3 4459/7/3
f 4461/7/3 4456/7/3 4455/7/3
f 4462/7/3 4456/7/3 4461/7/3
f 4463/8/3 4458/8/3 4457/8/3
f 4464/8/3 4458/8/3 4463/8/3
f 4469/7/3 4466/7/3 4465/7/3
f 4470/7/3 4466/7/3 4469/7/3
f 4471/8/3 4468/8/3 4467/8/3
f 4472/8/3 4468/8/3 4471/8/3
f 4477/7/3 4474/7/3 4473/7/3
f 4478/7/3 4474/7/3 4477/7/3
f 4479/8/3 4476/8/3 4475/8/3
f 4480/8/3 4476/8/3 4479/8/3
f 4483/8/3 4482/8/3 4481/8/3
f 4484/8/3 4482/8/3 4483/8/3
f 4487/8/3 4486/8/3 4485/8/3
f 4488/8/3 4486/8/3 4487/8/3
f 4491/8/3 4490/8/3 4489/8/3
f 4492/8/3 4490/8/3 4491/8/3
f 4495/8/3 4494/8/3 4493/8/3
f 4496/8/3 4494/8/3 4495/8/3
f 4499/8/3 4498/8/3 4497/8/3
f 4500/8/3 4498/8/3 4499/8/3
f 4503/8/3 4502/8/3 4501/8/3
f 4504/8/3 4502/8/3 4503/8/3
f 4507/8/3 4506/8/3 4505/8/3
f 4508/8/3 4506/8/3 4507/8/3
f 4511/8/3 4510/8/3 4509/8/3
f 4512/8/3 4510/8/3 4511/8/3
f 4515/8/3 4514/8/3 4513/8/3
f 4516/8/3 4514/8/3 4515/8/3
f 4519/8/3 4518/8/3 4517/8/3
f 4520/8/3 4518/8/3 4519/8/3
f 4523/8/3 4522/8/3 4521/8/3
f 4524/8/3 4522/8/3 4523/8/3
f 4527/8/3 4526/8/3 4525/8/3
f 4528/8/3 4526/8/3 4527/8/3
f 4531/8/3 4530/8/3 4529/8/3
f 4532/8/3 4530/8/3 4531/8/3
f 4535/8/3 4534/8/3 4533/8/3
f 4536/8/3 4534/8/3 4535/8/3
f 4539/8/3 4538/8/3 4537/8/3
f 4540/8/3 4538/8/3 4539/8/3
f 4543/8/3 4542/8/3 4541/8/3
f 4544/8/3 4542/8/3 4543/8/3
f 4547/8/3 4546/8/3 4545/8/3
f 4548/8/3 4546/8/3 4547/8/3
f 4551/8/3 4550/8/3 4549/8/3
f 4552/8/3 4550/8/3 4551/8/3
f 4557/8/3 4554/8/3 4553/8/3
f 4558/8/3 4554/8/3 4557/8/3
f 4561/7/3 4556/7/3 4555/7/3
f 4562/7/3 4556/7/3 4561/7/3
f 4563/7/3 4560/7/3 4559/7/3
f 4564/7/3 4560/7/3 4563/7/3
f 4569/7/3 4566/7/3 4565/7/3
f 4570/7/3 4566/7/3 4569/7/3
f 4573/7/3 4568/7/3 4567/7/3
f 4574/7/3 4568/7/3 4573/7/3
f 4575/8/3 4572/8/3 4571/8/3
f 4576/8/3 4572/8/3 4575/8/3
f 4579/8/3 4578/8/3 4577/8/3
f 4580/8/3 4578/8/3 4579/8/3
f 4583/8/3 4582/8/3 4581/8/3
f 4584/8/3 4582/8/3 4583/8/3
f 4587/8/3 4586/8/3 4585/8/3
f 4588/8/3 4586/8/3 4587/8/3
f 4591/8/3 4590/8/3 4589/8/3
f 4592/8/3 4590/8/3 4591/8/3
f 4595/8/3 4594/8/3 4593/8/3
f 4596/8/3 4594/8/3 4595/8/3
f 4599/8/3 4598/8/3 4597/8/3
f 4600/8/3 4598/8/3 4599/8/3
f 4603/8/3 4602/8/3 4601/8/3
f 4604/8/3 4602/8/3 4603/8/3
f 4607/8/3 4606/8/3 4605/8/3
f 4608/8/3 4606/8/3 4607/8/3
f 4611/8/3 4610/8/3 4609/8/3
f 4612/8/3 4610/8/3 4611/8/3
f 4615/8/3 4614/8/3 4613/8/3
f 4616/8/3 4614/8/3 4615/8/3
f 4619/8/3 4618/8/3 4617/8/3
f 4620/8/3 4618/8/3 4619/8/3
f 4623/8/3 4622/8/3 4621/8/3
f 4624/8/3 4622/8/3 4623/8/3
f 4627/8/3 4626/8/3 4625/8/3
f 4628/8/3 4626/8/3 4627/8/3
f 4631/1/3 4630/1/3 4629/1/3
f 4632/1/3 4630/1/3 4631/1/3
f 4633/1/3 4630/1/3 4632/1/3
f 4634/1/3 4630/1/3 4633/1/3
f 4637/8/3 4636/8/3 4635/8/3
f 4638/8/3 4636/8/3 4637/8/3
f 4641/8/3 4640/8/3 4639/8/3
f 4642/8/3 4640/8/3 4641/8/3
f 4645/8/3 4644/8/3 4643/8/3
f 4646/8/3 4644/8/3 4645/8/3
f 4649/8/3 4648/8/3 4647/8/3
f 4650/8/3 4648/8/3 4649/8/3
f 4653/8/3 4652/8/3 4651/8/3
f 4654/8/3 4652/8/3 4653/8/3
f 4657/8/3 4656/8/3 4655/8/3
f 4658/8/3 4656/8/3 4657/8/3
f 4661/1/3 4660/1/3 4659/1/3
f 4662/1/3 4660/1/3 4661/1/3
f 4663/1/3 4660/1/3 4662/1/3
f 4666/1/3 4664/1/3 4663/1/3
f 4667/1/3 4664/1/3 4666/1/3
f 4668/1/3 4666/1/3 4665/1/3
f 4669/1/3 4666/1/3 4668/1/3
f 4670/1/3 4666/1/3 4669/1/3
f 4673/8/3 4672/8/3 4671/8/3
f 4674/8/3 4672/8/3 4673/8/3
f 4677/1/3 4676/1/3 4675/1/3
f 4678/1/3 4676/1/3 4677/1/3
f 4680/1/3 4679/1/3 4678/1/3
f 4681/1/3 4679/1/3 4680/1/3
f 4685/1/3 4683/1/3 4682/1/3
f 4686/1/3 4683/1/3 4685/1/3
f 4687/1/3 4685/1/3 4684/1/3
f 4688/1/3 4685/1/3 4687/1/3
f 4691/8/3 4690/8/3 4689/8/3
f 4692/8/3 4690/8/3 4691/8/3
f 4695/8/3 4694/8/3 4693/8/3
f 4696/8/3 4694/8/3 4695/8/3
f 4699/8/3 4698/8/3 4697/8/3
f 4700/8/3 4698/8/3 4699/8/3
f 4703/1/3 4702/1/3 4701/1/3
f 4704/1/3 4702/1/3 4703/1/3
f 4706/1/3 4705/1/3 4704/1/3
f 4707/1/3 4705/1/3 4706/1/3
f 4711/1/3 4709/1/3 4708/1/3
f 4712/1/3 4709/1/3 4711/1/3
f 4713/1/3 4711/1/3 4710/1/3
f 4714/1/3 4711/1/3 4713/1/3
f 4717/8/3 4716/8/3 4715/8/3
f 4718/8/3 4716/8/3 4717/8/3
f 4721/8/3 4720/8/3 4719/8/3
f 4722/8/3 4720/8/3 4721/8/3
f 4725/8/3 4724/8/3 4723/8/3
f 4726/8/3 4724/8/3 4725/8/3
f 4729/8/3 4728/8/3 4727/8/3
f 4730/8/3 4728/8/3 4729/8/3
f 4733/8/3 4732/8/3 4731/8/3
f 4734/8/3 4732/8/3 4733/8/3
f 4737/8/3 4736/8/3 4735/8/3
f 4738/8/3 4736/8/3 4737/8/3
f 4741/1/3 4740/1/3 4739/1/3
f 4742/1/3 4740/1/3 4741/1/3
f 4744/1/3 4743/1/3 4742/1/3
f 4745/1/3 4743/1/3 4744/1/3
f 4749/1/3 4747/1/3 4746/1/3
f 4750/1/3 4747/1/3 4749/1/3
f 4751/1/3 4749/1/3 4748/1/3
f 4752/1/3 4749/1/3 4751/1/3
f 4755/8/3 4754/8/3 4753/8/3
f 4756/8/3 4754/8/3 4755/8/3
f 4761/4/3 4758/4/3 4757/4/3
f 4762/4/3 4758/4/3 4761/4/3
f 4763/4/3 4760/4/3 4759/4/3
f 4764/4/3 4760/4/3 4763/4/3
f 4769/4/3 4766/4/3 4765/4/3
f 4770/4/3 4766/4/3 4769/4/3
f 4771/4/3 4768/4/3 4767/4/3
f 4772/4/3 4768/4/3 4771/4/3
f 4775/1/3 4774/1/3 4773/1/3
f 4776/1/3 4774/1/3 4775/1/3
f 4778/1/3 4777/1/3 4776/1/3
f 4779/1/3 4777/1/3 4778/1/3
f 4783/1/3 4781/1/3 4780/1/3
f 4784/1/3 4781/1/3 4783/1/3
f 4785/1/3 4783/1/3 4782/1/3
f 4786/1/3 4783/1/3 4785/1/3
f 4795/6/3 4788/6/3 4787/6/3
f 4796/6/3 4788/6/3 4795/6/3
f 4797/6/3 4790/6/3 4789/6/3
f 4798/6/3 4790/6/3 4797/6/3
f 4799/6/3 4792/6/3 4791/6/3
f 4800/6/3 4792/6/3 4799/6/3
f 4801/6/3 4794/6/3 4793/6/3
f 4802/6/3 4794/6/3 4801/6/3
f 4805/6/3 4804/6/3 4803/6/3
f 4806/6/3 4804/6/3 4805/6/3
f 4813/6/3 4808/6/3 4807/6/3
f 4814/6/3 4808/6/3 4813/6/3
f 4815/6/3 4810/6/3 4809/6/3
f 4816/6/3 4810/6/3 4815/6/3
f 4817/6/3 4812/6/3 4811/6/3
f 4818/6/3 4812/6/3 4817/6/3
f 4821/1/3 4820/1/3 4819/1/3
f 4822/1/3 4820/1/3 4821/1/3
f 4824/1/3 4823/1/3 4822/1/3
f 4825/1/3 4823/1/3 4824/1/3
f 4829/1/3 4827/1/3 4826/1/3
f 4830/1/3 4827/1/3 4829/1/3
f 4831/1/3 4829/1/3 4828/1/3
f 4832/1/3 4829/1/3 4831/1/3
f 4841/6/3 4834/6/3 4833/6/3
f 4842/6/3 4834/6/3 4841/6/3
f 4843/6/3 4836/6/3 4835/6/3
f 4844/6/3 4836/6/3 4843/6/3
f 4845/6/3 4838/6/3 4837/6/3
f 4846/6/3 4838/6/3 4845/6/3
f 4847/6/3 4840/6/3 4839/6/3
f 4848/6/3 4840/6/3 4847/6/3
f 4851/6/3 4850/6/3 4849/6/3
f 4852/6/3 4850/6/3 4851/6/3
f 4859/6/3 4854/6/3 4853/6/3
f 4860/6/3 4854/6/3 4859/6/3
f 4861/6/3 4856/6/3 4855/6/3
f 4862/6/3 4856/6/3 4861/6/3
f 4863/6/3 4858/6/3 4857/6/3
f 4864/6/3 4858/6/3 4863/6/3
f 4871/6/3 4866/6/3 4865/6/3
f 4872/6/3 4866/6/3 4871/6/3
f 4873/6/3 4868/6/3 4867/6/3
f 4874/6/3 4868/6/3 4873/6/3
f 4875/6/3 4870/6/3 4869/6/3
f 4876/6/3 4870/6/3 4875/6/3
f 4879/6/3 4878/6/3 4877/6/3
f 4880/6/3 4878/6/3 4879/6/3
f 4885/6/3 4882/6/3 4881/6/3
f 4886/6/3 4882/6/3 4885/6/3
f 4887/6/3 4884/6/3 4883/6/3
f 4888/6/3 4884/6/3 4887/6/3
f 4891/6/3 4890/6/3 4889/6/3
f 4892/6/3 4890/6/3 4891/6/3
f 4894/6/3 4891/6/3 4889/6/3
f 4895/6/3 4894/6/3 4893/6/3
f 4896/6/3 4891/6/3 4894/6/3
f 4896/6/3 4894/6/3 4895/6/3
f 4900/5/3 4898/5/3 4897/5/3
f 4901/1/3 4899/1/3 4898/1/3
f 4901/5/3 4898/5/3 4900/5/3
f 4902/1/3 4899/1/3 4901/1/3
f 4905/6/3 4904/6/3 4903/6/3
f 4906/6/3 4904/6/3 4905/6/3
f 4907/6/3 4904/6/3 4906/6/3
f 4909/6/3 4907/6/3 4906/6/3
f 4909/6/3 4908/6/3 4907/6/3
f 4910/6/3 4908/6/3 4909/6/3
f 4913/8/3 4912/8/3 4911/8/3
f 4914/8/3 4912/8/3 4913/8/3
f 4917/8/3 4916/8/3 4915/8/3
f 4918/8/3 4916/8/3 4917/8/3
f 4923/8/3 4920/8/3 4919/8/3
f 4924/8/3 4920/8/3 4923/8/3
f 4925/8/3 4922/8/3 4921/8/3
f 4926/8/3 4922/8/3 4925/8/3
f 4931/8/3 4928/8/3 4927/8/3
f 4932/8/3 4928/8/3 4931/8/3
f 4933/8/3 4930/8/3 4929/8/3
f 4934/8/3 4930/8/3 4933/8/3
f 4939/8/3 4936/8/3 4935/8/3
f 4940/8/3 4936/8/3 4939/8/3
f 4941/8/3 4938/8/3 4937/8/3
f 4942/8/3 4938/8/3 4941/8/3
f 4947/8/3 4944/8/3 4943/8/3
f 4948/8/3 4944/8/3 4947/8/3
f 4949/8/3 4946/8/3 4945/8/3
f 4950/8/3 4946/8/3 4949/8/3
f 4955/8/3 4952/8/3 4951/8/3
f 4956/8/3 4952/8/3 4955/8/3
f 4957/8/3 4954/8/3 4953/8/3
f 4958/8/3 4954/8/3 4957/8/3
f 4963/8/3 4960/8/3 4959/8/3
f 4964/8/3 4960/8/3 4963/8/3
f 4965/8/3 4962/8/3 4961/8/3
f 4966/8/3 4962/8/3 4965/8/3
f 4971/8/3 4968/8/3 4967/8/3
f 4972/8/3 4968/8/3 4971/8/3
f 4973/8/3 4970/8/3 4969/8/3
f 4974/8/3 4970/8/3 4973/8/3
f 4979/8/3 4976/8/3 4975/8/3
f 4980/8/3 4976/8/3 4979/8/3
f 4981/8/3 4978/8/3 4977/8/3
f 4982/8/3 4978/8/3 4981/8/3
f 4987/8/3 4984/8/3 4983/8/3
f 4988/8/3 4984/8/3 4987/8/3
f 4989/8/3 4986/8/3 4985/8/3
f 4990/8/3 4986/8/3 4989/8/3
f 4995/8/3 4992/8/3 4991/8/3
f 4996/8/3 4992/8/3 4995/8/3
f 4997/8/3 4994/8/3 4993/8/3
f 4998/8/3 4994/8/3 4997/8/3
f 5001/8/3 5000/8/3 4999/8/3
f 5002/8/3 5000/8/3 5001/8/3
f 5005/8/3 5004/8/3 5003/8/3
f 5006/8/3 5004/8/3 5005/8/3
f 5009/8/3 5008/8/3 5007/8/3
f 5010/8/3 5008/8/3 5009/8/3
f 5013/8/3 5012/8/3 5011/8/3
f 5014/8/3 5012/8/3 5013/8/3
f 5017/8/3 5016/8/3 5015/8/3
f 5018/8/3 5016/8/3 5017/8/3
f 5021/8/3 5020/8/3 5019/8/3
f 5022/8/3 5020/8/3 5021/8/3
f 5025/8/3 5024/8/3 5023/8/3
f 5026/8/3 5024/8/3 5025/8/3
f 5029/8/3 5028/8/3 5027/8/3
f 5030/8/3 5028/8/3 5029/8/3
f 5033/8/3 5032/8/3 5031/8/3
f 5034/8/3 5032/8/3 5033/8/3
f 5037/8/3 5036/8/3 5035/8/3
f 5038/8/3 5036/8/3 5037/8/3
f 5043/8/3 5040/8/3 5039/8/3
f 5044/8/3 5040/8/3 5043/8/3
f 5045/8/3 5042/8/3 5041/8/3
f 5046/8/3 5042/8/3 5045/8/3
f 5051/8/3 5048/8/3 5047/8/3
f 5052/8/3 5048/8/3 5051/8/3
f 5053/8/3 5050/8/3 5049/8/3
f 5054/8/3 5050/8/3 5053/8/3
f 5057/8/3 5056/8/3 5055/8/3
f 5058/8/3 5056/8/3 5057/8/3
f 5061/8/3 5060/8/3 5059/8/3
f 5062/8/3 5060/8/3 5061/8/3
f 5065/8/3 5064/8/3 5063/8/3
f 5066/8/3 5064/8/3 5065/8/3
f 5069/8/3 5068/8/3 5067/8/3
f 5070/8/3 5068/8/3 5069/8/3
f 5073/8/3 5072/8/3 5071/8/3
f 5074/8/3 5072/8/3 5073/8/3
f 5077/8/3 5076/8/3 5075/8/3
f 5078/8/3 5076/8/3 5077/8/3
f 5083/8/3 5080/8/3 5079/8/3
f 5084/8/3 5080/8/3 5083/8/3
f 5085/7/3 5082/7/3 5081/7/3
f 5086/7/3 5082/7/3 5085/7/3
f 5091/8/3 5088/8/3 5087/8/3
f 5092/8/3 5088/8/3 5091/8/3
f 5093/7/3 5090/7/3 5089/7/3
f 5094/7/3 5090/7/3 5093/7/3
f 5097/8/3 5096/8/3 5095/8/3
f 5098/8/3 5096/8/3 5097/8/3
f 5101/8/3 5100/8/3 5099/8/3
f 5102/8/3 5100/8/3 5101/8/3
f 5105/8/3 5104/8/3 5103/8/3
f 5106/8/3 5104/8/3 5105/8/3
f 5109/8/3 5108/8/3 5107/8/3
f 5110/8/3 5108/8/3 5109/8/3
f 5113/8/3 5112/8/3 5111/8/3
f 5114/8/3 5112/8/3 5113/8/3
f 5117/8/3 5116/8/3 5115/8/3
f 5118/8/3 5116/8/3 5117/8/3
f 5121/8/3 5120/8/3 5119/8/3
f 5122/8/3 5120/8/3 5121/8/3
f 5125/8/3 5124/8/3 5123/8/3
f 5126/8/3 5124/8/3 5125/8/3
f 5131/8/3 5128/8/3 5127/8/3
f 5132/8/3 5128/8/3 5131/8/3
f 5135/7/3 5130/7/3 5129/7/3
f 5136/7/3 5130/7/3 5135/7/3
f 5137/7/3 5134/7/3 5133/7/3
f 5138/7/3 5134/7/3 5137/7/3
f 5143/7/3 5140/7/3 5139/7/3
f 5144/7/3 5140/7/3 5143/7/3
f 5147/7/3 5142/7/3 5141/7/3
f 5148/7/3 5142/7/3 5147/7/3
f 5149/8/3 5146/8/3 5145/8/3
f 5150/8/3 5146/8/3 5149/8/3
f 5153/8/3 5152/8/3 5151/8/3
f 5154/8/3 5152/8/3 5153/8/3
f 5157/8/3 5156/8/3 5155/8/3
f 5158/8/3 5156/8/3 5157/8/3
f 5161/8/3 5160/8/3 5159/8/3
f 5162/8/3 5160/8/3 5161/8/3
f 5165/8/3 5164/8/3 5163/8/3
f 5166/8/3 5164/8/3 5165/8/3
f 5169/8/3 5168/8/3 5167/8/3
f 5170/8/3 5168/8/3 5169/8/3
f 5173/8/3 5172/8/3 5171/8/3
f 5174/8/3 5172/8/3 5173/8/3
f 5177/8/3 5176/8/3 5175/8/3
f 5178/8/3 5176/8/3 5177/8/3
f 5181/8/3 5180/8/3 5179/8/3
f 5182/8/3 5180/8/3 5181/8/3
f 5185/8/3 5184/8/3 5183/8/3
f 5186/8/3 5184/8/3 5185/8/3
f 5189/8/3 5188/8/3 5187/8/3
f 5190/8/3 5188/8/3 5189/8/3
f 5193/8/3 5192/8/3 5191/8/3
f 5194/8/3 5192/8/3 5193/8/3
f 5197/8/3 5196/8/3 5195/8/3
f 5198/8/3 5196/8/3 5197/8/3
f 5201/8/3 5200/8/3 5199/8/3
f 5202/8/3 5200/8/3 5201/8/3
f 5205/8/3 5204/8/3 5203/8/3
f 5206/8/3 5204/8/3 5205/8/3
f 5209/8/3 5208/8/3 5207/8/3
f 5210/8/3 5208/8/3 5209/8/3
f 5213/8/3 5212/8/3 5211/8/3
f 5214/8/3 5212/8/3 5213/8/3
f 5217/8/3 5216/8/3 5215/8/3
f 5218/8/3 5216/8/3 5217/8/3
f 5221/8/3 5220/8/3 5219/8/3
f 5222/8/3 5220/8/3 5221/8/3
f 5225/4/3 5224/4/3 5223/4/3
f 5226/4/3 5224/4/3 5225/4/3
f 5229/4/3 5228/4/3 5227/4/3
f 5230/4/3 5228/4/3 5229/4/3
f 5233/4/3 5232/4/3 5231/4/3
f 5234/4/3 5232/4/3 5233/4/3
f 5237/4/3 5236/4/3 5235/4/3
f 5238/4/3 5236/4/3 5237/4/3
f 5245/6/3 5240/6/3 5239/6/3
f 5246/6/3 5240/6/3 5245/6/3
f 5247/4/3 5242/4/3 5241/4/3
f 5248/4/3 5242/4/3 5247/4/3
f 5249/6/3 5244/6/3 5243/6/3
f 5250/6/3 5244/6/3 5249/6/3
f 5251/3/3 5250/3/3 5249/3/3
f 5252/3/3 5250/3/3 5251/3/3
f 5255/3/3 5254/3/3 5253/3/3
f 5256/3/3 5254/3/3 5255/3/3
f 5257/6/3 5256/6/3 5255/6/3
f 5258/6/3 5256/6/3 5257/6/3
f 5263/4/3 5262/4/3 5261/4/3
f 5264/4/3 5262/4/3 5263/4/3
f 5265/6/3 5260/6/3 5259/6/3
f 5266/6/3 5260/6/3 5265/6/3
f 5275/6/3 5268/6/3 5267/6/3
f 5276/6/3 5268/6/3 5275/6/3
f 5277/6/3 5270/6/3 5269/6/3
f 5278/6/3 5270/6/3 5277/6/3
f 5279/6/3 5272/6/3 5271/6/3
f 5280/6/3 5272/6/3 5279/6/3
f 5281/6/3 5274/6/3 5273/6/3
f 5282/6/3 5274/6/3 5281/6/3
f 5283/3/3 5282/3/3 5281/3/3
f 5284/3/3 5282/3/3 5283/3/3
f 5287/3/3 5286/3/3 5285/3/3
f 5288/3/3 5286/3/3 5287/3/3
f 5289/6/3 5288/6/3 5287/6/3
f 5290/6/3 5288/6/3 5289/6/3
f 5297/6/3 5292/6/3 5291/6/3
f 5298/6/3 5292/6/3 5297/6/3
f 5299/6/3 5294/6/3 5293/6/3
f 5300/6/3 5294/6/3 5299/6/3
f 5301/6/3 5296/6/3 5295/6/3
f 5302/6/3 5296/6/3 5301/6/3
f 5311/6/3 5304/6/3 5303/6/3
f 5312/6/3 5304/6/3 5311/6/3
f 5313/6/3 5306/6/3 5305/6/3
f 5314/6/3 5306/6/3 5313/6/3
f 5315/6/3 5308/6/3 5307/6/3
f 5316/6/3 5308/6/3 5315/6/3
f 5317/6/3 5310/6/3 5309/6/3
f 5318/6/3 5310/6/3 5317/6/3
f 5319/3/3 5318/3/3 5317/3/3
f 5320/6/3 5310/6/3 5318/6/3
f 5320/3/3 5318/3/3 5319/3/3
f 5321/6/3 5310/6/3 5320/6/3
f 5325/3/3 5323/3/3 5322/3/3
f 5326/6/3 5324/6/3 5323/6/3
f 5326/3/3 5323/3/3 5325/3/3
f 5327/6/3 5326/6/3 5325/6/3
f 5328/6/3 5324/6/3 5326/6/3
f 5328/6/3 5326/6/3 5327/6/3
f 5335/6/3 5330/6/3 5329/6/3
f 5336/6/3 5330/6/3 5335/6/3
f 5337/6/3 5332/6/3 5331/6/3
f 5338/6/3 5332/6/3 5337/6/3
f 5339/6/3 5334/6/3 5333/6/3
f 5340/6/3 5334/6/3 5339/6/3
f 5349/6/3 5342/6/3 5341/6/3
f 5350/6/3 5342/6/3 5349/6/3
f 5351/6/3 5344/6/3 5343/6/3
f 5352/6/3 5344/6/3 5351/6/3
f 5353/6/3 5346/6/3 5345/6/3
f 5354/6/3 5346/6/3 5353/6/3
f 5355/6/3 5348/6/3 5347/6/3
f 5356/6/3 5348/6/3 5355/6/3
f 5359/6/3 5358/6/3 5357/6/3
f 5360/6/3 5358/6/3 5359/6/3
f 5367/6/3 5362/6/3 5361/6/3
f 5368/6/3 5362/6/3 5367/6/3
f 5369/6/3 5364/6/3 5363/6/3
f 5370/6/3 5364/6/3 5369/6/3
f 5371/6/3 5366/6/3 5365/6/3
f 5372/6/3 5366/6/3 5371/6/3
f 5378/6/3 5374/6/3 5373/6/3
f 5379/6/3 5374/6/3 5378/6/3
f 5380/6/3 5376/6/3 5375/6/3
f 5381/6/3 5376/6/3 5380/6/3
f 5382/6/3 5378/6/3 5377/6/3
f 5383/6/3 5378/6/3 5382/6/3
f 5386/6/3 5385/6/3 5384/6/3
f 5387/6/3 5385/6/3 5386/6/3
f 5391/6/3 5388/6/3 5387/6/3
f 5392/6/3 5388/6/3 5391/6/3
f 5393/6/3 5390/6/3 5389/6/3
f 5394/6/3 5390/6/3 5393/6/3
f 5397/4/3 5396/4/3 5395/4/3
f 5398/4/3 5396/4/3 5397/4/3
f 5401/4/3 5400/4/3 5399/4/3
f 5402/4/3 5400/4/3 5401/4/3
f 5405/4/3 5404/4/3 5403/4/3
f 5406/4/3 5404/4/3 5405/4/3
f 5409/4/3 5408/4/3 5407/4/3
f 5410/4/3 5408/4/3 5409/4/3
f 5413/4/3 5412/4/3 5411/4/3
f 5414/4/3 5412/4/3 5413/4/3
f 5415/4/3 5412/4/3 5414/4/3
f 5416/6/3 5414/6/3 5413/6/3
f 5417/6/3 5414/6/3 5416/6/3
f 5418/6/3 5416/6/3 5413/6/3
f 5419/6/3 5416/6/3 5418/6/3
f 5420/6/3 5418/6/3 5413/6/3
f 5421/6/3 5418/6/3 5420/6/3
f 5422/6/3 5420/6/3 5413/6/3
f 5423/6/3 5420/6/3 5422/6/3
f 5424/6/3 5422/6/3 5413/6/3
f 5425/6/3 5422/6/3 5424/6/3
f 5428/4/3 5427/4/3 5426/4/3
f 5429/4/3 5427/4/3 5428/4/3
f 5431/6/3 5429/6/3 5428/6/3
f 5431/6/3 5430/6/3 5429/6/3
f 5433/6/3 5432/6/3 5431/6/3
f 5435/6/3 5433/6/3 5431/6/3
f 5435/6/3 5434/6/3 5433/6/3
f 5435/6/3 5431/6/3 5428/6/3
f 5436/6/3 5434/6/3 5435/6/3
f 5439/6/3 5438/6/3 5437/6/3
f 5440/6/3 5438/6/3 5439/6/3
f 5441/6/3 5439/6/3 5437/6/3
f 5442/6/3 5439/6/3 5441/6/3
f 5443/6/3 5441/6/3 5437/6/3
f 5444/6/3 5441/6/3 5443/6/3
f 5445/6/3 5441/6/3 5444/6/3
f 5446/4/3 5444/4/3 5443/4/3
f 5447/4/3 5444/4/3 5446/4/3
f 5450/3/3 5449/3/3 5448/3/3
f 5452/3/3 5451/3/3 5450/3/3
f 5455/6/3 5454/6/3 5453/6/3
f 5457/3/3 5453/3/3 5452/3/3
f 5457/3/3 5452/3/3 5450/3/3
f 5457/3/3 5450/3/3 5448/3/3
f 5458/6/3 5455/6/3 5453/6/3
f 5458/3/3 5453/3/3 5457/3/3
f 5458/6/3 5456/6/3 5455/6/3
f 5459/6/3 5456/6/3 5458/6/3
f 5461/6/3 5459/6/3 5458/6/3
f 5461/6/3 5460/6/3 5459/6/3
f 5461/6/3 5458/6/3 5457/6/3
f 5462/6/3 5460/6/3 5461/6/3
f 5464/4/3 5462/4/3 5461/4/3
f 5464/4/3 5463/4/3 5462/4/3
f 5465/4/3 5463/4/3 5464/4/3
f 5468/9/3 5467/9/3 5466/9/3
f 5469/9/3 5467/9/3 5468/9/3
f 5472/4/3 5471/4/3 5470/4/3
f 5473/4/3 5471/4/3 5472/4/3
f 5474/4/3 5472/4/3 5470/4/3
f 5475/4/3 5472/4/3 5474/4/3
f 5479/6/3 5477/6/3 5476/6/3
f 5480/6/3 5477/6/3 5479/6/3
f 5481/6/3 5477/6/3 5480/6/3
f 5482/6/3 5477/6/3 5481/6/3
f 5484/6/3 5479/6/3 5478/6/3
f 5485/6/3 5479/6/3 5484/6/3
f 5486/6/3 5479/6/3 5485/6/3
f 5487/6/3 5481/6/3 5480/6/3
f 5488/6/3 5481/6/3 5487/6/3
f 5489/6/3 5481/6/3 5488/6/3
f 5490/6/3 5481/6/3 5489/6/3
f 5492/6/3 5484/6/3 5483/6/3
f 5492/6/3 5485/6/3 5484/6/3
f 5493/6/3 5485/6/3 5492/6/3
f 5494/6/3 5485/6/3 5493/6/3
f 5495/6/3 5489/6/3 5488/6/3
f 5496/6/3 5489/6/3 5495/6/3
f 5497/6/3 5489/6/3 5496/6/3
f 5498/6/3 5489/6/3 5497/6/3
f 5500/6/3 5492/6/3 5491/6/3
f 5500/6/3 5493/6/3 5492/6/3
f 5501/6/3 5493/6/3 5500/6/3
f 5502/6/3 5493/6/3 5501/6/3
f 5503/6/3 5497/6/3 5496/6/3
f 5504/6/3 5497/6/3 5503/6/3
f 5505/6/3 5497/6/3 5504/6/3
f 5506/6/3 5497/6/3 5505/6/3
f 5508/6/3 5500/6/3 5499/6/3
f 5508/6/3 5501/6/3 5500/6/3
f 5509/6/3 5501/6/3 5508/6/3
f 5510/6/3 5501/6/3 5509/6/3
f 5511/4/3 5505/4/3 5504/4/3
f 5512/4/3 5505/4/3 5511/4/3
f 5513/4/3 5508/4/3 5507/4/3
f 5513/4/3 5509/4/3 5508/4/3
f 5514/4/3 5509/4/3 5513/4/3
f 5515/4/3 5513/4/3 5507/4/3
f 5516/4/3 5509/4/3 5514/4/3
f 5517/4/3 5511/4/3 5504/4/3
f 5518/4/3 5505/4/3 5512/4/3
f 5519/4/3 5516/4/3 5515/4/3
f 5519/4/3 5515/4/3 5507/4/3
f 5520/4/3 5516/4/3 5519/4/3
f 5521/4/3 5509/4/3 5516/4/3
f 5521/4/3 5516/4/3 5520/4/3
f 5524/4/3 5517/4/3 5504/4/3
f 5524/4/3 5518/4/3 5517/4/3
f 5525/4/3 5505/4/3 5518/4/3
f 5525/4/3 5518/4/3 5524/4/3
f 5527/6/3 5522/6/3 5521/6/3
f 5527/6/3 5521/6/3 5520/6/3
f 5528/6/3 5522/6/3 5527/6/3
f 5529/6/3 5522/6/3 5528/6/3
f 5532/6/3 5526/6/3 5525/6/3
f 5532/6/3 5525/6/3 5524/6/3
f 5532/6/3 5524/6/3 5523/6/3
f 5533/6/3 5526/6/3 5532/6/3
f 5535/6/3 5530/6/3 5529/6/3
f 5535/6/3 5529/6/3 5528/6/3
f 5536/6/3 5530/6/3 5535/6/3
f 5537/6/3 5530/6/3 5536/6/3
f 5538/6/3 5533/6/3 5532/6/3
f 5538/6/3 5532/6/3 5531/6/3
f 5538/6/3 5534/6/3 5533/6/3
f 5539/6/3 5534/6/3 5538/6/3
f 5541/6/3 5539/6/3 5538/6/3
f 5541/6/3 5540/6/3 5539/6/3
f 5541/6/3 5538/6/3 5537/6/3
f 5541/6/3 5537/6/3 5536/6/3
f 5542/6/3 5540/6/3 5541/6/3
f 5546/6/3 5544/6/3 5543/6/3
f 5547/6/3 5544/6/3 5546/6/3
f 5548/6/3 5544/6/3 5547/6/3
f 5549/6/3 5544/6/3 5548/6/3
f 5550/6/3 5544/6/3 5549/6/3
f 5552/6/3 5546/6/3 5545/6/3
f 5552/6/3 5547/6/3 5546/6/3
f 5553/6/3 5547/6/3 5552/6/3
f 5554/6/3 5547/6/3 5553/6/3
f 5555/6/3 5549/6/3 5548/6/3
f 5556/6/3 5549/6/3 5555/6/3
f 5557/6/3 5549/6/3 5556/6/3
f 5558/6/3 5549/6/3 5557/6/3
f 5560/6/3 5552/6/3 5551/6/3
f 5560/6/3 5553/6/3 5552/6/3
f 5561/6/3 5553/6/3 5560/6/3
f 5562/6/3 5553/6/3 5561/6/3
f 5563/6/3 5557/6/3 5556/6/3
f 5564/6/3 5557/6/3 5563/6/3
f 5565/6/3 5557/6/3 5564/6/3
f 5566/6/3 5557/6/3 5565/6/3
f 5567/4/3 5560/4/3 5559/4/3
f 5567/4/3 5561/4/3 5560/4/3
f 5568/4/3 5561/4/3 5567/4/3
f 5569/4/3 5565/4/3 5564/4/3
f 5570/4/3 5565/4/3 5569/4/3
f 5571/4/3 5567/4/3 5559/4/3
f 5572/4/3 5561/4/3 5568/4/3
f 5573/4/3 5571/4/3 5559/4/3
f 5573/4/3 5572/4/3 5571/4/3
f 5574/4/3 5572/4/3 5573/4/3
f 5575/4/3 5561/4/3 5572/4/3
f 5575/4/3 5572/4/3 5574/4/3
f 5577/4/3 5569/4/3 5564/4/3
f 5578/4/3 5565/4/3 5570/4/3
f 5579/6/3 5576/6/3 5575/6/3
f 5579/6/3 5575/6/3 5574/6/3
f 5580/6/3 5576/6/3 5579/6/3
f 5581/6/3 5576/6/3 5580/6/3
f 5584/4/3 5578/4/3 5577/4/3
f 5584/4/3 5577/4/3 5564/4/3
f 5585/4/3 5565/4/3 5578/4/3
f 5585/4/3 5578/4/3 5584/4/3
f 5587/6/3 5582/6/3 5581/6/3
f 5587/6/3 5581/6/3 5580/6/3
f 5588/6/3 5582/6/3 5587/6/3
f 5589/6/3 5582/6/3 5588/6/3
f 5592/6/3 5586/6/3 5585/6/3
f 5592/6/3 5585/6/3 5584/6/3
f 5592/6/3 5584/6/3 5583/6/3
f 5593/6/3 5586/6/3 5592/6/3
f 5595/6/3 5590/6/3 5589/6/3
f 5595/6/3 5589/6/3 5588/6/3
f 5596/6/3 5590/6/3 5595/6/3
f 5597/6/3 5590/6/3 5596/6/3
f 5600/6/3 5593/6/3 5592/6/3
f 5600/6/3 5594/6/3 5593/6/3
f 5600/6/3 5592/6/3 5591/6/3
f 5601/6/3 5594/6/3 5600/6/3
f 5603/6/3 5598/6/3 5597/6/3
f 5603/6/3 5597/6/3 5596/6/3
f 5604/6/3 5598/6/3 5603/6/3
f 5605/6/3 5601/6/3 5600/6/3
f 5605/6/3 5602/6/3 5601/6/3
f 5605/6/3 5600/6/3 5599/6/3
f 5606/6/3 5602/6/3 5605/6/3
f 5608/6/3 5607/6/3 5606/6/3
f 5608/6/3 5606/6/3 5605/6/3
f 5608/6/3 5605/6/3 5604/6/3
f 5609/6/3 5607/6/3 5608/6/3
f 5618/7/3 5615/7/3 5614/7/3
f 5619/7/3 5615/7/3 5618/7/3
f 5620/7/3 5617/7/3 5616/7/3
f 5621/7/3 5617/7/3 5620/7/3
f 5622/9/3 5613/9/3 5612/9/3
f 5623/9/3 5613/9/3 5622/9/3
f 5624/9/3 5611/9/3 5610/9/3
f 5625/9/3 5611/9/3 5624/9/3
f 5628/9/3 5627/9/3 5626/9/3
f 5629/9/3 5627/9/3 5628/9/3
f 5638/7/3 5635/7/3 5634/7/3
f 5639/7/3 5635/7/3 5638/7/3
f 5640/7/3 5637/7/3 5636/7/3
f 5641/7/3 5637/7/3 5640/7/3
f 5642/9/3 5631/9/3 5630/9/3
f 5643/9/3 5631/9/3 5642/9/3
f 5644/9/3 5633/9/3 5632/9/3
f 5645/9/3 5633/9/3 5644/9/3
f 5649/8/3 5647/8/3 5646/8/3
f 5650/8/3 5647/8/3 5649/8/3
f 5653/8/3 5649/8/3 5648/8/3
f 5654/7/3 5650/7/3 5649/7/3
f 5654/8/3 5649/8/3 5653/8/3
f 5655/7/3 5650/7/3 5654/7/3
f 5656/7/3 5650/7/3 5655/7/3
f 5657/8/3 5651/8/3 5650/8/3
f 5657/7/3 5650/7/3 5656/7/3
f 5658/8/3 5651/8/3 5657/8/3
f 5660/7/3 5654/7/3 5653/7/3
f 5660/7/3 5655/7/3 5654/7/3
f 5661/7/3 5655/7/3 5660/7/3
f 5662/7/3 5658/7/3 5657/7/3
f 5662/7/3 5657/7/3 5656/7/3
f 5663/7/3 5658/7/3 5662/7/3
f 5664/7/3 5660/7/3 5653/7/3
f 5667/7/3 5658/7/3 5663/7/3
f 5668/8/3 5659/8/3 5658/8/3
f 5668/7/3 5658/7/3 5667/7/3
f 5669/8/3 5659/8/3 5668/8/3
f 5671/8/3 5653/8/3 5652/8/3
f 5672/7/3 5665/7/3 5664/7/3
f 5672/8/3 5653/8/3 5671/8/3
f 5672/7/3 5664/7/3 5653/7/3
f 5673/7/3 5665/7/3 5672/7/3
f 5674/7/3 5665/7/3 5673/7/3
f 5675/7/3 5667/7/3 5666/7/3
f 5675/7/3 5669/7/3 5668/7/3
f 5675/7/3 5668/7/3 5667/7/3
f 5676/8/3 5670/8/3 5669/8/3
f 5676/7/3 5669/7/3 5675/7/3
f 5677/8/3 5670/8/3 5676/8/3
f 5679/8/3 5673/8/3 5672/8/3
f 5680/7/3 5674/7/3 5673/7/3
f 5680/8/3 5673/8/3 5679/8/3
f 5680/7/3 5675/7/3 5674/7/3
f 5680/7/3 5676/7/3 5675/7/3
f 5680/7/3 5677/7/3 5676/7/3
f 5681/7/3 5677/7/3 5680/7/3
f 5682/8/3 5678/8/3 5677/8/3
f 5682/7/3 5677/7/3 5681/7/3
f 5683/8/3 5678/8/3 5682/8/3
f 5685/8/3 5681/8/3 5680/8/3
f 5686/7/3 5683/7/3 5682/7/3
f 5686/8/3 5681/8/3 5685/8/3
f 5686/7/3 5682/7/3 5681/7/3
f 5687/7/3 5683/7/3 5686/7/3
f 5688/8/3 5684/8/3 5683/8/3
f 5688/7/3 5683/7/3 5687/7/3
f 5689/8/3 5684/8/3 5688/8/3
f 5691/8/3 5687/8/3 5686/8/3
f 5692/7/3 5689/7/3 5688/7/3
f 5692/8/3 5687/8/3 5691/8/3
f 5692/7/3 5688/7/3 5687/7/3
f 5693/7/3 5689/7/3 5692/7/3
f 5694/8/3 5690/8/3 5689/8/3
f 5694/7/3 5689/7/3 5693/7/3
f 5695/8/3 5690/8/3 5694/8/3
f 5697/8/3 5693/8/3 5692/8/3
f 5698/7/3 5695/7/3 5694/7/3
f 5698/8/3 5693/8/3 5697/8/3
f 5698/7/3 5694/7/3 5693/7/3
f 5699/7/3 5695/7/3 5698/7/3
f 5700/8/3 5696/8/3 5695/8/3
f 5700/7/3 5695/7/3 5699/7/3
f 5701/8/3 5696/8/3 5700/8/3
f 5703/8/3 5699/8/3 5698/8/3
f 5704/7/3 5701/7/3 5700/7/3
f 5704/8/3 5699/8/3 5703/8/3
f 5704/7/3 5700/7/3 5699/7/3
f 5705/7/3 5701/7/3 5704/7/3
f 5706/8/3 5702/8/3 5701/8/3
f 5706/7/3 5701/7/3 5705/7/3
f 5707/8/3 5702/8/3 5706/8/3
f 5709/8/3 5705/8/3 5704/8/3
f 5710/7/3 5707/7/3 5706/7/3
f 5710/8/3 5705/8/3 5709/8/3
f 5710/7/3 5706/7/3 5705/7/3
f 5711/7/3 5707/7/3 5710/7/3
f 5712/8/3 5708/8/3 5707/8/3
f 5712/7/3 5707/7/3 5711/7/3
f 5713/8/3 5708/8/3 5712/8/3
f 5715/8/3 5711/8/3 5710/8/3
f 5716/7/3 5713/7/3 5712/7/3
f 5716/8/3 5711/8/3 5715/8/3
f 5716/7/3 5712/7/3 5711/7/3
f 5717/7/3 5713/7/3 5716/7/3
f 5718/8/3 5714/8/3 5713/8/3
f 5718/7/3 5713/7/3 5717/7/3
f 5719/8/3 5714/8/3 5718/8/3
f 5721/8/3 5717/8/3 5716/8/3
f 5722/7/3 5719/7/3 5718/7/3
f 5722/8/3 5717/8/3 5721/8/3
f 5722/7/3 5718/7/3 5717/7/3
f 5723/7/3 5719/7/3 5722/7/3
f 5724/8/3 5720/8/3 5719/8/3
f 5724/7/3 5719/7/3 5723/7/3
f 5725/8/3 5720/8/3 5724/8/3
f 5727/8/3 5723/8/3 5722/8/3
f 5728/7/3 5725/7/3 5724/7/3
f 5728/8/3 5723/8/3 5727/8/3
f 5728/7/3 5724/7/3 5723/7/3
f 5729/7/3 5725/7/3 5728/7/3
f 5730/8/3 5726/8/3 5725/8/3
f 5730/7/3 5725/7/3 5729/7/3
f 5731/8/3 5726/8/3 5730/8/3
f 5733/8/3 5729/8/3 5728/8/3
f 5734/7/3 5731/7/3 5730/7/3
f 5734/8/3 5729/8/3 5733/8/3
f 5734/7/3 5730/7/3 5729/7/3
f 5735/7/3 5731/7/3 5734/7/3
f 5736/8/3 5732/8/3 5731/8/3
f 5736/7/3 5731/7/3 5735/7/3
f 5737/8/3 5732/8/3 5736/8/3
f 5739/8/3 5735/8/3 5734/8/3
f 5740/7/3 5737/7/3 5736/7/3
f 5740/8/3 5735/8/3 5739/8/3
f 5740/7/3 5736/7/3 5735/7/3
f 5741/7/3 5737/7/3 5740/7/3
f 5742/8/3 5738/8/3 5737/8/3
f 5742/7/3 5737/7/3 5741/7/3
f 5743/8/3 5738/8/3 5742/8/3
f 5745/8/3 5741/8/3 5740/8/3
f 5746/7/3 5743/7/3 5742/7/3
f 5746/8/3 5741/8/3 5745/8/3
f 5746/7/3 5742/7/3 5741/7/3
f 5747/7/3 5743/7/3 5746/7/3
f 5748/8/3 5744/8/3 5743/8/3
f 5748/7/3 5743/7/3 5747/7/3
f 5749/8/3 5744/8/3 5748/8/3
f 5751/8/3 5747/8/3 5746/8/3
f 5752/7/3 5749/7/3 5748/7/3
f 5752/8/3 5747/8/3 5751/8/3
f 5752/7/3 5748/7/3 5747/7/3
f 5753/7/3 5749/7/3 5752/7/3
f 5754/8/3 5750/8/3 5749/8/3
f 5754/7/3 5749/7/3 5753/7/3
f 5755/8/3 5750/8/3 5754/8/3
f 5757/8/3 5753/8/3 5752/8/3
f 5758/7/3 5755/7/3 5754/7/3
f 5758/8/3 5753/8/3 5757/8/3
f 5758/7/3 5754/7/3 5753/7/3
f 5759/7/3 5755/7/3 5758/7/3
f 5760/8/3 5756/8/3 5755/8/3
f 5760/7/3 5755/7/3 5759/7/3
f 5761/8/3 5756/8/3 5760/8/3
f 5763/8/3 5759/8/3 5758/8/3
f 5764/7/3 5761/7/3 5760/7/3
f 5764/8/3 5759/8/3 5763/8/3
f 5764/7/3 5760/7/3 5759/7/3
f 5765/7/3 5761/7/3 5764/7/3
f 5766/8/3 5762/8/3 5761/8/3
f 5766/7/3 5761/7/3 5765/7/3
f 5767/8/3 5762/8/3 5766/8/3
f 5769/8/3 5765/8/3 5764/8/3
f 5770/7/3 5767/7/3 5766/7/3
f 5770/8/3 5765/8/3 5769/8/3
f 5770/7/3 5766/7/3 5765/7/3
f 5771/7/3 5767/7/3 5770/7/3
f 5772/8/3 5768/8/3 5767/8/3
f 5772/7/3 5767/7/3 5771/7/3
f 5773/8/3 5768/8/3 5772/8/3
f 5775/8/3 5771/8/3 5770/8/3
f 5776/7/3 5773/7/3 5772/7/3
f 5776/8/3 5771/8/3 5775/8/3
f 5776/7/3 5772/7/3 5771/7/3
f 5777/7/3 5773/7/3 5776/7/3
f 5778/8/3 5774/8/3 5773/8/3
f 5778/7/3 5773/7/3 5777/7/3
f 5779/8/3 5774/8/3 5778/8/3
f 5781/8/3 5777/8/3 5776/8/3
f 5782/7/3 5779/7/3 5778/7/3
f 5782/8/3 5777/8/3 5781/8/3
f 5782/7/3 5778/7/3 5777/7/3
f 5783/7/3 5779/7/3 5782/7/3
f 5784/7/3 5779/7/3 5783/7/3
f 5785/7/3 5779/7/3 5784/7/3
f 5786/8/3 5780/8/3 5779/8/3
f 5786/7/3 5779/7/3 5785/7/3
f 5787/8/3 5780/8/3 5786/8/3
f 5789/8/3 5783/8/3 5782/8/3
f 5790/7/3 5784/7/3 5783/7/3
f 5790/8/3 5783/8/3 5789/8/3
f 5791/7/3 5784/7/3 5790/7/3
f 5792/7/3 5784/7/3 5791/7/3
f 5793/8/3 5785/8/3 5784/8/3
f 5793/7/3 5784/7/3 5792/7/3
f 5794/7/3 5787/7/3 5786/7/3
f 5794/8/3 5785/8/3 5793/8/3
f 5794/7/3 5786/7/3 5785/7/3
f 5795/7/3 5787/7/3 5794/7/3
f 5796/8/3 5788/8/3 5787/8/3
f 5796/7/3 5787/7/3 5795/7/3
f 5797/8/3 5788/8/3 5796/8/3
f 5799/7/3 5792/7/3 5791/7/3
f 5800/8/3 5793/8/3 5792/8/3
f 5800/7/3 5792/7/3 5799/7/3
f 5801/7/3 5794/7/3 5793/7/3
f 5801/8/3 5793/8/3 5800/8/3
f 5802/8/3 5795/8/3 5794/8/3
f 5802/7/3 5794/7/3 5801/7/3
f 5803/7/3 5797/7/3 5796/7/3
f 5803/8/3 5795/8/3 5802/8/3
f 5803/7/3 5796/7/3 5795/7/3
f 5804/7/3 5797/7/3 5803/7/3
f 5805/7/3 5797/7/3 5804/7/3
f 5806/8/3 5798/8/3 5797/8/3
f 5806/7/3 5797/7/3 5805/7/3
f 5807/8/3 5798/8/3 5806/8/3
f 5809/7/3 5799/7/3 5791/7/3
f 5809/8/3 5800/8/3 5799/8/3
f 5810/7/3 5801/7/3 5800/7/3
f 5810/8/3 5800/8/3 5809/8/3
f 5811/8/3 5802/8/3 5801/8/3
f 5811/7/3 5801/7/3 5810/7/3
f 5812/7/3 5803/7/3 5802/7/3
f 5812/8/3 5802/8/3 5811/8/3
f 5812/7/3 5804/7/3 5803/7/3
f 5813/7/3 5804/7/3 5812/7/3
f 5814/8/3 5805/8/3 5804/8/3
f 5814/7/3 5804/7/3 5813/7/3
f 5815/7/3 5807/7/3 5806/7/3
f 5815/8/3 5805/8/3 5814/8/3
f 5815/7/3 5806/7/3 5805/7/3
f 5816/7/3 5807/7/3 5815/7/3
f 5817/7/3 5810/7/3 5809/7/3
f 5817/8/3 5811/8/3 5810/8/3
f 5818/7/3 5813/7/3 5812/7/3
f 5818/8/3 5811/8/3 5817/8/3
f 5818/7/3 5812/7/3 5811/7/3
f 5819/7/3 5813/7/3 5818/7/3
f 5820/8/3 5814/8/3 5813/8/3
f 5820/7/3 5813/7/3 5819/7/3
f 5821/8/3 5814/8/3 5820/8/3
f 5822/8/3 5816/8/3 5815/8/3
f 5823/7/3 5807/7/3 5816/7/3
f 5823/8/3 5816/8/3 5822/8/3
f 5824/7/3 5807/7/3 5823/7/3
f 5825/7/3 5819/7/3 5818/7/3
f 5825/7/3 5818/7/3 5817/7/3
f 5826/8/3 5820/8/3 5819/8/3
f 5826/7/3 5819/7/3 5825/7/3
f 5827/8/3 5820/8/3 5826/8/3
f 5828/8/3 5824/8/3 5823/8/3
f 5829/7/3 5807/7/3 5824/7/3
f 5829/8/3 5824/8/3 5828/8/3
f 5830/8/3 5808/8/3 5807/8/3
f 5830/7/3 5807/7/3 5829/7/3
f 5831/7/3 5817/7/3 5809/7/3
f 5831/7/3 5825/7/3 5817/7/3
f 5832/8/3 5826/8/3 5825/8/3
f 5832/7/3 5825/7/3 5831/7/3
f 5833/8/3 5826/8/3 5832/8/3
f 5835/8/3 5830/8/3 5829/8/3
f 5836/8/3 5808/8/3 5830/8/3
f 5836/8/3 5830/8/3 5835/8/3
f 5837/7/3 5809/7/3 5791/7/3
f 5837/7/3 5831/7/3 5809/7/3
f 5838/8/3 5832/8/3 5831/8/3
f 5838/7/3 5831/7/3 5837/7/3
f 5839/7/3 5833/7/3 5832/7/3
f 5839/8/3 5832/8/3 5838/8/3
f 5840/8/3 5834/8/3 5833/8/3
f 5840/7/3 5833/7/3 5839/7/3
f 5841/8/3 5834/8/3 5840/8/3
f 5843/8/3 5808/8/3 5836/8/3
f 5844/8/3 5808/8/3 5843/8/3
f 5845/8/3 5791/8/3 5790/8/3
f 5845/7/3 5837/7/3 5791/7/3
f 5846/8/3 5838/8/3 5837/8/3
f 5846/7/3 5837/7/3 5845/7/3
f 5847/7/3 5839/7/3 5838/7/3
f 5847/8/3 5838/8/3 5846/8/3
f 5847/7/3 5840/7/3 5839/7/3
f 5847/7/3 5841/7/3 5840/7/3
f 5848/7/3 5841/7/3 5847/7/3
f 5849/8/3 5842/8/3 5841/8/3
f 5849/7/3 5841/7/3 5848/7/3
f 5850/8/3 5842/8/3 5849/8/3
f 5852/8/3 5846/8/3 5845/8/3
f 5852/8/3 5845/8/3 5790/8/3
f 5853/8/3 5846/8/3 5852/8/3
f 5854/8/3 5848/8/3 5847/8/3
f 5855/7/3 5850/7/3 5849/7/3
f 5855/8/3 5848/8/3 5854/8/3
f 5855/7/3 5849/7/3 5848/7/3
f 5856/7/3 5850/7/3 5855/7/3
f 5857/8/3 5851/8/3 5850/8/3
f 5857/7/3 5850/7/3 5856/7/3
f 5858/8/3 5851/8/3 5857/8/3
f 5860/8/3 5856/8/3 5855/8/3
f 5861/7/3 5858/7/3 5857/7/3
f 5861/8/3 5856/8/3 5860/8/3
f 5861/7/3 5857/7/3 5856/7/3
f 5862/8/3 5859/8/3 5858/8/3
f 5862/7/3 5858/7/3 5861/7/3
f 5863/8/3 5859/8/3 5862/8/3
f 5865/8/3 5864/8/3 5863/8/3
f 5865/8/3 5863/8/3 5862/8/3
f 5865/8/3 5862/8/3 5861/8/3
f 5866/8/3 5864/8/3 5865/8/3
f 5870/8/3 5868/8/3 5867/8/3
f 5871/8/3 5868/8/3 5870/8/3
f 5874/8/3 5870/8/3 5869/8/3
f 5875/7/3 5871/7/3 5870/7/3
f 5875/8/3 5870/8/3 5874/8/3
f 5876/8/3 5872/8/3 5871/8/3
f 5876/7/3 5871/7/3 5875/7/3
f 5877/8/3 5872/8/3 5876/8/3
f 5880/8/3 5874/8/3 5873/8/3
f 5881/7/3 5875/7/3 5874/7/3
f 5881/7/3 5876/7/3 5875/7/3
f 5881/8/3 5874/8/3 5880/8/3
f 5881/7/3 5877/7/3 5876/7/3
f 5882/7/3 5877/7/3 5881/7/3
f 5883/7/3 5877/7/3 5882/7/3
f 5884/8/3 5878/8/3 5877/8/3
f 5884/7/3 5877/7/3 5883/7/3
f 5885/8/3 5878/8/3 5884/8/3
f 5888/8/3 5880/8/3 5879/8/3
f 5889/7/3 5881/7/3 5880/7/3
f 5889/7/3 5882/7/3 5881/7/3
f 5889/8/3 5880/8/3 5888/8/3
f 5890/7/3 5882/7/3 5889/7/3
f 5891/8/3 5883/8/3 5882/8/3
f 5891/7/3 5882/7/3 5890/7/3
f 5892/7/3 5884/7/3 5883/7/3
f 5892/8/3 5883/8/3 5891/8/3
f 5892/7/3 5885/7/3 5884/7/3
f 5893/8/3 5886/8/3 5885/8/3
f 5893/7/3 5885/7/3 5892/7/3
f 5894/8/3 5886/8/3 5893/8/3
f 5897/8/3 5888/8/3 5887/8/3
f 5898/7/3 5890/7/3 5889/7/3
f 5898/7/3 5889/7/3 5888/7/3
f 5898/8/3 5888/8/3 5897/8/3
f 5899/7/3 5890/7/3 5898/7/3
f 5900/8/3 5891/8/3 5890/8/3
f 5900/7/3 5890/7/3 5899/7/3
f 5901/7/3 5892/7/3 5891/7/3
f 5901/8/3 5891/8/3 5900/8/3
f 5901/7/3 5893/7/3 5892/7/3
f 5901/7/3 5894/7/3 5893/7/3
f 5902/8/3 5895/8/3 5894/8/3
f 5902/7/3 5894/7/3 5901/7/3
f 5903/8/3 5895/8/3 5902/8/3
f 5905/8/3 5900/8/3 5899/8/3
f 5905/7/3 5899/7/3 5898/7/3
f 5905/7/3 5898/7/3 5897/7/3
f 5906/7/3 5901/7/3 5900/7/3
f 5906/8/3 5900/8/3 5905/8/3
f 5906/7/3 5903/7/3 5902/7/3
f 5906/7/3 5902/7/3 5901/7/3
f 5907/8/3 5904/8/3 5903/8/3
f 5907/7/3 5903/7/3 5906/7/3
f 5908/8/3 5904/8/3 5907/8/3
f 5910/8/3 5897/8/3 5896/8/3
f 5911/7/3 5906/7/3 5905/7/3
f 5911/8/3 5897/8/3 5910/8/3
f 5911/7/3 5905/7/3 5897/7/3
f 5911/7/3 5908/7/3 5907/7/3
f 5911/7/3 5907/7/3 5906/7/3
f 5912/7/3 5908/7/3 5911/7/3
f 5913/8/3 5909/8/3 5908/8/3
f 5913/7/3 5908/7/3 5912/7/3
f 5914/8/3 5909/8/3 5913/8/3
f 5916/8/3 5912/8/3 5911/8/3
f 5917/7/3 5914/7/3 5913/7/3
f 5917/8/3 5912/8/3 5916/8/3
f 5917/7/3 5913/7/3 5912/7/3
f 5918/7/3 5914/7/3 5917/7/3
f 5919/8/3 5915/8/3 5914/8/3
f 5919/7/3 5914/7/3 5918/7/3
f 5920/8/3 5915/8/3 5919/8/3
f 5922/8/3 5918/8/3 5917/8/3
f 5923/7/3 5920/7/3 5919/7/3
f 5923/8/3 5918/8/3 5922/8/3
f 5923/7/3 5919/7/3 5918/7/3
f 5924/7/3 5920/7/3 5923/7/3
f 5925/8/3 5921/8/3 5920/8/3
f 5925/7/3 5920/7/3 5924/7/3
f 5926/8/3 5921/8/3 5925/8/3
f 5928/8/3 5924/8/3 5923/8/3
f 5929/7/3 5926/7/3 5925/7/3
f 5929/8/3 5924/8/3 5928/8/3
f 5929/7/3 5925/7/3 5924/7/3
f 5930/7/3 5926/7/3 5929/7/3
f 5931/8/3 5927/8/3 5926/8/3
f 5931/7/3 5926/7/3 5930/7/3
f 5932/8/3 5927/8/3 5931/8/3
f 5935/8/3 5930/8/3 5929/8/3
f 5936/7/3 5932/7/3 5931/7/3
f 5936/8/3 5933/8/3 5932/8/3
f 5936/7/3 5931/7/3 5930/7/3
f 5937/8/3 5933/8/3 5936/8/3
f 5940/8/3 5935/8/3 5934/8/3
f 5941/7/3 5937/7/3 5936/7/3
f 5941/8/3 5930/8/3 5935/8/3
f 5941/8/3 5935/8/3 5940/8/3
f 5941/7/3 5936/7/3 5930/7/3
f 5942/7/3 5937/7/3 5941/7/3
f 5943/7/3 5937/7/3 5942/7/3
f 5944/7/3 5937/7/3 5943/7/3
f 5946/8/3 5940/8/3 5939/8/3
f 5947/7/3 5941/7/3 5940/7/3
f 5947/8/3 5942/8/3 5941/8/3
f 5948/7/3 5943/7/3 5942/7/3
f 5948/8/3 5942/8/3 5947/8/3
f 5949/7/3 5943/7/3 5948/7/3
f 5950/7/3 5943/7/3 5949/7/3
f 5951/8/3 5944/8/3 5943/8/3
f 5951/7/3 5943/7/3 5950/7/3
f 5952/7/3 5937/7/3 5944/7/3
f 5952/8/3 5944/8/3 5951/8/3
f 5953/7/3 5937/7/3 5952/7/3
f 5954/8/3 5938/8/3 5937/8/3
f 5954/7/3 5937/7/3 5953/7/3
f 5955/8/3 5938/8/3 5954/8/3
f 5957/8/3 5946/8/3 5945/8/3
f 5958/8/3 5940/8/3 5946/8/3
f 5958/7/3 5947/7/3 5940/7/3
f 5958/8/3 5946/8/3 5957/8/3
f 5958/7/3 5948/7/3 5947/7/3
f 5959/7/3 5948/7/3 5958/7/3
f 5960/8/3 5949/8/3 5948/8/3
f 5961/7/3 5950/7/3 5949/7/3
f 5961/8/3 5949/8/3 5960/8/3
f 5962/7/3 5950/7/3 5961/7/3
f 5963/7/3 5950/7/3 5962/7/3
f 5964/8/3 5951/8/3 5950/8/3
f 5964/7/3 5950/7/3 5963/7/3
f 5965/7/3 5953/7/3 5952/7/3
f 5965/8/3 5951/8/3 5964/8/3
f 5965/7/3 5952/7/3 5951/7/3
f 5966/7/3 5953/7/3 5965/7/3
f 5967/8/3 5954/8/3 5953/8/3
f 5967/7/3 5953/7/3 5966/7/3
f 5968/8/3 5954/8/3 5967/8/3
f 5970/8/3 5957/8/3 5956/8/3
f 5971/7/3 5958/7/3 5957/7/3
f 5971/8/3 5957/8/3 5970/8/3
f 5972/8/3 5959/8/3 5958/8/3
f 5972/7/3 5958/7/3 5971/7/3
f 5973/7/3 5948/7/3 5959/7/3
f 5973/8/3 5959/8/3 5972/8/3
f 5974/8/3 5960/8/3 5948/8/3
f 5974/7/3 5948/7/3 5973/7/3
f 5975/8/3 5960/8/3 5974/8/3
f 5976/8/3 5962/8/3 5961/8/3
f 5977/7/3 5963/7/3 5962/7/3
f 5977/8/3 5962/8/3 5976/8/3
f 5978/7/3 5963/7/3 5977/7/3
f 5979/7/3 5963/7/3 5978/7/3
f 5980/7/3 5965/7/3 5964/7/3
f 5980/7/3 5966/7/3 5965/7/3
f 5981/7/3 5966/7/3 5980/7/3
f 5982/8/3 5967/8/3 5966/8/3
f 5982/7/3 5966/7/3 5981/7/3
f 5983/8/3 5967/8/3 5982/8/3
f 5985/8/3 5970/8/3 5969/8/3
f 5986/7/3 5973/7/3 5972/7/3
f 5986/7/3 5972/7/3 5971/7/3
f 5986/8/3 5970/8/3 5985/8/3
f 5986/7/3 5971/7/3 5970/7/3
f 5987/8/3 5974/8/3 5973/8/3
f 5988/8/3 5974/8/3 5987/8/3
f 5989/8/3 5978/8/3 5977/8/3
f 5990/7/3 5979/7/3 5978/7/3
f 5990/8/3 5978/8/3 5989/8/3
f 5990/7/3 5980/7/3 5979/7/3
f 5990/7/3 5981/7/3 5980/7/3
f 5991/7/3 5981/7/3 5990/7/3
f 5992/7/3 5981/7/3 5991/7/3
f 5993/8/3 5982/8/3 5981/8/3
f 5993/7/3 5981/7/3 5992/7/3
f 5994/8/3 5982/8/3 5993/8/3
f 5996/8/3 5985/8/3 5984/8/3
f 5997/7/3 5986/7/3 5985/7/3
f 5997/8/3 5985/8/3 5996/8/3
f 5998/7/3 5973/7/3 5986/7/3
f 5998/7/3 5986/7/3 5997/7/3
f 5999/8/3 5987/8/3 5973/8/3
f 5999/7/3 5973/7/3 5998/7/3
f 6000/8/3 5987/8/3 5999/8/3
f 6001/8/3 5991/8/3 5990/8/3
f 6002/7/3 5992/7/3 5991/7/3
f 6002/8/3 5991/8/3 6001/8/3
f 6003/8/3 5993/8/3 5992/8/3
f 6003/7/3 5992/7/3 6002/7/3
f 6004/8/3 5993/8/3 6003/8/3
f 6006/8/3 5996/8/3 5995/8/3
f 6007/7/3 5998/7/3 5997/7/3
f 6007/7/3 5997/7/3 5996/7/3
f 6007/8/3 5996/8/3 6006/8/3
f 6008/7/3 5998/7/3 6007/7/3
f 6009/8/3 5999/8/3 5998/8/3
f 6009/7/3 5998/7/3 6008/7/3
f 6010/8/3 5999/8/3 6009/8/3
f 6011/8/3 6003/8/3 6002/8/3
f 6012/8/3 6003/8/3 6011/8/3
f 6014/8/3 6006/8/3 6005/8/3
f 6015/7/3 6008/7/3 6007/7/3
f 6015/7/3 6007/7/3 6006/7/3
f 6015/8/3 6006/8/3 6014/8/3
f 6016/7/3 6008/7/3 6015/7/3
f 6017/8/3 6009/8/3 6008/8/3
f 6017/7/3 6008/7/3 6016/7/3
f 6018/8/3 6009/8/3 6017/8/3
f 6020/8/3 6014/8/3 6013/8/3
f 6021/7/3 6016/7/3 6015/7/3
f 6021/7/3 6015/7/3 6014/7/3
f 6021/8/3 6014/8/3 6020/8/3
f 6022/7/3 6016/7/3 6021/7/3
f 6023/8/3 6017/8/3 6016/8/3
f 6023/7/3 6016/7/3 6022/7/3
f 6024/8/3 6017/8/3 6023/8/3
f 6026/8/3 6020/8/3 6019/8/3
f 6027/7/3 6022/7/3 6021/7/3
f 6027/7/3 6021/7/3 6020/7/3
f 6027/8/3 6020/8/3 6026/8/3
f 6028/7/3 6022/7/3 6027/7/3
f 6029/8/3 6023/8/3 6022/8/3
f 6029/7/3 6022/7/3 6028/7/3
f 6030/8/3 6023/8/3 6029/8/3
f 6032/8/3 6026/8/3 6025/8/3
f 6033/7/3 6028/7/3 6027/7/3
f 6033/7/3 6027/7/3 6026/7/3
f 6033/8/3 6026/8/3 6032/8/3
f 6034/7/3 6028/7/3 6033/7/3
f 6035/8/3 6029/8/3 6028/8/3
f 6035/7/3 6028/7/3 6034/7/3
f 6036/8/3 6029/8/3 6035/8/3
f 6038/8/3 6032/8/3 6031/8/3
f 6039/7/3 6034/7/3 6033/7/3
f 6039/7/3 6033/7/3 6032/7/3
f 6039/8/3 6032/8/3 6038/8/3
f 6040/7/3 6034/7/3 6039/7/3
f 6041/8/3 6035/8/3 6034/8/3
f 6041/7/3 6034/7/3 6040/7/3
f 6042/8/3 6035/8/3 6041/8/3
f 6044/8/3 6038/8/3 6037/8/3
f 6045/7/3 6040/7/3 6039/7/3
f 6045/7/3 6039/7/3 6038/7/3
f 6045/8/3 6038/8/3 6044/8/3
f 6046/7/3 6040/7/3 6045/7/3
f 6047/8/3 6041/8/3 6040/8/3
f 6047/7/3 6040/7/3 6046/7/3
f 6048/8/3 6041/8/3 6047/8/3
f 6050/8/3 6044/8/3 6043/8/3
f 6051/7/3 6046/7/3 6045/7/3
f 6051/7/3 6045/7/3 6044/7/3
f 6051/8/3 6044/8/3 6050/8/3
f 6052/7/3 6046/7/3 6051/7/3
f 6053/8/3 6047/8/3 6046/8/3
f 6053/7/3 6046/7/3 6052/7/3
f 6054/8/3 6047/8/3 6053/8/3
f 6056/8/3 6050/8/3 6049/8/3
f 6057/7/3 6052/7/3 6051/7/3
f 6057/7/3 6051/7/3 6050/7/3
f 6057/8/3 6050/8/3 6056/8/3
f 6058/7/3 6052/7/3 6057/7/3
f 6059/8/3 6053/8/3 6052/8/3
f 6059/7/3 6052/7/3 6058/7/3
f 6060/8/3 6053/8/3 6059/8/3
f 6062/8/3 6056/8/3 6055/8/3
f 6063/7/3 6058/7/3 6057/7/3
f 6063/7/3 6057/7/3 6056/7/3
f 6063/8/3 6056/8/3 6062/8/3
f 6064/7/3 6058/7/3 6063/7/3
f 6065/8/3 6059/8/3 6058/8/3
f 6065/7/3 6058/7/3 6064/7/3
f 6066/8/3 6059/8/3 6065/8/3
f 6068/8/3 6062/8/3 6061/8/3
f 6069/7/3 6064/7/3 6063/7/3
f 6069/7/3 6063/7/3 6062/7/3
f 6069/8/3 6062/8/3 6068/8/3
f 6070/7/3 6064/7/3 6069/7/3
f 6071/8/3 6065/8/3 6064/8/3
f 6071/7/3 6064/7/3 6070/7/3
f 6072/8/3 6065/8/3 6071/8/3
f 6074/8/3 6068/8/3 6067/8/3
f 6075/7/3 6070/7/3 6069/7/3
f 6075/7/3 6069/7/3 6068/7/3
f 6075/8/3 6068/8/3 6074/8/3
f 6076/7/3 6070/7/3 6075/7/3
f 6077/8/3 6071/8/3 6070/8/3
f 6077/7/3 6070/7/3 6076/7/3
f 6078/8/3 6071/8/3 6077/8/3
f 6079/7/3 6076/7/3 6075/7/3
f 6079/7/3 6075/7/3 6074/7/3
f 6080/8/3 6077/8/3 6076/8/3
f 6080/7/3 6076/7/3 6079/7/3
f 6081/8/3 6077/8/3 6080/8/3
f 6082/8/3 6074/8/3 6073/8/3
f 6083/7/3 6079/7/3 6074/7/3
f 6083/8/3 6074/8/3 6082/8/3
f 6084/7/3 6079/7/3 6083/7/3
f 6085/7/3 6079/7/3 6084/7/3
f 6086/8/3 6080/8/3 6079/8/3
f 6086/7/3 6079/7/3 6085/7/3
f 6087/8/3 6080/8/3 6086/8/3
f 6088/8/3 6084/8/3 6083/8/3
f 6089/7/3 6085/7/3 6084/7/3
f 6089/8/3 6084/8/3 6088/8/3
f 6090/8/3 6086/8/3 6085/8/3
f 6090/7/3 6085/7/3 6089/7/3
f 6091/8/3 6086/8/3 6090/8/3
f 6092/8/3 6090/8/3 6089/8/3
f 6093/8/3 6090/8/3 6092/8/3
f 6099/2/3 6095/2/3 6094/2/3
f 6100/2/3 6095/2/3 6099/2/3
f 6103/2/3 6097/2/3 6096/2/3
f 6105/2/3 6101/2/3 6100/2/3
f 6105/2/3 6099/2/3 6098/2/3
f 6105/2/3 6100/2/3 6099/2/3
f 6106/2/3 6101/2/3 6105/2/3
f 6109/2/3 6103/2/3 6102/2/3
f 6111/2/3 6107/2/3 6106/2/3
f 6111/2/3 6105/2/3 6104/2/3
f 6111/2/3 6106/2/3 6105/2/3
f 6112/2/3 6107/2/3 6111/2/3
f 6115/2/3 6109/2/3 6108/2/3
f 6117/2/3 6113/2/3 6112/2/3
f 6117/2/3 6111/2/3 6110/2/3
f 6117/2/3 6112/2/3 6111/2/3
f 6118/2/3 6113/2/3 6117/2/3
f 6118/2/3 6117/2/3 6116/2/3
f 6119/2/3 6113/2/3 6118/2/3
f 6120/2/3 6118/2/3 6116/2/3
f 6121/2/3 6118/2/3 6120/2/3
f 6122/2/3 6113/2/3 6119/2/3
f 6123/2/3 6113/2/3 6122/2/3
f 6124/2/3 6120/2/3 6116/2/3
f 6125/2/3 6120/2/3 6124/2/3
f 6128/2/3 6113/2/3 6123/2/3
f 6129/2/3 6113/2/3 6128/2/3
f 6131/2/3 6127/2/3 6126/2/3
f 6132/2/3 6127/2/3 6131/2/3
f 6134/2/3 6131/2/3 6130/2/3
f 6134/2/3 6133/2/3 6132/2/3
f 6134/2/3 6132/2/3 6131/2/3
f 6135/2/3 6133/2/3 6134/2/3
f 6136/2/3 6133/2/3 6135/2/3
f 6137/2/3 6133/2/3 6136/2/3
f 6138/2/3 6113/2/3 6129/2/3
f 6139/2/3 6113/2/3 6138/2/3
f 6140/2/3 6124/2/3 6116/2/3
f 6142/2/3 6136/2/3 6135/2/3
f 6143/2/3 6136/2/3 6142/2/3
f 6144/2/3 6113/2/3 6139/2/3
f 6145/2/3 6113/2/3 6144/2/3
f 6146/2/3 6141/2/3 6140/2/3
f 6148/2/3 6113/2/3 6145/2/3
f 6149/2/3 6113/2/3 6148/2/3
f 6150/2/3 6147/2/3 6146/2/3
f 6152/2/3 6113/2/3 6149/2/3
f 6153/2/3 6113/2/3 6152/2/3
f 6154/2/3 6151/2/3 6150/2/3
f 6156/2/3 6113/2/3 6153/2/3
f 6157/2/3 6113/2/3 6156/2/3
f 6158/2/3 6155/2/3 6154/2/3
f 6160/2/3 6113/2/3 6157/2/3
f 6161/2/3 6113/2/3 6160/2/3
f 6162/2/3 6159/2/3 6158/2/3
f 6164/2/3 6113/2/3 6161/2/3
f 6165/2/3 6113/2/3 6164/2/3
f 6166/2/3 6163/2/3 6162/2/3
f 6168/2/3 6113/2/3 6165/2/3
f 6169/2/3 6113/2/3 6168/2/3
f 6170/2/3 6167/2/3 6166/2/3
f 6172/2/3 6113/2/3 6169/2/3
f 6173/2/3 6113/2/3 6172/2/3
f 6174/2/3 6171/2/3 6170/2/3
f 6176/2/3 6113/2/3 6173/2/3
f 6177/2/3 6113/2/3 6176/2/3
f 6178/2/3 6175/2/3 6174/2/3
f 6180/2/3 6113/2/3 6177/2/3
f 6181/2/3 6113/2/3 6180/2/3
f 6182/2/3 6179/2/3 6178/2/3
f 6184/2/3 6113/2/3 6181/2/3
f 6185/2/3 6113/2/3 6184/2/3
f 6186/2/3 6183/2/3 6182/2/3
f 6188/2/3 6113/2/3 6185/2/3
f 6189/2/3 6113/2/3 6188/2/3
f 6190/2/3 6187/2/3 6186/2/3
f 6192/2/3 6113/2/3 6189/2/3
f 6193/2/3 6113/2/3 6192/2/3
f 6194/2/3 6191/2/3 6190/2/3
f 6196/2/3 6113/2/3 6193/2/3
f 6197/2/3 6113/2/3 6196/2/3
f 6198/2/3 6195/2/3 6194/2/3
f 6200/2/3 6113/2/3 6197/2/3
f 6201/2/3 6113/2/3 6200/2/3
f 6202/2/3 6199/2/3 6198/2/3
f 6204/2/3 6113/2/3 6201/2/3
f 6205/2/3 6113/2/3 6204/2/3
f 6206/2/3 6203/2/3 6202/2/3
f 6208/2/3 6113/2/3 6205/2/3
f 6209/2/3 6113/2/3 6208/2/3
f 6210/2/3 6207/2/3 6206/2/3
f 6212/2/3 6113/2/3 6209/2/3
f 6213/2/3 6113/2/3 6212/2/3
f 6214/2/3 6211/2/3 6210/2/3
f 6216/2/3 6113/2/3 6213/2/3
f 6217/2/3 6113/2/3 6216/2/3
f 6218/2/3 6215/2/3 6214/2/3
f 6220/2/3 6113/2/3 6217/2/3
f 6221/2/3 6113/2/3 6220/2/3
f 6222/2/3 6113/2/3 6221/2/3
f 6223/2/3 6113/2/3 6222/2/3
f 6227/2/3 6225/2/3 6224/2/3
f 6228/2/3 6225/2/3 6227/2/3
f 6231/2/3 6227/2/3 6226/2/3
f 6231/2/3 6229/2/3 6228/2/3
f 6231/2/3 6228/2/3 6227/2/3
f 6232/2/3 6229/2/3 6231/2/3
f 6234/2/3 6231/2/3 6230/2/3
f 6234/2/3 6233/2/3 6232/2/3
f 6234/2/3 6232/2/3 6231/2/3
f 6235/2/3 6233/2/3 6234/2/3
f 6236/2/3 6233/2/3 6235/2/3
f 6238/2/3 6237/2/3 6236/2/3
f 6238/2/3 6236/2/3 6235/2/3
f 6239/2/3 6237/2/3 6238/2/3
f 6240/2/3 6237/2/3 6239/2/3
f 6241/2/3 6113/2/3 6223/2/3
f 6244/2/3 6240/2/3 6239/2/3
f 6244/2/3 6241/2/3 6240/2/3
f 6245/2/3 6241/2/3 6244/2/3
f 6246/2/3 6219/2/3 6218/2/3
f 6247/2/3 6243/2/3 6242/2/3
f 6248/2/3 6243/2/3 6247/2/3
f 6250/2/3 6241/2/3 6245/2/3
f 6251/2/3 6241/2/3 6250/2/3
f 6252/2/3 6249/2/3 6248/2/3
f 6252/2/3 6247/2/3 6246/2/3
f 6252/2/3 6248/2/3 6247/2/3
f 6254/2/3 6241/2/3 6251/2/3
f 6255/2/3 6241/2/3 6254/2/3
f 6256/2/3 6253/2/3 6252/2/3
f 6257/2/3 6241/2/3 6255/2/3
f 6258/2/3 6256/2/3 6252/2/3
f 6258/2/3 6257/2/3 6256/2/3
f 6258/2/3 6140/2/3 6116/2/3
f 6258/2/3 6146/2/3 6140/2/3
f 6258/2/3 6150/2/3 6146/2/3
f 6258/2/3 6252/2/3 6246/2/3
f 6258/2/3 6154/2/3 6150/2/3
f 6258/2/3 6158/2/3 6154/2/3
f 6258/2/3 6162/2/3 6158/2/3
f 6258/2/3 6166/2/3 6162/2/3
f 6258/2/3 6170/2/3 6166/2/3
f 6258/2/3 6174/2/3 6170/2/3
f 6258/2/3 6178/2/3 6174/2/3
f 6258/2/3 6182/2/3 6178/2/3
f 6258/2/3 6186/2/3 6182/2/3
f 6258/2/3 6246/2/3 6218/2/3
f 6258/2/3 6190/2/3 6186/2/3
f 6258/2/3 6194/2/3 6190/2/3
f 6258/2/3 6218/2/3 6214/2/3
f 6258/2/3 6198/2/3 6194/2/3
f 6258/2/3 6214/2/3 6210/2/3
f 6258/2/3 6202/2/3 6198/2/3
f 6258/2/3 6210/2/3 6206/2/3
f 6258/2/3 6206/2/3 6202/2/3
f 6259/2/3 6257/2/3 6258/2/3
f 6260/2/3 6241/2/3 6257/2/3
f 6260/2/3 6257/2/3 6259/2/3
f 6260/2/3 6113/2/3 6241/2/3
f 6261/2/3 6113/2/3 6260/2/3
f 6262/2/3 6115/2/3 6114/2/3
f 6263/2/3 6109/2/3 6115/2/3
f 6263/2/3 6115/2/3 6262/2/3
f 6264/2/3 6260/2/3 6259/2/3
f 6265/2/3 6260/2/3 6264/2/3
f 6266/2/3 6260/2/3 6265/2/3
f 6267/2/3 6260/2/3 6266/2/3
f 6268/2/3 6109/2/3 6263/2/3
f 6269/2/3 6103/2/3 6109/2/3
f 6269/2/3 6109/2/3 6268/2/3
f 6270/2/3 6266/2/3 6265/2/3
f 6271/2/3 6266/2/3 6270/2/3
f 6272/2/3 6103/2/3 6269/2/3
f 6273/2/3 6097/2/3 6103/2/3
f 6273/2/3 6103/2/3 6272/2/3
f 6279/2/3 6275/2/3 6274/2/3
f 6280/2/3 6275/2/3 6279/2/3
f 6283/2/3 6277/2/3 6276/2/3
f 6285/2/3 6281/2/3 6280/2/3
f 6285/2/3 6279/2/3 6278/2/3
f 6285/2/3 6280/2/3 6279/2/3
f 6286/2/3 6281/2/3 6285/2/3
f 6289/2/3 6283/2/3 6282/2/3
f 6290/2/3 6287/2/3 6286/2/3
f 6290/2/3 6285/2/3 6284/2/3
f 6290/2/3 6286/2/3 6285/2/3
f 6291/2/3 6287/2/3 6290/2/3
f 6292/2/3 6290/2/3 6284/2/3
f 6293/2/3 6290/2/3 6292/2/3
f 6294/2/3 6287/2/3 6291/2/3
f 6295/2/3 6287/2/3 6294/2/3
f 6296/2/3 6292/2/3 6284/2/3
f 6297/2/3 6292/2/3 6296/2/3
f 6298/2/3 6287/2/3 6295/2/3
f 6299/2/3 6287/2/3 6298/2/3
f 6300/2/3 6296/2/3 6284/2/3
f 6301/2/3 6296/2/3 6300/2/3
f 6302/2/3 6287/2/3 6299/2/3
f 6303/2/3 6287/2/3 6302/2/3
f 6304/2/3 6300/2/3 6284/2/3
f 6305/2/3 6300/2/3 6304/2/3
f 6306/2/3 6287/2/3 6303/2/3
f 6307/2/3 6287/2/3 6306/2/3
f 6308/2/3 6304/2/3 6284/2/3
f 6309/2/3 6304/2/3 6308/2/3
f 6310/2/3 6287/2/3 6307/2/3
f 6311/2/3 6287/2/3 6310/2/3
f 6312/2/3 6287/2/3 6311/2/3
f 6313/2/3 6287/2/3 6312/2/3
f 6314/2/3 6308/2/3 6284/2/3
f 6316/2/3 6287/2/3 6313/2/3
f 6317/2/3 6287/2/3 6316/2/3
f 6318/2/3 6315/2/3 6314/2/3
f 6320/2/3 6287/2/3 6317/2/3
f 6321/2/3 6287/2/3 6320/2/3
f 6322/2/3 6319/2/3 6318/2/3
f 6324/2/3 6287/2/3 6321/2/3
f 6325/2/3 6287/2/3 6324/2/3
f 6326/2/3 6323/2/3 6322/2/3
f 6328/2/3 6287/2/3 6325/2/3
f 6329/2/3 6287/2/3 6328/2/3
f 6330/2/3 6327/2/3 6326/2/3
f 6330/2/3 6326/2/3 6322/2/3
f 6331/2/3 6327/2/3 6330/2/3
f 6332/2/3 6287/2/3 6329/2/3
f 6333/2/3 6287/2/3 6332/2/3
f 6334/2/3 6322/2/3 6318/2/3
f 6334/2/3 6330/2/3 6322/2/3
f 6335/2/3 6330/2/3 6334/2/3
f 6336/2/3 6318/2/3 6314/2/3
f 6336/2/3 6334/2/3 6318/2/3
f 6337/2/3 6334/2/3 6336/2/3
f 6339/2/3 6287/2/3 6333/2/3
f 6340/2/3 6336/2/3 6314/2/3
f 6340/2/3 6314/2/3 6284/2/3
f 6341/2/3 6336/2/3 6340/2/3
f 6347/2/3 6339/2/3 6338/2/3
f 6348/2/3 6340/2/3 6284/2/3
f 6349/2/3 6340/2/3 6348/2/3
f 6351/2/3 6343/2/3 6342/2/3
f 6352/2/3 6343/2/3 6351/2/3
f 6354/2/3 6345/2/3 6344/2/3
f 6355/2/3 6345/2/3 6354/2/3
f 6357/2/3 6347/2/3 6346/2/3
f 6358/2/3 6348/2/3 6284/2/3
f 6359/2/3 6348/2/3 6358/2/3
f 6361/2/3 6353/2/3 6352/2/3
f 6361/2/3 6351/2/3 6350/2/3
f 6361/2/3 6352/2/3 6351/2/3
f 6362/2/3 6353/2/3 6361/2/3
f 6365/2/3 6357/2/3 6356/2/3
f 6366/2/3 6358/2/3 6284/2/3
f 6367/2/3 6358/2/3 6366/2/3
f 6369/2/3 6363/2/3 6362/2/3
f 6369/2/3 6361/2/3 6360/2/3
f 6369/2/3 6362/2/3 6361/2/3
f 6370/2/3 6363/2/3 6369/2/3
f 6373/2/3 6365/2/3 6364/2/3
f 6374/2/3 6366/2/3 6284/2/3
f 6375/2/3 6366/2/3 6374/2/3
f 6377/2/3 6371/2/3 6370/2/3
f 6377/2/3 6369/2/3 6368/2/3
f 6377/2/3 6370/2/3 6369/2/3
f 6378/2/3 6371/2/3 6377/2/3
f 6379/2/3 6373/2/3 6372/2/3
f 6380/2/3 6374/2/3 6284/2/3
f 6381/2/3 6374/2/3 6380/2/3
f 6383/2/3 6379/2/3 6378/2/3
f 6383/2/3 6378/2/3 6377/2/3
f 6383/2/3 6377/2/3 6376/2/3
f 6384/2/3 6380/2/3 6284/2/3
f 6385/2/3 6380/2/3 6384/2/3
f 6387/2/3 6383/2/3 6382/2/3
f 6388/2/3 6384/2/3 6284/2/3
f 6389/2/3 6384/2/3 6388/2/3
f 6391/2/3 6387/2/3 6386/2/3
f 6392/2/3 6388/2/3 6284/2/3
f 6393/2/3 6388/2/3 6392/2/3
f 6395/2/3 6391/2/3 6390/2/3
f 6396/2/3 6392/2/3 6284/2/3
f 6397/2/3 6392/2/3 6396/2/3
f 6399/2/3 6395/2/3 6394/2/3
f 6400/2/3 6396/2/3 6284/2/3
f 6401/2/3 6396/2/3 6400/2/3
f 6403/2/3 6399/2/3 6398/2/3
f 6404/2/3 6400/2/3 6284/2/3
f 6405/2/3 6400/2/3 6404/2/3
f 6407/2/3 6403/2/3 6402/2/3
f 6408/2/3 6404/2/3 6284/2/3
f 6409/2/3 6404/2/3 6408/2/3
f 6411/2/3 6407/2/3 6406/2/3
f 6412/2/3 6408/2/3 6284/2/3
f 6413/2/3 6408/2/3 6412/2/3
f 6415/2/3 6411/2/3 6410/2/3
f 6416/2/3 6412/2/3 6284/2/3
f 6417/2/3 6412/2/3 6416/2/3
f 6419/2/3 6415/2/3 6414/2/3
f 6420/2/3 6416/2/3 6284/2/3
f 6421/2/3 6416/2/3 6420/2/3
f 6423/2/3 6419/2/3 6418/2/3
f 6425/2/3 6423/2/3 6422/2/3
f 6426/2/3 6420/2/3 6284/2/3
f 6429/2/3 6425/2/3 6424/2/3
f 6430/2/3 6427/2/3 6426/2/3
f 6433/2/3 6429/2/3 6428/2/3
f 6434/2/3 6431/2/3 6430/2/3
f 6435/2/3 6433/2/3 6432/2/3
f 6436/2/3 6434/2/3 6430/2/3
f 6436/2/3 6435/2/3 6434/2/3
f 6436/2/3 6426/2/3 6284/2/3
f 6436/2/3 6430/2/3 6426/2/3
f 6437/2/3 6435/2/3 6436/2/3
f 6438/2/3 6435/2/3 6437/2/3
f 6439/2/3 6435/2/3 6438/2/3
f 6440/2/3 6419/2/3 6423/2/3
f 6440/2/3 6435/2/3 6439/2/3
f 6440/2/3 6287/2/3 6339/2/3
f 6440/2/3 6379/2/3 6383/2/3
f 6440/2/3 6339/2/3 6347/2/3
f 6440/2/3 6347/2/3 6357/2/3
f 6440/2/3 6429/2/3 6433/2/3
f 6440/2/3 6425/2/3 6429/2/3
f 6440/2/3 6357/2/3 6365/2/3
f 6440/2/3 6365/2/3 6373/2/3
f 6440/2/3 6423/2/3 6425/2/3
f 6440/2/3 6373/2/3 6379/2/3
f 6440/2/3 6383/2/3 6387/2/3
f 6440/2/3 6433/2/3 6435/2/3
f 6440/2/3 6387/2/3 6391/2/3
f 6440/2/3 6415/2/3 6419/2/3
f 6440/2/3 6391/2/3 6395/2/3
f 6440/2/3 6411/2/3 6415/2/3
f 6440/2/3 6395/2/3 6399/2/3
f 6440/2/3 6407/2/3 6411/2/3
f 6440/2/3 6399/2/3 6403/2/3
f 6440/2/3 6403/2/3 6407/2/3
f 6441/2/3 6287/2/3 6440/2/3
f 6442/2/3 6289/2/3 6288/2/3
f 6443/2/3 6283/2/3 6289/2/3
f 6443/2/3 6289/2/3 6442/2/3
f 6444/2/3 6440/2/3 6439/2/3
f 6445/2/3 6440/2/3 6444/2/3
f 6446/2/3 6440/2/3 6445/2/3
f 6447/2/3 6440/2/3 6446/2/3
f 6448/2/3 6283/2/3 6443/2/3
f 6449/2/3 6283/2/3 6448/2/3
f 6450/2/3 6446/2/3 6445/2/3
f 6451/2/3 6446/2/3 6450/2/3
f 6452/2/3 6446/2/3 6451/2/3
f 6453/2/3 6446/2/3 6452/2/3
f 6454/2/3 6283/2/3 6449/2/3
f 6455/2/3 6277/2/3 6283/2/3
f 6455/2/3 6283/2/3 6454/2/3
f 6456/2/3 6452/2/3 6451/2/3
f 6457/2/3 6452/2/3 6456/2/3
f 6458/2/3 6277/2/3 6455/2/3
f 6459/2/3 6277/2/3 6458/2/3
f 6460/2/4 6461/2/4 6465/2/4
f 6465/2/4 6461/2/4 6466/2/4
f 6462/2/4 6463/2/4 6469/2/4
f 6466/2/4 6467/2/4 6471/2/4
f 6464/2/4 6465/2/4 6471/2/4
f 6465/2/4 6466/2/4 6471/2/4
f 6471/2/4 6467/2/4 6472/2/4
f 6468/2/4 6469/2/4 6475/2/4
f 6472/2/4 6473/2/4 6477/2/4
f 6470/2/4 6471/2/4 6477/2/4
f 6471/2/4 6472/2/4 6477/2/4
f 6477/2/4 6473/2/4 6478/2/4
f 6474/2/4 6475/2/4 6481/2/4
f 6478/2/4 6479/2/4 6483/2/4
f 6476/2/4 6477/2/4 6483/2/4
f 6477/2/4 6478/2/4 6483/2/4
f 6483/2/4 6479/2/4 6484/2/4
f 6482/2/4 6483/2/4 6484/2/4
f 6484/2/4 6479/2/4 6485/2/4
f 6482/2/4 6484/2/4 6486/2/4
f 6486/2/4 6484/2/4 6487/2/4
f 6485/2/4 6479/2/4 6488/2/4
f 6488/2/4 6479/2/4 6489/2/4
f 6482/2/4 6486/2/4 6490/2/4
f 6490/2/4 6486/2/4 6491/2/4
f 6489/2/4 6479/2/4 6494/2/4
f 6494/2/4 6479/2/4 6495/2/4
f 6492/2/4 6493/2/4 6497/2/4
f 6497/2/4 6493/2/4 6498/2/4
f 6496/2/4 6497/2/4 6500/2/4
f 6498/2/4 6499/2/4 6500/2/4
f 6497/2/4 6498/2/4 6500/2/4
f 6500/2/4 6499/2/4 6501/2/4
f 6501/2/4 6499/2/4 6502/2/4
f 6502/2/4 6499/2/4 6503/2/4
f 6495/2/4 6479/2/4 6504/2/4
f 6504/2/4 6479/2/4 6505/2/4
f 6482/2/4 6490/2/4 6506/2/4
f 6501/2/4 6502/2/4 6508/2/4
f 6508/2/4 6502/2/4 6509/2/4
f 6505/2/4 6479/2/4 6510/2/4
f 6510/2/4 6479/2/4 6511/2/4
f 6506/2/4 6507/2/4 6512/2/4
f 6511/2/4 6479/2/4 6514/2/4
f 6514/2/4 6479/2/4 6515/2/4
f 6512/2/4 6513/2/4 6516/2/4
f 6515/2/4 6479/2/4 6518/2/4
f 6518/2/4 6479/2/4 6519/2/4
f 6516/2/4 6517/2/4 6520/2/4
f 6519/2/4 6479/2/4 6522/2/4
f 6522/2/4 6479/2/4 6523/2/4
f 6520/2/4 6521/2/4 6524/2/4
f 6523/2/4 6479/2/4 6526/2/4
f 6526/2/4 6479/2/4 6527/2/4
f 6524/2/4 6525/2/4 6528/2/4
f 6527/2/4 6479/2/4 6530/2/4
f 6530/2/4 6479/2/4 6531/2/4
f 6528/2/4 6529/2/4 6532/2/4
f 6531/2/4 6479/2/4 6534/2/4
f 6534/2/4 6479/2/4 6535/2/4
f 6532/2/4 6533/2/4 6536/2/4
f 6535/2/4 6479/2/4 6538/2/4
f 6538/2/4 6479/2/4 6539/2/4
f 6536/2/4 6537/2/4 6540/2/4
f 6539/2/4 6479/2/4 6542/2/4
f 6542/2/4 6479/2/4 6543/2/4
f 6540/2/4 6541/2/4 6544/2/4
f 6543/2/4 6479/2/4 6546/2/4
f 6546/2/4 6479/2/4 6547/2/4
f 6544/2/4 6545/2/4 6548/2/4
f 6547/2/4 6479/2/4 6550/2/4
f 6550/2/4 6479/2/4 6551/2/4
f 6548/2/4 6549/2/4 6552/2/4
f 6551/2/4 6479/2/4 6554/2/4
f 6554/2/4 6479/2/4 6555/2/4
f 6552/2/4 6553/2/4 6556/2/4
f 6555/2/4 6479/2/4 6558/2/4
f 6558/2/4 6479/2/4 6559/2/4
f 6556/2/4 6557/2/4 6560/2/4
f 6559/2/4 6479/2/4 6562/2/4
f 6562/2/4 6479/2/4 6563/2/4
f 6560/2/4 6561/2/4 6564/2/4
f 6563/2/4 6479/2/4 6566/2/4
f 6566/2/4 6479/2/4 6567/2/4
f 6564/2/4 6565/2/4 6568/2/4
f 6567/2/4 6479/2/4 6570/2/4
f 6570/2/4 6479/2/4 6571/2/4
f 6568/2/4 6569/2/4 6572/2/4
f 6571/2/4 6479/2/4 6574/2/4
f 6574/2/4 6479/2/4 6575/2/4
f 6572/2/4 6573/2/4 6576/2/4
f 6575/2/4 6479/2/4 6578/2/4
f 6578/2/4 6479/2/4 6579/2/4
f 6576/2/4 6577/2/4 6580/2/4
f 6579/2/4 6479/2/4 6582/2/4
f 6582/2/4 6479/2/4 6583/2/4
f 6580/2/4 6581/2/4 6584/2/4
f 6583/2/4 6479/2/4 6586/2/4
f 6586/2/4 6479/2/4 6587/2/4
f 6587/2/4 6479/2/4 6588/2/4
f 6588/2/4 6479/2/4 6589/2/4
f 6590/2/4 6591/2/4 6593/2/4
f 6593/2/4 6591/2/4 6594/2/4
f 6592/2/4 6593/2/4 6597/2/4
f 6594/2/4 6595/2/4 6597/2/4
f 6593/2/4 6594/2/4 6597/2/4
f 6597/2/4 6595/2/4 6598/2/4
f 6596/2/4 6597/2/4 6600/2/4
f 6598/2/4 6599/2/4 6600/2/4
f 6597/2/4 6598/2/4 6600/2/4
f 6600/2/4 6599/2/4 6601/2/4
f 6601/2/4 6599/2/4 6602/2/4
f 6602/2/4 6603/2/4 6604/2/4
f 6601/2/4 6602/2/4 6604/2/4
f 6604/2/4 6603/2/4 6605/2/4
f 6605/2/4 6603/2/4 6606/2/4
f 6589/2/4 6479/2/4 6607/2/4
f 6605/2/4 6606/2/4 6610/2/4
f 6606/2/4 6607/2/4 6610/2/4
f 6610/2/4 6607/2/4 6611/2/4
f 6584/2/4 6585/2/4 6612/2/4
f 6608/2/4 6609/2/4 6613/2/4
f 6613/2/4 6609/2/4 6614/2/4
f 6611/2/4 6607/2/4 6616/2/4
f 6616/2/4 6607/2/4 6617/2/4
f 6614/2/4 6615/2/4 6618/2/4
f 6612/2/4 6613/2/4 6618/2/4
f 6613/2/4 6614/2/4 6618/2/4
f 6617/2/4 6607/2/4 6620/2/4
f 6620/2/4 6607/2/4 6621/2/4
f 6618/2/4 6619/2/4 6622/2/4
f 6621/2/4 6607/2/4 6623/2/4
f 6618/2/4 6622/2/4 6624/2/4
f 6622/2/4 6623/2/4 6624/2/4
f 6482/2/4 6506/2/4 6624/2/4
f 6506/2/4 6512/2/4 6624/2/4
f 6512/2/4 6516/2/4 6624/2/4
f 6612/2/4 6618/2/4 6624/2/4
f 6516/2/4 6520/2/4 6624/2/4
f 6520/2/4 6524/2/4 6624/2/4
f 6524/2/4 6528/2/4 6624/2/4
f 6528/2/4 6532/2/4 6624/2/4
f 6532/2/4 6536/2/4 6624/2/4
f 6536/2/4 6540/2/4 6624/2/4
f 6540/2/4 6544/2/4 6624/2/4
f 6544/2/4 6548/2/4 6624/2/4
f 6548/2/4 6552/2/4 6624/2/4
f 6584/2/4 6612/2/4 6624/2/4
f 6552/2/4 6556/2/4 6624/2/4
f 6556/2/4 6560/2/4 6624/2/4
f 6580/2/4 6584/2/4 6624/2/4
f 6560/2/4 6564/2/4 6624/2/4
f 6576/2/4 6580/2/4 6624/2/4
f 6564/2/4 6568/2/4 6624/2/4
f 6572/2/4 6576/2/4 6624/2/4
f 6568/2/4 6572/2/4 6624/2/4
f 6624/2/4 6623/2/4 6625/2/4
f 6623/2/4 6607/2/4 6626/2/4
f 6625/2/4 6623/2/4 6626/2/4
f 6607/2/4 6479/2/4 6626/2/4
f 6626/2/4 6479/2/4 6627/2/4
f 6480/2/4 6481/2/4 6628/2/4
f 6481/2/4 6475/2/4 6629/2/4
f 6628/2/4 6481/2/4 6629/2/4
f 6625/2/4 6626/2/4 6630/2/4
f 6630/2/4 6626/2/4 6631/2/4
f 6631/2/4 6626/2/4 6632/2/4
f 6632/2/4 6626/2/4 6633/2/4
f 6629/2/4 6475/2/4 6634/2/4
f 6475/2/4 6469/2/4 6635/2/4
f 6634/2/4 6475/2/4 6635/2/4
f 6631/2/4 6632/2/4 6636/2/4
f 6636/2/4 6632/2/4 6637/2/4
f 6635/2/4 6469/2/4 6638/2/4
f 6469/2/4 6463/2/4 6639/2/4
f 6638/2/4 6469/2/4 6639/2/4
f 6640/2/4 6641/2/4 6645/2/4
f 6645/2/4 6641/2/4 6646/2/4
f 6642/2/4 6643/2/4 6649/2/4
f 6646/2/4 6647/2/4 6651/2/4
f 6644/2/4 6645/2/4 6651/2/4
f 6645/2/4 6646/2/4 6651/2/4
f 6651/2/4 6647/2/4 6652/2/4
f 6648/2/4 6649/2/4 6655/2/4
f 6652/2/4 6653/2/4 6656/2/4
f 6650/2/4 6651/2/4 6656/2/4
f 6651/2/4 6652/2/4 6656/2/4
f 6656/2/4 6653/2/4 6657/2/4
f 6650/2/4 6656/2/4 6658/2/4
f 6658/2/4 6656/2/4 6659/2/4
f 6657/2/4 6653/2/4 6660/2/4
f 6660/2/4 6653/2/4 6661/2/4
f 6650/2/4 6658/2/4 6662/2/4
f 6662/2/4 6658/2/4 6663/2/4
f 6661/2/4 6653/2/4 6664/2/4
f 6664/2/4 6653/2/4 6665/2/4
f 6650/2/4 6662/2/4 6666/2/4
f 6666/2/4 6662/2/4 6667/2/4
f 6665/2/4 6653/2/4 6668/2/4
f 6668/2/4 6653/2/4 6669/2/4
f 6650/2/4 6666/2/4 6670/2/4
f 6670/2/4 6666/2/4 6671/2/4
f 6669/2/4 6653/2/4 6672/2/4
f 6672/2/4 6653/2/4 6673/2/4
f 6650/2/4 6670/2/4 6674/2/4
f 6674/2/4 6670/2/4 6675/2/4
f 6673/2/4 6653/2/4 6676/2/4
f 6676/2/4 6653/2/4 6677/2/4
f 6677/2/4 6653/2/4 6678/2/4
f 6678/2/4 6653/2/4 6679/2/4
f 6650/2/4 6674/2/4 6680/2/4
f 6679/2/4 6653/2/4 6682/2/4
f 6682/2/4 6653/2/4 6683/2/4
f 6680/2/4 6681/2/4 6684/2/4
f 6683/2/4 6653/2/4 6686/2/4
f 6686/2/4 6653/2/4 6687/2/4
f 6684/2/4 6685/2/4 6688/2/4
f 6687/2/4 6653/2/4 6690/2/4
f 6690/2/4 6653/2/4 6691/2/4
f 6688/2/4 6689/2/4 6692/2/4
f 6691/2/4 6653/2/4 6694/2/4
f 6694/2/4 6653/2/4 6695/2/4
f 6692/2/4 6693/2/4 6696/2/4
f 6688/2/4 6692/2/4 6696/2/4
f 6696/2/4 6693/2/4 6697/2/4
f 6695/2/4 6653/2/4 6698/2/4
f 6698/2/4 6653/2/4 6699/2/4
f 6684/2/4 6688/2/4 6700/2/4
f 6688/2/4 6696/2/4 6700/2/4
f 6700/2/4 6696/2/4 6701/2/4
f 6680/2/4 6684/2/4 6702/2/4
f 6684/2/4 6700/2/4 6702/2/4
f 6702/2/4 6700/2/4 6703/2/4
f 6699/2/4 6653/2/4 6705/2/4
f 6680/2/4 6702/2/4 6706/2/4
f 6650/2/4 6680/2/4 6706/2/4
f 6706/2/4 6702/2/4 6707/2/4
f 6704/2/4 6705/2/4 6713/2/4
f 6650/2/4 6706/2/4 6714/2/4
f 6714/2/4 6706/2/4 6715/2/4
f 6708/2/4 6709/2/4 6717/2/4
f 6717/2/4 6709/2/4 6718/2/4
f 6710/2/4 6711/2/4 6720/2/4
f 6720/2/4 6711/2/4 6721/2/4
f 6712/2/4 6713/2/4 6723/2/4
f 6650/2/4 6714/2/4 6724/2/4
f 6724/2/4 6714/2/4 6725/2/4
f 6718/2/4 6719/2/4 6727/2/4
f 6716/2/4 6717/2/4 6727/2/4
f 6717/2/4 6718/2/4 6727/2/4
f 6727/2/4 6719/2/4 6728/2/4
f 6722/2/4 6723/2/4 6731/2/4
f 6650/2/4 6724/2/4 6732/2/4
f 6732/2/4 6724/2/4 6733/2/4
f 6728/2/4 6729/2/4 6735/2/4
f 6726/2/4 6727/2/4 6735/2/4
f 6727/2/4 6728/2/4 6735/2/4
f 6735/2/4 6729/2/4 6736/2/4
f 6730/2/4 6731/2/4 6739/2/4
f 6650/2/4 6732/2/4 6740/2/4
f 6740/2/4 6732/2/4 6741/2/4
f 6736/2/4 6737/2/4 6743/2/4
f 6734/2/4 6735/2/4 6743/2/4
f 6735/2/4 6736/2/4 6743/2/4
f 6743/2/4 6737/2/4 6744/2/4
f 6738/2/4 6739/2/4 6745/2/4
f 6650/2/4 6740/2/4 6746/2/4
f 6746/2/4 6740/2/4 6747/2/4
f 6744/2/4 6745/2/4 6749/2/4
f 6743/2/4 6744/2/4 6749/2/4
f 6742/2/4 6743/2/4 6749/2/4
f 6650/2/4 6746/2/4 6750/2/4
f 6750/2/4 6746/2/4 6751/2/4
f 6748/2/4 6749/2/4 6753/2/4
f 6650/2/4 6750/2/4 6754/2/4
f 6754/2/4 6750/2/4 6755/2/4
f 6752/2/4 6753/2/4 6757/2/4
f 6650/2/4 6754/2/4 6758/2/4
f 6758/2/4 6754/2/4 6759/2/4
f 6756/2/4 6757/2/4 6761/2/4
f 6650/2/4 6758/2/4 6762/2/4
f 6762/2/4 6758/2/4 6763/2/4
f 6760/2/4 6761/2/4 6765/2/4
f 6650/2/4 6762/2/4 6766/2/4
f 6766/2/4 6762/2/4 6767/2/4
f 6764/2/4 6765/2/4 6769/2/4
f 6650/2/4 6766/2/4 6770/2/4
f 6770/2/4 6766/2/4 6771/2/4
f 6768/2/4 6769/2/4 6773/2/4
f 6650/2/4 6770/2/4 6774/2/4
f 6774/2/4 6770/2/4 6775/2/4
f 6772/2/4 6773/2/4 6777/2/4
f 6650/2/4 6774/2/4 6778/2/4
f 6778/2/4 6774/2/4 6779/2/4
f 6776/2/4 6777/2/4 6781/2/4
f 6650/2/4 6778/2/4 6782/2/4
f 6782/2/4 6778/2/4 6783/2/4
f 6780/2/4 6781/2/4 6785/2/4
f 6650/2/4 6782/2/4 6786/2/4
f 6786/2/4 6782/2/4 6787/2/4
f 6784/2/4 6785/2/4 6789/2/4
f 6788/2/4 6789/2/4 6791/2/4
f 6650/2/4 6786/2/4 6792/2/4
f 6790/2/4 6791/2/4 6795/2/4
f 6792/2/4 6793/2/4 6796/2/4
f 6794/2/4 6795/2/4 6799/2/4
f 6796/2/4 6797/2/4 6800/2/4
f 6798/2/4 6799/2/4 6801/2/4
f 6796/2/4 6800/2/4 6802/2/4
f 6800/2/4 6801/2/4 6802/2/4
f 6650/2/4 6792/2/4 6802/2/4
f 6792/2/4 6796/2/4 6802/2/4
f 6802/2/4 6801/2/4 6803/2/4
f 6803/2/4 6801/2/4 6804/2/4
f 6804/2/4 6801/2/4 6805/2/4
f 6789/2/4 6785/2/4 6806/2/4
f 6805/2/4 6801/2/4 6806/2/4
f 6705/2/4 6653/2/4 6806/2/4
f 6749/2/4 6745/2/4 6806/2/4
f 6713/2/4 6705/2/4 6806/2/4
f 6723/2/4 6713/2/4 6806/2/4
f 6799/2/4 6795/2/4 6806/2/4
f 6795/2/4 6791/2/4 6806/2/4
f 6731/2/4 6723/2/4 6806/2/4
f 6739/2/4 6731/2/4 6806/2/4
f 6791/2/4 6789/2/4 6806/2/4
f 6745/2/4 6739/2/4 6806/2/4
f 6753/2/4 6749/2/4 6806/2/4
f 6801/2/4 6799/2/4 6806/2/4
f 6757/2/4 6753/2/4 6806/2/4
f 6785/2/4 6781/2/4 6806/2/4
f 6761/2/4 6757/2/4 6806/2/4
f 6781/2/4 6777/2/4 6806/2/4
f 6765/2/4 6761/2/4 6806/2/4
f 6777/2/4 6773/2/4 6806/2/4
f 6769/2/4 6765/2/4 6806/2/4
f 6773/2/4 6769/2/4 6806/2/4
f 6806/2/4 6653/2/4 6807/2/4
f 6654/2/4 6655/2/4 6808/2/4
f 6655/2/4 6649/2/4 6809/2/4
f 6808/2/4 6655/2/4 6809/2/4
f 6805/2/4 6806/2/4 6810/2/4
f 6810/2/4 6806/2/4 6811/2/4
f 6811/2/4 6806/2/4 6812/2/4
f 6812/2/4 6806/2/4 6813/2/4
f 6809/2/4 6649/2/4 6814/2/4
f 6814/2/4 6649/2/4 6815/2/4
f 6811/2/4 6812/2/4 6816/2/4
f 6816/2/4 6812/2/4 6817/2/4
f 6817/2/4 6812/2/4 6818/2/4
f 6818/2/4 6812/2/4 6819/2/4
f 6815/2/4 6649/2/4 6820/2/4
f 6649/2/4 6643/2/4 6821/2/4
f 6820/2/4 6649/2/4 6821/2/4
f 6817/2/4 6818/2/4 6822/2/4
f 6822/2/4 6818/2/4 6823/2/4
f 6821/2/4 6643/2/4 6824/2/4
f 6824/2/4 6643/2/4 6825/2/4
f 6826/8/4 6827/8/4 6829/8/4
f 6829/8/4 6827/8/4 6830/8/4
f 6828/8/4 6829/8/4 6833/8/4
f 6829/7/4 6830/7/4 6834/7/4
f 6833/8/4 6829/8/4 6834/8/4
f 6834/7/4 6830/7/4 6835/7/4
f 6835/7/4 6830/7/4 6836/7/4
f 6830/8/4 6831/8/4 6837/8/4
f 6836/7/4 6830/7/4 6837/7/4
f 6837/8/4 6831/8/4 6838/8/4
f 6833/7/4 6834/7/4 6840/7/4
f 6834/7/4 6835/7/4 6840/7/4
f 6840/7/4 6835/7/4 6841/7/4
f 6837/7/4 6838/7/4 6842/7/4
f 6836/7/4 6837/7/4 6842/7/4
f 6842/7/4 6838/7/4 6843/7/4
f 6833/7/4 6840/7/4 6844/7/4
f 6843/7/4 6838/7/4 6847/7/4
f 6838/8/4 6839/8/4 6848/8/4
f 6847/7/4 6838/7/4 6848/7/4
f 6848/8/4 6839/8/4 6849/8/4
f 6832/8/4 6833/8/4 6851/8/4
f 6844/7/4 6845/7/4 6852/7/4
f 6851/8/4 6833/8/4 6852/8/4
f 6833/7/4 6844/7/4 6852/7/4
f 6852/7/4 6845/7/4 6853/7/4
f 6853/7/4 6845/7/4 6854/7/4
f 6846/7/4 6847/7/4 6855/7/4
f 6848/7/4 6849/7/4 6855/7/4
f 6847/7/4 6848/7/4 6855/7/4
f 6849/8/4 6850/8/4 6856/8/4
f 6855/7/4 6849/7/4 6856/7/4
f 6856/8/4 6850/8/4 6857/8/4
f 6852/8/4 6853/8/4 6859/8/4
f 6853/7/4 6854/7/4 6860/7/4
f 6859/8/4 6853/8/4 6860/8/4
f 6854/7/4 6855/7/4 6860/7/4
f 6855/7/4 6856/7/4 6860/7/4
f 6856/7/4 6857/7/4 6860/7/4
f 6860/7/4 6857/7/4 6861/7/4
f 6857/8/4 6858/8/4 6862/8/4
f 6861/7/4 6857/7/4 6862/7/4
f 6862/8/4 6858/8/4 6863/8/4
f 6860/8/4 6861/8/4 6865/8/4
f 6862/7/4 6863/7/4 6866/7/4
f 6865/8/4 6861/8/4 6866/8/4
f 6861/7/4 6862/7/4 6866/7/4
f 6866/7/4 6863/7/4 6867/7/4
f 6863/8/4 6864/8/4 6868/8/4
f 6867/7/4 6863/7/4 6868/7/4
f 6868/8/4 6864/8/4 6869/8/4
f 6866/8/4 6867/8/4 6871/8/4
f 6868/7/4 6869/7/4 6872/7/4
f 6871/8/4 6867/8/4 6872/8/4
f 6867/7/4 6868/7/4 6872/7/4
f 6872/7/4 6869/7/4 6873/7/4
f 6869/8/4 6870/8/4 6874/8/4
f 6873/7/4 6869/7/4 6874/7/4
f 6874/8/4 6870/8/4 6875/8/4
f 6872/8/4 6873/8/4 6877/8/4
f 6874/7/4 6875/7/4 6878/7/4
f 6877/8/4 6873/8/4 6878/8/4
f 6873/7/4 6874/7/4 6878/7/4
f 6878/7/4 6875/7/4 6879/7/4
f 6875/8/4 6876/8/4 6880/8/4
f 6879/7/4 6875/7/4 6880/7/4
f 6880/8/4 6876/8/4 6881/8/4
f 6878/8/4 6879/8/4 6883/8/4
f 6880/7/4 6881/7/4 6884/7/4
f 6883/8/4 6879/8/4 6884/8/4
f 6879/7/4 6880/7/4 6884/7/4
f 6884/7/4 6881/7/4 6885/7/4
f 6881/8/4 6882/8/4 6886/8/4
f 6885/7/4 6881/7/4 6886/7/4
f 6886/8/4 6882/8/4 6887/8/4
f 6884/8/4 6885/8/4 6889/8/4
f 6886/7/4 6887/7/4 6890/7/4
f 6889/8/4 6885/8/4 6890/8/4
f 6885/7/4 6886/7/4 6890/7/4
f 6890/7/4 6887/7/4 6891/7/4
f 6887/8/4 6888/8/4 6892/8/4
f 6891/7/4 6887/7/4 6892/7/4
f 6892/8/4 6888/8/4 6893/8/4
f 6890/8/4 6891/8/4 6895/8/4
f 6892/7/4 6893/7/4 6896/7/4
f 6895/8/4 6891/8/4 6896/8/4
f 6891/7/4 6892/7/4 6896/7/4
f 6896/7/4 6893/7/4 6897/7/4
f 6893/8/4 6894/8/4 6898/8/4
f 6897/7/4 6893/7/4 6898/7/4
f 6898/8/4 6894/8/4 6899/8/4
f 6896/8/4 6897/8/4 6901/8/4
f 6898/7/4 6899/7/4 6902/7/4
f 6901/8/4 6897/8/4 6902/8/4
f 6897/7/4 6898/7/4 6902/7/4
f 6902/7/4 6899/7/4 6903/7/4
f 6899/8/4 6900/8/4 6904/8/4
f 6903/7/4 6899/7/4 6904/7/4
f 6904/8/4 6900/8/4 6905/8/4
f 6902/8/4 6903/8/4 6907/8/4
f 6904/7/4 6905/7/4 6908/7/4
f 6907/8/4 6903/8/4 6908/8/4
f 6903/7/4 6904/7/4 6908/7/4
f 6908/7/4 6905/7/4 6909/7/4
f 6905/8/4 6906/8/4 6910/8/4
f 6909/7/4 6905/7/4 6910/7/4
f 6910/8/4 6906/8/4 6911/8/4
f 6908/8/4 6909/8/4 6913/8/4
f 6910/7/4 6911/7/4 6914/7/4
f 6913/8/4 6909/8/4 6914/8/4
f 6909/7/4 6910/7/4 6914/7/4
f 6914/7/4 6911/7/4 6915/7/4
f 6911/8/4 6912/8/4 6916/8/4
f 6915/7/4 6911/7/4 6916/7/4
f 6916/8/4 6912/8/4 6917/8/4
f 6914/8/4 6915/8/4 6919/8/4
f 6916/7/4 6917/7/4 6920/7/4
f 6919/8/4 6915/8/4 6920/8/4
f 6915/7/4 6916/7/4 6920/7/4
f 6920/7/4 6917/7/4 6921/7/4
f 6917/8/4 6918/8/4 6922/8/4
f 6921/7/4 6917/7/4 6922/7/4
f 6922/8/4 6918/8/4 6923/8/4
f 6920/8/4 6921/8/4 6925/8/4
f 6922/7/4 6923/7/4 6926/7/4
f 6925/8/4 6921/8/4 6926/8/4
f 6921/7/4 6922/7/4 6926/7/4
f 6926/7/4 6923/7/4 6927/7/4
f 6923/8/4 6924/8/4 6928/8/4
f 6927/7/4 6923/7/4 6928/7/4
f 6928/8/4 6924/8/4 6929/8/4
f 6926/8/4 6927/8/4 6931/8/4
f 6928/7/4 6929/7/4 6932/7/4
f 6931/8/4 6927/8/4 6932/8/4
f 6927/7/4 6928/7/4 6932/7/4
f 6932/7/4 6929/7/4 6933/7/4
f 6929/8/4 6930/8/4 6934/8/4
f 6933/7/4 6929/7/4 6934/7/4
f 6934/8/4 6930/8/4 6935/8/4
f 6932/8/4 6933/8/4 6937/8/4
f 6934/7/4 6935/7/4 6938/7/4
f 6937/8/4 6933/8/4 6938/8/4
f 6933/7/4 6934/7/4 6938/7/4
f 6938/7/4 6935/7/4 6939/7/4
f 6935/8/4 6936/8/4 6940/8/4
f 6939/7/4 6935/7/4 6940/7/4
f 6940/8/4 6936/8/4 6941/8/4
f 6938/8/4 6939/8/4 6943/8/4
f 6940/7/4 6941/7/4 6944/7/4
f 6943/8/4 6939/8/4 6944/8/4
f 6939/7/4 6940/7/4 6944/7/4
f 6944/7/4 6941/7/4 6945/7/4
f 6941/8/4 6942/8/4 6946/8/4
f 6945/7/4 6941/7/4 6946/7/4
f 6946/8/4 6942/8/4 6947/8/4
f 6944/8/4 6945/8/4 6949/8/4
f 6946/7/4 6947/7/4 6950/7/4
f 6949/8/4 6945/8/4 6950/8/4
f 6945/7/4 6946/7/4 6950/7/4
f 6950/7/4 6947/7/4 6951/7/4
f 6947/8/4 6948/8/4 6952/8/4
f 6951/7/4 6947/7/4 6952/7/4
f 6952/8/4 6948/8/4 6953/8/4
f 6950/8/4 6951/8/4 6955/8/4
f 6952/7/4 6953/7/4 6956/7/4
f 6955/8/4 6951/8/4 6956/8/4
f 6951/7/4 6952/7/4 6956/7/4
f 6956/7/4 6953/7/4 6957/7/4
f 6953/8/4 6954/8/4 6958/8/4
f 6957/7/4 6953/7/4 6958/7/4
f 6958/8/4 6954/8/4 6959/8/4
f 6956/8/4 6957/8/4 6961/8/4
f 6958/7/4 6959/7/4 6962/7/4
f 6961/8/4 6957/8/4 6962/8/4
f 6957/7/4 6958/7/4 6962/7/4
f 6962/7/4 6959/7/4 6963/7/4
f 6963/7/4 6959/7/4 6964/7/4
f 6964/7/4 6959/7/4 6965/7/4
f 6959/8/4 6960/8/4 6966/8/4
f 6965/7/4 6959/7/4 6966/7/4
f 6966/8/4 6960/8/4 6967/8/4
f 6962/8/4 6963/8/4 6969/8/4
f 6963/7/4 6964/7/4 6970/7/4
f 6969/8/4 6963/8/4 6970/8/4
f 6970/7/4 6964/7/4 6971/7/4
f 6971/7/4 6964/7/4 6972/7/4
f 6964/8/4 6965/8/4 6973/8/4
f 6972/7/4 6964/7/4 6973/7/4
f 6966/7/4 6967/7/4 6974/7/4
f 6973/8/4 6965/8/4 6974/8/4
f 6965/7/4 6966/7/4 6974/7/4
f 6974/7/4 6967/7/4 6975/7/4
f 6967/8/4 6968/8/4 6976/8/4
f 6975/7/4 6967/7/4 6976/7/4
f 6976/8/4 6968/8/4 6977/8/4
f 6971/7/4 6972/7/4 6979/7/4
f 6972/8/4 6973/8/4 6980/8/4
f 6979/7/4 6972/7/4 6980/7/4
f 6973/7/4 6974/7/4 6981/7/4
f 6980/8/4 6973/8/4 6981/8/4
f 6974/8/4 6975/8/4 6982/8/4
f 6981/7/4 6974/7/4 6982/7/4
f 6976/7/4 6977/7/4 6983/7/4
f 6982/8/4 6975/8/4 6983/8/4
f 6975/7/4 6976/7/4 6983/7/4
f 6983/7/4 6977/7/4 6984/7/4
f 6984/7/4 6977/7/4 6985/7/4
f 6977/8/4 6978/8/4 6986/8/4
f 6985/7/4 6977/7/4 6986/7/4
f 6986/8/4 6978/8/4 6987/8/4
f 6971/7/4 6979/7/4 6989/7/4
f 6979/8/4 6980/8/4 6989/8/4
f 6980/7/4 6981/7/4 6990/7/4
f 6989/8/4 6980/8/4 6990/8/4
f 6981/8/4 6982/8/4 6991/8/4
f 6990/7/4 6981/7/4 6991/7/4
f 6982/7/4 6983/7/4 6992/7/4
f 6991/8/4 6982/8/4 6992/8/4
f 6983/7/4 6984/7/4 6992/7/4
f 6992/7/4 6984/7/4 6993/7/4
f 6984/8/4 6985/8/4 6994/8/4
f 6993/7/4 6984/7/4 6994/7/4
f 6986/7/4 6987/7/4 6995/7/4
f 6994/8/4 6985/8/4 6995/8/4
f 6985/7/4 6986/7/4 6995/7/4
f 6995/7/4 6987/7/4 6996/7/4
f 6989/7/4 6990/7/4 6997/7/4
f 6990/8/4 6991/8/4 6997/8/4
f 6992/7/4 6993/7/4 6998/7/4
f 6997/8/4 6991/8/4 6998/8/4
f 6991/7/4 6992/7/4 6998/7/4
f 6998/7/4 6993/7/4 6999/7/4
f 6993/8/4 6994/8/4 7000/8/4
f 6999/7/4 6993/7/4 7000/7/4
f 7000/8/4 6994/8/4 7001/8/4
f 6995/8/4 6996/8/4 7002/8/4
f 6996/7/4 6987/7/4 7003/7/4
f 7002/8/4 6996/8/4 7003/8/4
f 7003/7/4 6987/7/4 7004/7/4
f 6998/7/4 6999/7/4 7005/7/4
f 6997/7/4 6998/7/4 7005/7/4
f 6999/8/4 7000/8/4 7006/8/4
f 7005/7/4 6999/7/4 7006/7/4
f 7006/8/4 7000/8/4 7007/8/4
f 7003/8/4 7004/8/4 7008/8/4
f 7004/7/4 6987/7/4 7009/7/4
f 7008/8/4 7004/8/4 7009/8/4
f 6987/8/4 6988/8/4 7010/8/4
f 7009/7/4 6987/7/4 7010/7/4
f 6989/7/4 6997/7/4 7011/7/4
f 6997/7/4 7005/7/4 7011/7/4
f 7005/8/4 7006/8/4 7012/8/4
f 7011/7/4 7005/7/4 7012/7/4
f 7012/8/4 7006/8/4 7013/8/4
f 7009/8/4 7010/8/4 7015/8/4
f 7010/8/4 6988/8/4 7016/8/4
f 7015/8/4 7010/8/4 7016/8/4
f 6971/7/4 6989/7/4 7017/7/4
f 6989/7/4 7011/7/4 7017/7/4
f 7011/8/4 7012/8/4 7018/8/4
f 7017/7/4 7011/7/4 7018/7/4
f 7012/7/4 7013/7/4 7019/7/4
f 7018/8/4 7012/8/4 7019/8/4
f 7013/8/4 7014/8/4 7020/8/4
f 7019/7/4 7013/7/4 7020/7/4
f 7020/8/4 7014/8/4 7021/8/4
f 7016/8/4 6988/8/4 7023/8/4
f 7023/8/4 6988/8/4 7024/8/4
f 6970/8/4 6971/8/4 7025/8/4
f 6971/7/4 7017/7/4 7025/7/4
f 7017/8/4 7018/8/4 7026/8/4
f 7025/7/4 7017/7/4 7026/7/4
f 7018/7/4 7019/7/4 7027/7/4
f 7026/8/4 7018/8/4 7027/8/4
f 7019/7/4 7020/7/4 7027/7/4
f 7020/7/4 7021/7/4 7027/7/4
f 7027/7/4 7021/7/4 7028/7/4
f 7021/8/4 7022/8/4 7029/8/4
f 7028/7/4 7021/7/4 7029/7/4
f 7029/8/4 7022/8/4 7030/8/4
f 7025/8/4 7026/8/4 7032/8/4
f 6970/8/4 7025/8/4 7032/8/4
f 7032/8/4 7026/8/4 7033/8/4
f 7027/8/4 7028/8/4 7034/8/4
f 7029/7/4 7030/7/4 7035/7/4
f 7034/8/4 7028/8/4 7035/8/4
f 7028/7/4 7029/7/4 7035/7/4
f 7035/7/4 7030/7/4 7036/7/4
f 7030/8/4 7031/8/4 7037/8/4
f 7036/7/4 7030/7/4 7037/7/4
f 7037/8/4 7031/8/4 7038/8/4
f 7035/8/4 7036/8/4 7040/8/4
f 7037/7/4 7038/7/4 7041/7/4
f 7040/8/4 7036/8/4 7041/8/4
f 7036/7/4 7037/7/4 7041/7/4
f 7038/8/4 7039/8/4 7042/8/4
f 7041/7/4 7038/7/4 7042/7/4
f 7042/8/4 7039/8/4 7043/8/4
f 7043/8/4 7044/8/4 7045/8/4
f 7042/8/4 7043/8/4 7045/8/4
f 7041/8/4 7042/8/4 7045/8/4
f 7045/8/4 7044/8/4 7046/8/4
f 7047/8/4 7048/8/4 7050/8/4
f 7050/8/4 7048/8/4 7051/8/4
f 7049/8/4 7050/8/4 7054/8/4
f 7050/7/4 7051/7/4 7055/7/4
f 7054/8/4 7050/8/4 7055/8/4
f 7051/8/4 7052/8/4 7056/8/4
f 7055/7/4 7051/7/4 7056/7/4
f 7056/8/4 7052/8/4 7057/8/4
f 7053/8/4 7054/8/4 7060/8/4
f 7054/7/4 7055/7/4 7061/7/4
f 7055/7/4 7056/7/4 7061/7/4
f 7060/8/4 7054/8/4 7061/8/4
f 7056/7/4 7057/7/4 7061/7/4
f 7061/7/4 7057/7/4 7062/7/4
f 7062/7/4 7057/7/4 7063/7/4
f 7057/8/4 7058/8/4 7064/8/4
f 7063/7/4 7057/7/4 7064/7/4
f 7064/8/4 7058/8/4 7065/8/4
f 7059/8/4 7060/8/4 7068/8/4
f 7060/7/4 7061/7/4 7069/7/4
f 7061/7/4 7062/7/4 7069/7/4
f 7068/8/4 7060/8/4 7069/8/4
f 7069/7/4 7062/7/4 7070/7/4
f 7062/8/4 7063/8/4 7071/8/4
f 7070/7/4 7062/7/4 7071/7/4
f 7063/7/4 7064/7/4 7072/7/4
f 7071/8/4 7063/8/4 7072/8/4
f 7064/7/4 7065/7/4 7072/7/4
f 7065/8/4 7066/8/4 7073/8/4
f 7072/7/4 7065/7/4 7073/7/4
f 7073/8/4 7066/8/4 7074/8/4
f 7067/8/4 7068/8/4 7077/8/4
f 7069/7/4 7070/7/4 7078/7/4
f 7068/7/4 7069/7/4 7078/7/4
f 7077/8/4 7068/8/4 7078/8/4
f 7078/7/4 7070/7/4 7079/7/4
f 7070/8/4 7071/8/4 7080/8/4
f 7079/7/4 7070/7/4 7080/7/4
f 7071/7/4 7072/7/4 7081/7/4
f 7080/8/4 7071/8/4 7081/8/4
f 7072/7/4 7073/7/4 7081/7/4
f 7073/7/4 7074/7/4 7081/7/4
f 7074/8/4 7075/8/4 7082/8/4
f 7081/7/4 7074/7/4 7082/7/4
f 7082/8/4 7075/8/4 7083/8/4
f 7079/8/4 7080/8/4 7085/8/4
f 7078/7/4 7079/7/4 7085/7/4
f 7077/7/4 7078/7/4 7085/7/4
f 7080/7/4 7081/7/4 7086/7/4
f 7085/8/4 7080/8/4 7086/8/4
f 7082/7/4 7083/7/4 7086/7/4
f 7081/7/4 7082/7/4 7086/7/4
f 7083/8/4 7084/8/4 7087/8/4
f 7086/7/4 7083/7/4 7087/7/4
f 7087/8/4 7084/8/4 7088/8/4
f 7076/8/4 7077/8/4 7090/8/4
f 7085/7/4 7086/7/4 7091/7/4
f 7090/8/4 7077/8/4 7091/8/4
f 7077/7/4 7085/7/4 7091/7/4
f 7087/7/4 7088/7/4 7091/7/4
f 7086/7/4 7087/7/4 7091/7/4
f 7091/7/4 7088/7/4 7092/7/4
f 7088/8/4 7089/8/4 7093/8/4
f 7092/7/4 7088/7/4 7093/7/4
f 7093/8/4 7089/8/4 7094/8/4
f 7091/8/4 7092/8/4 7096/8/4
f 7093/7/4 7094/7/4 7097/7/4
f 7096/8/4 7092/8/4 7097/8/4
f 7092/7/4 7093/7/4 7097/7/4
f 7097/7/4 7094/7/4 7098/7/4
f 7094/8/4 7095/8/4 7099/8/4
f 7098/7/4 7094/7/4 7099/7/4
f 7099/8/4 7095/8/4 7100/8/4
f 7097/8/4 7098/8/4 7102/8/4
f 7099/7/4 7100/7/4 7103/7/4
f 7102/8/4 7098/8/4 7103/8/4
f 7098/7/4 7099/7/4 7103/7/4
f 7103/7/4 7100/7/4 7104/7/4
f 7100/8/4 7101/8/4 7105/8/4
f 7104/7/4 7100/7/4 7105/7/4
f 7105/8/4 7101/8/4 7106/8/4
f 7103/8/4 7104/8/4 7108/8/4
f 7105/7/4 7106/7/4 7109/7/4
f 7108/8/4 7104/8/4 7109/8/4
f 7104/7/4 7105/7/4 7109/7/4
f 7109/7/4 7106/7/4 7110/7/4
f 7106/8/4 7107/8/4 7111/8/4
f 7110/7/4 7106/7/4 7111/7/4
f 7111/8/4 7107/8/4 7112/8/4
f 7109/8/4 7110/8/4 7115/8/4
f 7111/7/4 7112/7/4 7116/7/4
f 7112/8/4 7113/8/4 7116/8/4
f 7110/7/4 7111/7/4 7116/7/4
f 7116/8/4 7113/8/4 7117/8/4
f 7114/8/4 7115/8/4 7120/8/4
f 7116/7/4 7117/7/4 7121/7/4
f 7115/8/4 7110/8/4 7121/8/4
f 7120/8/4 7115/8/4 7121/8/4
f 7110/7/4 7116/7/4 7121/7/4
f 7121/7/4 7117/7/4 7122/7/4
f 7122/7/4 7117/7/4 7123/7/4
f 7123/7/4 7117/7/4 7124/7/4
f 7119/8/4 7120/8/4 7126/8/4
f 7120/7/4 7121/7/4 7127/7/4
f 7121/8/4 7122/8/4 7127/8/4
f 7122/7/4 7123/7/4 7128/7/4
f 7127/8/4 7122/8/4 7128/8/4
f 7128/7/4 7123/7/4 7129/7/4
f 7129/7/4 7123/7/4 7130/7/4
f 7123/8/4 7124/8/4 7131/8/4
f 7130/7/4 7123/7/4 7131/7/4
f 7124/7/4 7117/7/4 7132/7/4
f 7131/8/4 7124/8/4 7132/8/4
f 7132/7/4 7117/7/4 7133/7/4
f 7117/8/4 7118/8/4 7134/8/4
f 7133/7/4 7117/7/4 7134/7/4
f 7134/8/4 7118/8/4 7135/8/4
f 7125/8/4 7126/8/4 7137/8/4
f 7126/8/4 7120/8/4 7138/8/4
f 7120/7/4 7127/7/4 7138/7/4
f 7137/8/4 7126/8/4 7138/8/4
f 7127/7/4 7128/7/4 7138/7/4
f 7138/7/4 7128/7/4 7139/7/4
f 7128/8/4 7129/8/4 7140/8/4
f 7129/7/4 7130/7/4 7141/7/4
f 7140/8/4 7129/8/4 7141/8/4
f 7141/7/4 7130/7/4 7142/7/4
f 7142/7/4 7130/7/4 7143/7/4
f 7130/8/4 7131/8/4 7144/8/4
f 7143/7/4 7130/7/4 7144/7/4
f 7132/7/4 7133/7/4 7145/7/4
f 7144/8/4 7131/8/4 7145/8/4
f 7131/7/4 7132/7/4 7145/7/4
f 7145/7/4 7133/7/4 7146/7/4
f 7133/8/4 7134/8/4 7147/8/4
f 7146/7/4 7133/7/4 7147/7/4
f 7147/8/4 7134/8/4 7148/8/4
f 7136/8/4 7137/8/4 7150/8/4
f 7137/7/4 7138/7/4 7151/7/4
f 7150/8/4 7137/8/4 7151/8/4
f 7138/8/4 7139/8/4 7152/8/4
f 7151/7/4 7138/7/4 7152/7/4
f 7139/7/4 7128/7/4 7153/7/4
f 7152/8/4 7139/8/4 7153/8/4
f 7128/8/4 7140/8/4 7154/8/4
f 7153/7/4 7128/7/4 7154/7/4
f 7154/8/4 7140/8/4 7155/8/4
f 7141/8/4 7142/8/4 7156/8/4
f 7142/7/4 7143/7/4 7157/7/4
f 7156/8/4 7142/8/4 7157/8/4
f 7157/7/4 7143/7/4 7158/7/4
f 7158/7/4 7143/7/4 7159/7/4
f 7144/7/4 7145/7/4 7160/7/4
f 7145/7/4 7146/7/4 7160/7/4
f 7160/7/4 7146/7/4 7161/7/4
f 7146/8/4 7147/8/4 7162/8/4
f 7161/7/4 7146/7/4 7162/7/4
f 7162/8/4 7147/8/4 7163/8/4
f 7149/8/4 7150/8/4 7165/8/4
f 7152/7/4 7153/7/4 7166/7/4
f 7151/7/4 7152/7/4 7166/7/4
f 7165/8/4 7150/8/4 7166/8/4
f 7150/7/4 7151/7/4 7166/7/4
f 7153/8/4 7154/8/4 7167/8/4
f 7167/8/4 7154/8/4 7168/8/4
f 7157/8/4 7158/8/4 7169/8/4
f 7158/7/4 7159/7/4 7170/7/4
f 7169/8/4 7158/8/4 7170/8/4
f 7159/7/4 7160/7/4 7170/7/4
f 7160/7/4 7161/7/4 7170/7/4
f 7170/7/4 7161/7/4 7171/7/4
f 7171/7/4 7161/7/4 7172/7/4
f 7161/8/4 7162/8/4 7173/8/4
f 7172/7/4 7161/7/4 7173/7/4
f 7173/8/4 7162/8/4 7174/8/4
f 7164/8/4 7165/8/4 7176/8/4
f 7165/7/4 7166/7/4 7177/7/4
f 7176/8/4 7165/8/4 7177/8/4
f 7166/7/4 7153/7/4 7178/7/4
f 7177/7/4 7166/7/4 7178/7/4
f 7153/8/4 7167/8/4 7179/8/4
f 7178/7/4 7153/7/4 7179/7/4
f 7179/8/4 7167/8/4 7180/8/4
f 7170/8/4 7171/8/4 7181/8/4
f 7171/7/4 7172/7/4 7182/7/4
f 7181/8/4 7171/8/4 7182/8/4
f 7172/8/4 7173/8/4 7183/8/4
f 7182/7/4 7172/7/4 7183/7/4
f 7183/8/4 7173/8/4 7184/8/4
f 7175/8/4 7176/8/4 7186/8/4
f 7177/7/4 7178/7/4 7187/7/4
f 7176/7/4 7177/7/4 7187/7/4
f 7186/8/4 7176/8/4 7187/8/4
f 7187/7/4 7178/7/4 7188/7/4
f 7178/8/4 7179/8/4 7189/8/4
f 7188/7/4 7178/7/4 7189/7/4
f 7189/8/4 7179/8/4 7190/8/4
f 7182/8/4 7183/8/4 7191/8/4
f 7191/8/4 7183/8/4 7192/8/4
f 7185/8/4 7186/8/4 7194/8/4
f 7187/7/4 7188/7/4 7195/7/4
f 7186/7/4 7187/7/4 7195/7/4
f 7194/8/4 7186/8/4 7195/8/4
f 7195/7/4 7188/7/4 7196/7/4
f 7188/8/4 7189/8/4 7197/8/4
f 7196/7/4 7188/7/4 7197/7/4
f 7197/8/4 7189/8/4 7198/8/4
f 7193/8/4 7194/8/4 7200/8/4
f 7195/7/4 7196/7/4 7201/7/4
f 7194/7/4 7195/7/4 7201/7/4
f 7200/8/4 7194/8/4 7201/8/4
f 7201/7/4 7196/7/4 7202/7/4
f 7196/8/4 7197/8/4 7203/8/4
f 7202/7/4 7196/7/4 7203/7/4
f 7203/8/4 7197/8/4 7204/8/4
f 7199/8/4 7200/8/4 7206/8/4
f 7201/7/4 7202/7/4 7207/7/4
f 7200/7/4 7201/7/4 7207/7/4
f 7206/8/4 7200/8/4 7207/8/4
f 7207/7/4 7202/7/4 7208/7/4
f 7202/8/4 7203/8/4 7209/8/4
f 7208/7/4 7202/7/4 7209/7/4
f 7209/8/4 7203/8/4 7210/8/4
f 7205/8/4 7206/8/4 7212/8/4
f 7207/7/4 7208/7/4 7213/7/4
f 7206/7/4 7207/7/4 7213/7/4
f 7212/8/4 7206/8/4 7213/8/4
f 7213/7/4 7208/7/4 7214/7/4
f 7208/8/4 7209/8/4 7215/8/4
f 7214/7/4 7208/7/4 7215/7/4
f 7215/8/4 7209/8/4 7216/8/4
f 7211/8/4 7212/8/4 7218/8/4
f 7213/7/4 7214/7/4 7219/7/4
f 7212/7/4 7213/7/4 7219/7/4
f 7218/8/4 7212/8/4 7219/8/4
f 7219/7/4 7214/7/4 7220/7/4
f 7214/8/4 7215/8/4 7221/8/4
f 7220/7/4 7214/7/4 7221/7/4
f 7221/8/4 7215/8/4 7222/8/4
f 7217/8/4 7218/8/4 7224/8/4
f 7219/7/4 7220/7/4 7225/7/4
f 7218/7/4 7219/7/4 7225/7/4
f 7224/8/4 7218/8/4 7225/8/4
f 7225/7/4 7220/7/4 7226/7/4
f 7220/8/4 7221/8/4 7227/8/4
f 7226/7/4 7220/7/4 7227/7/4
f 7227/8/4 7221/8/4 7228/8/4
f 7223/8/4 7224/8/4 7230/8/4
f 7225/7/4 7226/7/4 7231/7/4
f 7224/7/4 7225/7/4 7231/7/4
f 7230/8/4 7224/8/4 7231/8/4
f 7231/7/4 7226/7/4 7232/7/4
f 7226/8/4 7227/8/4 7233/8/4
f 7232/7/4 7226/7/4 7233/7/4
f 7233/8/4 7227/8/4 7234/8/4
f 7229/8/4 7230/8/4 7236/8/4
f 7231/7/4 7232/7/4 7237/7/4
f 7230/7/4 7231/7/4 7237/7/4
f 7236/8/4 7230/8/4 7237/8/4
f 7237/7/4 7232/7/4 7238/7/4
f 7232/8/4 7233/8/4 7239/8/4
f 7238/7/4 7232/7/4 7239/7/4
f 7239/8/4 7233/8/4 7240/8/4
f 7235/8/4 7236/8/4 7242/8/4
f 7237/7/4 7238/7/4 7243/7/4
f 7236/7/4 7237/7/4 7243/7/4
f 7242/8/4 7236/8/4 7243/8/4
f 7243/7/4 7238/7/4 7244/7/4
f 7238/8/4 7239/8/4 7245/8/4
f 7244/7/4 7238/7/4 7245/7/4
f 7245/8/4 7239/8/4 7246/8/4
f 7241/8/4 7242/8/4 7248/8/4
f 7243/7/4 7244/7/4 7249/7/4
f 7242/7/4 7243/7/4 7249/7/4
f 7248/8/4 7242/8/4 7249/8/4
f 7249/7/4 7244/7/4 7250/7/4
f 7244/8/4 7245/8/4 7251/8/4
f 7250/7/4 7244/7/4 7251/7/4
f 7251/8/4 7245/8/4 7252/8/4
f 7247/8/4 7248/8/4 7254/8/4
f 7249/7/4 7250/7/4 7255/7/4
f 7248/7/4 7249/7/4 7255/7/4
f 7254/8/4 7248/8/4 7255/8/4
f 7255/7/4 7250/7/4 7256/7/4
f 7250/8/4 7251/8/4 7257/8/4
f 7256/7/4 7250/7/4 7257/7/4
f 7257/8/4 7251/8/4 7258/8/4
f 7255/7/4 7256/7/4 7259/7/4
f 7254/7/4 7255/7/4 7259/7/4
f 7256/8/4 7257/8/4 7260/8/4
f 7259/7/4 7256/7/4 7260/7/4
f 7260/8/4 7257/8/4 7261/8/4
f 7253/8/4 7254/8/4 7262/8/4
f 7254/7/4 7259/7/4 7263/7/4
f 7262/8/4 7254/8/4 7263/8/4
f 7263/7/4 7259/7/4 7264/7/4
f 7264/7/4 7259/7/4 7265/7/4
f 7259/8/4 7260/8/4 7266/8/4
f 7265/7/4 7259/7/4 7266/7/4
f 7266/8/4 7260/8/4 7267/8/4
f 7263/8/4 7264/8/4 7268/8/4
f 7264/7/4 7265/7/4 7269/7/4
f 7268/8/4 7264/8/4 7269/8/4
f 7265/8/4 7266/8/4 7270/8/4
f 7269/7/4 7265/7/4 7270/7/4
f 7270/8/4 7266/8/4 7271/8/4
f 7269/8/4 7270/8/4 7272/8/4
f 7272/8/4 7270/8/4 7273/8/4
f 7278/7/4 7279/7/4 7282/7/4
f 7282/7/4 7279/7/4 7283/7/4
f 7280/7/4 7281/7/4 7284/7/4
f 7284/7/4 7281/7/4 7285/7/4
f 7276/9/4 7277/9/4 7286/9/4
f 7286/9/4 7277/9/4 7287/9/4
f 7274/9/4 7275/9/4 7288/9/4
f 7288/9/4 7275/9/4 7289/9/4
f 7290/9/4 7291/9/4 7292/9/4
f 7292/9/4 7291/9/4 7293/9/4
f 7298/7/4 7299/7/4 7302/7/4
f 7302/7/4 7299/7/4 7303/7/4
f 7300/7/4 7301/7/4 7304/7/4
f 7304/7/4 7301/7/4 7305/7/4
f 7294/9/4 7295/9/4 7306/9/4
f 7306/9/4 7295/9/4 7307/9/4
f 7296/9/4 7297/9/4 7308/9/4
f 7308/9/4 7297/9/4 7309/9/4
f 7310/6/4 7311/6/4 7313/6/4
f 7313/6/4 7311/6/4 7314/6/4
f 7314/6/4 7311/6/4 7315/6/4
f 7315/6/4 7311/6/4 7316/6/4
f 7312/6/4 7313/6/4 7318/6/4
f 7318/6/4 7313/6/4 7319/6/4
f 7319/6/4 7313/6/4 7320/6/4
f 7314/6/4 7315/6/4 7321/6/4
f 7321/6/4 7315/6/4 7322/6/4
f 7322/6/4 7315/6/4 7323/6/4
f 7323/6/4 7315/6/4 7324/6/4
f 7317/6/4 7318/6/4 7326/6/4
f 7318/6/4 7319/6/4 7326/6/4
f 7326/6/4 7319/6/4 7327/6/4
f 7327/6/4 7319/6/4 7328/6/4
f 7322/6/4 7323/6/4 7329/6/4
f 7329/6/4 7323/6/4 7330/6/4
f 7330/6/4 7323/6/4 7331/6/4
f 7331/6/4 7323/6/4 7332/6/4
f 7325/6/4 7326/6/4 7334/6/4
f 7326/6/4 7327/6/4 7334/6/4
f 7334/6/4 7327/6/4 7335/6/4
f 7335/6/4 7327/6/4 7336/6/4
f 7330/6/4 7331/6/4 7337/6/4
f 7337/6/4 7331/6/4 7338/6/4
f 7338/6/4 7331/6/4 7339/6/4
f 7339/6/4 7331/6/4 7340/6/4
f 7333/6/4 7334/6/4 7342/6/4
f 7334/6/4 7335/6/4 7342/6/4
f 7342/6/4 7335/6/4 7343/6/4
f 7343/6/4 7335/6/4 7344/6/4
f 7338/4/4 7339/4/4 7345/4/4
f 7345/4/4 7339/4/4 7346/4/4
f 7341/4/4 7342/4/4 7347/4/4
f 7342/4/4 7343/4/4 7347/4/4
f 7347/4/4 7343/4/4 7348/4/4
f 7341/4/4 7347/4/4 7349/4/4
f 7348/4/4 7343/4/4 7350/4/4
f 7338/4/4 7345/4/4 7351/4/4
f 7346/4/4 7339/4/4 7352/4/4
f 7349/4/4 7350/4/4 7353/4/4
f 7341/4/4 7349/4/4 7353/4/4
f 7353/4/4 7350/4/4 7354/4/4
f 7350/4/4 7343/4/4 7355/4/4
f 7354/4/4 7350/4/4 7355/4/4
f 7338/4/4 7351/4/4 7358/4/4
f 7351/4/4 7352/4/4 7358/4/4
f 7352/4/4 7339/4/4 7359/4/4
f 7358/4/4 7352/4/4 7359/4/4
f 7355/6/4 7356/6/4 7361/6/4
f 7354/6/4 7355/6/4 7361/6/4
f 7361/6/4 7356/6/4 7362/6/4
f 7362/6/4 7356/6/4 7363/6/4
f 7359/6/4 7360/6/4 7366/6/4
f 7358/6/4 7359/6/4 7366/6/4
f 7357/6/4 7358/6/4 7366/6/4
f 7366/6/4 7360/6/4 7367/6/4
f 7363/6/4 7364/6/4 7369/6/4
f 7362/6/4 7363/6/4 7369/6/4
f 7369/6/4 7364/6/4 7370/6/4
f 7370/6/4 7364/6/4 7371/6/4
f 7366/6/4 7367/6/4 7372/6/4
f 7365/6/4 7366/6/4 7372/6/4
f 7367/6/4 7368/6/4 7372/6/4
f 7372/6/4 7368/6/4 7373/6/4
f 7372/6/4 7373/6/4 7375/6/4
f 7373/6/4 7374/6/4 7375/6/4
f 7371/6/4 7372/6/4 7375/6/4
f 7370/6/4 7371/6/4 7375/6/4
f 7375/6/4 7374/6/4 7376/6/4
f 7377/6/4 7378/6/4 7380/6/4
f 7380/6/4 7378/6/4 7381/6/4
f 7381/6/4 7378/6/4 7382/6/4
f 7382/6/4 7378/6/4 7383/6/4
f 7383/6/4 7378/6/4 7384/6/4
f 7379/6/4 7380/6/4 7386/6/4
f 7380/6/4 7381/6/4 7386/6/4
f 7386/6/4 7381/6/4 7387/6/4
f 7387/6/4 7381/6/4 7388/6/4
f 7382/6/4 7383/6/4 7389/6/4
f 7389/6/4 7383/6/4 7390/6/4
f 7390/6/4 7383/6/4 7391/6/4
f 7391/6/4 7383/6/4 7392/6/4
f 7385/6/4 7386/6/4 7394/6/4
f 7386/6/4 7387/6/4 7394/6/4
f 7394/6/4 7387/6/4 7395/6/4
f 7395/6/4 7387/6/4 7396/6/4
f 7390/6/4 7391/6/4 7397/6/4
f 7397/6/4 7391/6/4 7398/6/4
f 7398/6/4 7391/6/4 7399/6/4
f 7399/6/4 7391/6/4 7400/6/4
f 7393/4/4 7394/4/4 7401/4/4
f 7394/4/4 7395/4/4 7401/4/4
f 7401/4/4 7395/4/4 7402/4/4
f 7398/4/4 7399/4/4 7403/4/4
f 7403/4/4 7399/4/4 7404/4/4
f 7393/4/4 7401/4/4 7405/4/4
f 7402/4/4 7395/4/4 7406/4/4
f 7393/4/4 7405/4/4 7407/4/4
f 7405/4/4 7406/4/4 7407/4/4
f 7407/4/4 7406/4/4 7408/4/4
f 7406/4/4 7395/4/4 7409/4/4
f 7408/4/4 7406/4/4 7409/4/4
f 7398/4/4 7403/4/4 7411/4/4
f 7404/4/4 7399/4/4 7412/4/4
f 7409/6/4 7410/6/4 7413/6/4
f 7408/6/4 7409/6/4 7413/6/4
f 7413/6/4 7410/6/4 7414/6/4
f 7414/6/4 7410/6/4 7415/6/4
f 7411/4/4 7412/4/4 7418/4/4
f 7398/4/4 7411/4/4 7418/4/4
f 7412/4/4 7399/4/4 7419/4/4
f 7418/4/4 7412/4/4 7419/4/4
f 7415/6/4 7416/6/4 7421/6/4
f 7414/6/4 7415/6/4 7421/6/4
f 7421/6/4 7416/6/4 7422/6/4
f 7422/6/4 7416/6/4 7423/6/4
f 7419/6/4 7420/6/4 7426/6/4
f 7418/6/4 7419/6/4 7426/6/4
f 7417/6/4 7418/6/4 7426/6/4
f 7426/6/4 7420/6/4 7427/6/4
f 7423/6/4 7424/6/4 7429/6/4
f 7422/6/4 7423/6/4 7429/6/4
f 7429/6/4 7424/6/4 7430/6/4
f 7430/6/4 7424/6/4 7431/6/4
f 7426/6/4 7427/6/4 7434/6/4
f 7427/6/4 7428/6/4 7434/6/4
f 7425/6/4 7426/6/4 7434/6/4
f 7434/6/4 7428/6/4 7435/6/4
f 7431/6/4 7432/6/4 7437/6/4
f 7430/6/4 7431/6/4 7437/6/4
f 7437/6/4 7432/6/4 7438/6/4
f 7434/6/4 7435/6/4 7439/6/4
f 7435/6/4 7436/6/4 7439/6/4
f 7433/6/4 7434/6/4 7439/6/4
f 7439/6/4 7436/6/4 7440/6/4
f 7440/6/4 7441/6/4 7442/6/4
f 7439/6/4 7440/6/4 7442/6/4
f 7438/6/4 7439/6/4 7442/6/4
f 7442/6/4 7441/6/4 7443/6/4
f 7444/4/4 7445/4/4 7446/4/4
f 7446/4/4 7445/4/4 7447/4/4
f 7444/4/4 7446/4/4 7448/4/4
f 7448/4/4 7446/4/4 7449/4/4
f 7450/9/4 7451/9/4 7452/9/4
f 7452/9/4 7451/9/4 7453/9/4
f 7454/8/4 7455/8/4 7458/8/4
f 7458/8/4 7455/8/4 7459/8/4
f 7456/4/4 7457/4/4 7460/4/4
f 7460/4/4 7457/4/4 7461/4/4
f 7461/4/4 7457/4/4 7462/4/4
f 7460/6/4 7461/6/4 7463/6/4
f 7463/6/4 7461/6/4 7464/6/4
f 7460/6/4 7463/6/4 7465/6/4
f 7465/6/4 7463/6/4 7466/6/4
f 7460/6/4 7465/6/4 7467/6/4
f 7467/6/4 7465/6/4 7468/6/4
f 7460/6/4 7467/6/4 7469/6/4
f 7469/6/4 7467/6/4 7470/6/4
f 7460/6/4 7469/6/4 7471/6/4
f 7471/6/4 7469/6/4 7472/6/4
f 7473/4/4 7474/4/4 7475/4/4
f 7475/4/4 7474/4/4 7476/4/4
f 7475/6/4 7476/6/4 7478/6/4
f 7476/6/4 7477/6/4 7478/6/4
f 7478/6/4 7479/6/4 7480/6/4
f 7478/6/4 7480/6/4 7482/6/4
f 7480/6/4 7481/6/4 7482/6/4
f 7475/6/4 7478/6/4 7482/6/4
f 7482/6/4 7481/6/4 7483/6/4
f 7484/6/4 7485/6/4 7486/6/4
f 7486/6/4 7485/6/4 7487/6/4
f 7484/6/4 7486/6/4 7488/6/4
f 7488/6/4 7486/6/4 7489/6/4
f 7484/6/4 7488/6/4 7490/6/4
f 7490/6/4 7488/6/4 7491/6/4
f 7491/6/4 7488/6/4 7492/6/4
f 7490/4/4 7491/4/4 7493/4/4
f 7493/4/4 7491/4/4 7494/4/4
f 7495/3/4 7496/3/4 7497/3/4
f 7497/3/4 7498/3/4 7499/3/4
f 7500/6/4 7501/6/4 7502/6/4
f 7499/3/4 7500/3/4 7504/3/4
f 7497/3/4 7499/3/4 7504/3/4
f 7495/3/4 7497/3/4 7504/3/4
f 7500/6/4 7502/6/4 7505/6/4
f 7504/3/4 7500/3/4 7505/3/4
f 7502/6/4 7503/6/4 7505/6/4
f 7505/6/4 7503/6/4 7506/6/4
f 7505/6/4 7506/6/4 7508/6/4
f 7506/6/4 7507/6/4 7508/6/4
f 7504/6/4 7505/6/4 7508/6/4
f 7508/6/4 7507/6/4 7509/6/4
f 7508/4/4 7509/4/4 7511/4/4
f 7509/4/4 7510/4/4 7511/4/4
f 7511/4/4 7510/4/4 7512/4/4
f 7513/4/4 7514/4/4 7515/4/4
f 7515/4/4 7514/4/4 7516/4/4
f 7517/4/4 7518/4/4 7519/4/4
f 7519/4/4 7518/4/4 7520/4/4
f 7521/4/4 7522/4/4 7523/4/4
f 7523/4/4 7522/4/4 7524/4/4
f 7525/4/4 7526/4/4 7527/4/4
f 7527/4/4 7526/4/4 7528/4/4
f 7529/4/4 7530/4/4 7531/4/4
f 7531/4/4 7530/4/4 7532/4/4
f 7533/4/4 7534/4/4 7535/4/4
f 7535/4/4 7534/4/4 7536/4/4
f 7537/6/4 7538/6/4 7542/6/4
f 7542/6/4 7538/6/4 7543/6/4
f 7539/6/4 7540/6/4 7544/6/4
f 7544/6/4 7540/6/4 7545/6/4
f 7541/6/4 7542/6/4 7546/6/4
f 7546/6/4 7542/6/4 7547/6/4
f 7548/6/4 7549/6/4 7550/6/4
f 7550/6/4 7549/6/4 7551/6/4
f 7551/6/4 7552/6/4 7555/6/4
f 7555/6/4 7552/6/4 7556/6/4
f 7553/6/4 7554/6/4 7557/6/4
f 7557/6/4 7554/6/4 7558/6/4
f 7559/6/4 7560/6/4 7567/6/4
f 7567/6/4 7560/6/4 7568/6/4
f 7561/6/4 7562/6/4 7569/6/4
f 7569/6/4 7562/6/4 7570/6/4
f 7563/6/4 7564/6/4 7571/6/4
f 7571/6/4 7564/6/4 7572/6/4
f 7565/6/4 7566/6/4 7573/6/4
f 7573/6/4 7566/6/4 7574/6/4
f 7575/6/4 7576/6/4 7577/6/4
f 7577/6/4 7576/6/4 7578/6/4
f 7579/6/4 7580/6/4 7585/6/4
f 7585/6/4 7580/6/4 7586/6/4
f 7581/6/4 7582/6/4 7587/6/4
f 7587/6/4 7582/6/4 7588/6/4
f 7583/6/4 7584/6/4 7589/6/4
f 7589/6/4 7584/6/4 7590/6/4
f 7591/6/4 7592/6/4 7599/6/4
f 7599/6/4 7592/6/4 7600/6/4
f 7593/6/4 7594/6/4 7601/6/4
f 7601/6/4 7594/6/4 7602/6/4
f 7595/6/4 7596/6/4 7603/6/4
f 7603/6/4 7596/6/4 7604/6/4
f 7597/6/4 7598/6/4 7605/6/4
f 7605/6/4 7598/6/4 7606/6/4
f 7607/6/4 7608/6/4 7609/6/4
f 7609/6/4 7608/6/4 7610/6/4
f 7611/6/4 7612/6/4 7617/6/4
f 7617/6/4 7612/6/4 7618/6/4
f 7613/6/4 7614/6/4 7619/6/4
f 7619/6/4 7614/6/4 7620/6/4
f 7615/6/4 7616/6/4 7621/6/4
f 7621/6/4 7616/6/4 7622/6/4
f 7623/6/4 7624/6/4 7631/6/4
f 7631/6/4 7624/6/4 7632/6/4
f 7625/6/4 7626/6/4 7633/6/4
f 7633/6/4 7626/6/4 7634/6/4
f 7627/6/4 7628/6/4 7635/6/4
f 7635/6/4 7628/6/4 7636/6/4
f 7629/6/4 7630/6/4 7637/6/4
f 7637/6/4 7630/6/4 7638/6/4
f 7639/6/4 7640/6/4 7641/6/4
f 7641/6/4 7640/6/4 7642/6/4
f 7643/6/4 7644/6/4 7649/6/4
f 7649/6/4 7644/6/4 7650/6/4
f 7645/6/4 7646/6/4 7651/6/4
f 7651/6/4 7646/6/4 7652/6/4
f 7647/6/4 7648/6/4 7653/6/4
f 7653/6/4 7648/6/4 7654/6/4
f 7655/6/4 7656/6/4 7657/6/4
f 7657/6/4 7656/6/4 7658/6/4
f 7659/6/4 7660/6/4 7661/6/4
f 7661/6/4 7660/6/4 7662/6/4
f 7663/6/4 7664/6/4 7665/6/4
f 7665/6/4 7664/6/4 7666/6/4
f 7667/6/4 7668/6/4 7669/6/4
f 7669/6/4 7668/6/4 7670/6/4
f 7671/6/4 7672/6/4 7677/6/4
f 7677/6/4 7672/6/4 7678/6/4
f 7673/4/4 7674/4/4 7679/4/4
f 7679/4/4 7674/4/4 7680/4/4
f 7675/6/4 7676/6/4 7681/6/4
f 7681/6/4 7676/6/4 7682/6/4
f 7683/6/4 7684/6/4 7685/6/4
f 7685/6/4 7684/6/4 7686/6/4
f 7689/4/4 7690/4/4 7691/4/4
f 7691/4/4 7690/4/4 7692/4/4
f 7687/6/4 7688/6/4 7693/6/4
f 7693/6/4 7688/6/4 7694/6/4
f 7695/7/4 7696/7/4 7697/7/4
f 7697/7/4 7696/7/4 7698/7/4
f 7699/4/4 7700/4/4 7701/4/4
f 7701/4/4 7700/4/4 7702/4/4
f 7703/4/4 7704/4/4 7705/4/4
f 7705/4/4 7704/4/4 7706/4/4
f 7707/7/4 7708/7/4 7709/7/4
f 7709/7/4 7708/7/4 7710/7/4
f 7711/7/4 7712/7/4 7715/7/4
f 7715/7/4 7712/7/4 7716/7/4
f 7713/7/4 7714/7/4 7717/7/4
f 7717/7/4 7714/7/4 7718/7/4
f 7719/7/4 7720/7/4 7723/7/4
f 7723/7/4 7720/7/4 7724/7/4
f 7721/7/4 7722/7/4 7725/7/4
f 7725/7/4 7722/7/4 7726/7/4
f 7727/4/4 7728/4/4 7729/4/4
f 7729/4/4 7728/4/4 7730/4/4
f 7731/4/4 7732/4/4 7733/4/4
f 7733/4/4 7732/4/4 7734/4/4
f 7735/8/4 7736/8/4 7737/8/4
f 7737/8/4 7736/8/4 7738/8/4
f 7739/8/4 7740/8/4 7741/8/4
f 7741/8/4 7740/8/4 7742/8/4
f 7743/8/4 7744/8/4 7745/8/4
f 7745/8/4 7744/8/4 7746/8/4
f 7747/8/4 7748/8/4 7749/8/4
f 7749/8/4 7748/8/4 7750/8/4
f 7751/8/4 7752/8/4 7753/8/4
f 7753/8/4 7752/8/4 7754/8/4
f 7755/8/4 7756/8/4 7757/8/4
f 7757/8/4 7756/8/4 7758/8/4
f 7759/8/4 7760/8/4 7761/8/4
f 7761/8/4 7760/8/4 7762/8/4
f 7763/8/4 7764/8/4 7765/8/4
f 7765/8/4 7764/8/4 7766/8/4
f 7767/8/4 7768/8/4 7769/8/4
f 7769/8/4 7768/8/4 7770/8/4
f 7771/8/4 7772/8/4 7773/8/4
f 7773/8/4 7772/8/4 7774/8/4
f 7775/8/4 7776/8/4 7777/8/4
f 7777/8/4 7776/8/4 7778/8/4
f 7779/8/4 7780/8/4 7781/8/4
f 7781/8/4 7780/8/4 7782/8/4
f 7783/8/4 7784/8/4 7785/8/4
f 7785/8/4 7784/8/4 7786/8/4
f 7787/8/4 7788/8/4 7789/8/4
f 7789/8/4 7788/8/4 7790/8/4
f 7791/8/4 7792/8/4 7793/8/4
f 7793/8/4 7792/8/4 7794/8/4
f 7795/8/4 7796/8/4 7797/8/4
f 7797/8/4 7796/8/4 7798/8/4
f 7799/8/4 7800/8/4 7801/8/4
f 7801/8/4 7800/8/4 7802/8/4
f 7803/8/4 7804/8/4 7805/8/4
f 7805/8/4 7804/8/4 7806/8/4
f 7807/8/4 7808/8/4 7809/8/4
f 7809/8/4 7808/8/4 7810/8/4
f 7811/8/4 7812/8/4 7813/8/4
f 7813/8/4 7812/8/4 7814/8/4
f 7815/8/4 7816/8/4 7817/8/4
f 7817/8/4 7816/8/4 7818/8/4
f 7819/8/4 7820/8/4 7821/8/4
f 7821/8/4 7820/8/4 7822/8/4
f 7823/8/4 7824/8/4 7825/8/4
f 7825/8/4 7824/8/4 7826/8/4
f 7827/8/4 7828/8/4 7829/8/4
f 7829/8/4 7828/8/4 7830/8/4
f 7831/8/4 7832/8/4 7833/8/4
f 7833/8/4 7832/8/4 7834/8/4
f 7835/8/4 7836/8/4 7837/8/4
f 7837/8/4 7836/8/4 7838/8/4
f 7839/8/4 7840/8/4 7841/8/4
f 7841/8/4 7840/8/4 7842/8/4
f 7843/8/4 7844/8/4 7845/8/4
f 7845/8/4 7844/8/4 7846/8/4
f 7847/8/4 7848/8/4 7851/8/4
f 7851/8/4 7848/8/4 7852/8/4
f 7849/7/4 7850/7/4 7855/7/4
f 7855/7/4 7850/7/4 7856/7/4
f 7853/7/4 7854/7/4 7857/7/4
f 7857/7/4 7854/7/4 7858/7/4
f 7859/7/4 7860/7/4 7863/7/4
f 7863/7/4 7860/7/4 7864/7/4
f 7861/7/4 7862/7/4 7867/7/4
f 7867/7/4 7862/7/4 7868/7/4
f 7865/8/4 7866/8/4 7869/8/4
f 7869/8/4 7866/8/4 7870/8/4
f 7871/8/4 7872/8/4 7873/8/4
f 7873/8/4 7872/8/4 7874/8/4
f 7875/8/4 7876/8/4 7877/8/4
f 7877/8/4 7876/8/4 7878/8/4
f 7879/8/4 7880/8/4 7881/8/4
f 7881/8/4 7880/8/4 7882/8/4
f 7883/8/4 7884/8/4 7885/8/4
f 7885/8/4 7884/8/4 7886/8/4
f 7887/8/4 7888/8/4 7889/8/4
f 7889/8/4 7888/8/4 7890/8/4
f 7891/8/4 7892/8/4 7893/8/4
f 7893/8/4 7892/8/4 7894/8/4
f 7895/8/4 7896/8/4 7897/8/4
f 7897/8/4 7896/8/4 7898/8/4
f 7899/8/4 7900/8/4 7901/8/4
f 7901/8/4 7900/8/4 7902/8/4
f 7903/8/4 7904/8/4 7905/8/4
f 7905/8/4 7904/8/4 7906/8/4
f 7907/8/4 7908/8/4 7909/8/4
f 7909/8/4 7908/8/4 7910/8/4
f 7911/8/4 7912/8/4 7913/8/4
f 7913/8/4 7912/8/4 7914/8/4
f 7915/8/4 7916/8/4 7917/8/4
f 7917/8/4 7916/8/4 7918/8/4
f 7919/8/4 7920/8/4 7923/8/4
f 7923/8/4 7920/8/4 7924/8/4
f 7921/8/4 7922/8/4 7925/8/4
f 7925/8/4 7922/8/4 7926/8/4
f 7927/8/4 7928/8/4 7931/8/4
f 7931/8/4 7928/8/4 7932/8/4
f 7929/8/4 7930/8/4 7933/8/4
f 7933/8/4 7930/8/4 7934/8/4
f 7935/8/4 7936/8/4 7939/8/4
f 7939/8/4 7936/8/4 7940/8/4
f 7937/8/4 7938/8/4 7941/8/4
f 7941/8/4 7938/8/4 7942/8/4
f 7943/8/4 7944/8/4 7947/8/4
f 7947/8/4 7944/8/4 7948/8/4
f 7945/8/4 7946/8/4 7949/8/4
f 7949/8/4 7946/8/4 7950/8/4
f 7951/8/4 7952/8/4 7953/8/4
f 7953/8/4 7952/8/4 7954/8/4
f 7955/8/4 7956/8/4 7957/8/4
f 7957/8/4 7956/8/4 7958/8/4
f 7959/8/4 7960/8/4 7961/8/4
f 7961/8/4 7960/8/4 7962/8/4
f 7963/8/4 7964/8/4 7965/8/4
f 7965/8/4 7964/8/4 7966/8/4
f 7967/8/4 7968/8/4 7969/8/4
f 7969/8/4 7968/8/4 7970/8/4
f 7971/8/4 7972/8/4 7973/8/4
f 7973/8/4 7972/8/4 7974/8/4
f 7975/8/4 7976/8/4 7979/8/4
f 7979/8/4 7976/8/4 7980/8/4
f 7977/8/4 7978/8/4 7981/8/4
f 7981/8/4 7978/8/4 7982/8/4
f 7983/8/4 7984/8/4 7987/8/4
f 7987/8/4 7984/8/4 7988/8/4
f 7985/8/4 7986/8/4 7989/8/4
f 7989/8/4 7986/8/4 7990/8/4
f 7991/8/4 7992/8/4 7993/8/4
f 7993/8/4 7992/8/4 7994/8/4
f 7995/8/4 7996/8/4 7997/8/4
f 7997/8/4 7996/8/4 7998/8/4
f 7999/8/4 8000/8/4 8001/8/4
f 8001/8/4 8000/8/4 8002/8/4
f 8003/8/4 8004/8/4 8005/8/4
f 8005/8/4 8004/8/4 8006/8/4
f 8007/6/4 8008/6/4 8009/6/4
f 8009/6/4 8008/6/4 8010/6/4
f 8007/6/4 8009/6/4 8012/6/4
f 8011/6/4 8012/6/4 8013/6/4
f 8012/6/4 8009/6/4 8014/6/4
f 8013/6/4 8012/6/4 8014/6/4
f 8015/5/4 8016/5/4 8018/5/4
f 8016/1/4 8017/1/4 8019/1/4
f 8018/5/4 8016/5/4 8019/5/4
f 8019/1/4 8017/1/4 8020/1/4
f 8021/6/4 8022/6/4 8023/6/4
f 8023/6/4 8022/6/4 8024/6/4
f 8024/6/4 8022/6/4 8025/6/4
f 8024/6/4 8025/6/4 8027/6/4
f 8025/6/4 8026/6/4 8027/6/4
f 8027/6/4 8026/6/4 8028/6/4
f 8029/6/4 8030/6/4 8035/6/4
f 8035/6/4 8030/6/4 8036/6/4
f 8031/6/4 8032/6/4 8037/6/4
f 8037/6/4 8032/6/4 8038/6/4
f 8033/6/4 8034/6/4 8039/6/4
f 8039/6/4 8034/6/4 8040/6/4
f 8041/6/4 8042/6/4 8043/6/4
f 8043/6/4 8042/6/4 8044/6/4
f 8045/6/4 8046/6/4 8049/6/4
f 8049/6/4 8046/6/4 8050/6/4
f 8047/6/4 8048/6/4 8051/6/4
f 8051/6/4 8048/6/4 8052/6/4
f 8053/6/4 8054/6/4 8061/6/4
f 8061/6/4 8054/6/4 8062/6/4
f 8055/6/4 8056/6/4 8063/6/4
f 8063/6/4 8056/6/4 8064/6/4
f 8057/6/4 8058/6/4 8065/6/4
f 8065/6/4 8058/6/4 8066/6/4
f 8059/6/4 8060/6/4 8067/6/4
f 8067/6/4 8060/6/4 8068/6/4
f 8069/6/4 8070/6/4 8071/6/4
f 8071/6/4 8070/6/4 8072/6/4
f 8073/6/4 8074/6/4 8079/6/4
f 8079/6/4 8074/6/4 8080/6/4
f 8075/6/4 8076/6/4 8081/6/4
f 8081/6/4 8076/6/4 8082/6/4
f 8077/6/4 8078/6/4 8083/6/4
f 8083/6/4 8078/6/4 8084/6/4
f 8085/1/4 8086/1/4 8087/1/4
f 8087/1/4 8086/1/4 8088/1/4
f 8088/1/4 8089/1/4 8090/1/4
f 8090/1/4 8089/1/4 8091/1/4
f 8092/1/4 8093/1/4 8095/1/4
f 8095/1/4 8093/1/4 8096/1/4
f 8094/1/4 8095/1/4 8097/1/4
f 8097/1/4 8095/1/4 8098/1/4
f 8099/6/4 8100/6/4 8107/6/4
f 8107/6/4 8100/6/4 8108/6/4
f 8101/6/4 8102/6/4 8109/6/4
f 8109/6/4 8102/6/4 8110/6/4
f 8103/6/4 8104/6/4 8111/6/4
f 8111/6/4 8104/6/4 8112/6/4
f 8105/6/4 8106/6/4 8113/6/4
f 8113/6/4 8106/6/4 8114/6/4
f 8115/6/4 8116/6/4 8117/6/4
f 8117/6/4 8116/6/4 8118/6/4
f 8119/6/4 8120/6/4 8125/6/4
f 8125/6/4 8120/6/4 8126/6/4
f 8121/6/4 8122/6/4 8127/6/4
f 8127/6/4 8122/6/4 8128/6/4
f 8123/6/4 8124/6/4 8129/6/4
f 8129/6/4 8124/6/4 8130/6/4
f 8131/1/4 8132/1/4 8133/1/4
f 8133/1/4 8132/1/4 8134/1/4
f 8134/1/4 8135/1/4 8136/1/4
f 8136/1/4 8135/1/4 8137/1/4
f 8138/1/4 8139/1/4 8141/1/4
f 8141/1/4 8139/1/4 8142/1/4
f 8140/1/4 8141/1/4 8143/1/4
f 8143/1/4 8141/1/4 8144/1/4
f 8145/4/4 8146/4/4 8149/4/4
f 8149/4/4 8146/4/4 8150/4/4
f 8147/4/4 8148/4/4 8151/4/4
f 8151/4/4 8148/4/4 8152/4/4
f 8153/4/4 8154/4/4 8157/4/4
f 8157/4/4 8154/4/4 8158/4/4
f 8155/4/4 8156/4/4 8159/4/4
f 8159/4/4 8156/4/4 8160/4/4
f 8161/1/4 8162/1/4 8163/1/4
f 8163/1/4 8162/1/4 8164/1/4
f 8164/1/4 8165/1/4 8166/1/4
f 8166/1/4 8165/1/4 8167/1/4
f 8168/1/4 8169/1/4 8171/1/4
f 8171/1/4 8169/1/4 8172/1/4
f 8170/1/4 8171/1/4 8173/1/4
f 8173/1/4 8171/1/4 8174/1/4
f 8175/1/4 8176/1/4 8177/1/4
f 8177/1/4 8176/1/4 8178/1/4
f 8178/1/4 8179/1/4 8180/1/4
f 8180/1/4 8179/1/4 8181/1/4
f 8182/1/4 8183/1/4 8185/1/4
f 8185/1/4 8183/1/4 8186/1/4
f 8184/1/4 8185/1/4 8187/1/4
f 8187/1/4 8185/1/4 8188/1/4
f 8189/8/4 8190/8/4 8191/8/4
f 8191/8/4 8190/8/4 8192/8/4
f 8193/8/4 8194/8/4 8195/8/4
f 8195/8/4 8194/8/4 8196/8/4
f 8197/8/4 8198/8/4 8199/8/4
f 8199/8/4 8198/8/4 8200/8/4
f 8201/8/4 8202/8/4 8203/8/4
f 8203/8/4 8202/8/4 8204/8/4
f 8205/8/4 8206/8/4 8207/8/4
f 8207/8/4 8206/8/4 8208/8/4
f 8209/1/4 8210/1/4 8211/1/4
f 8211/1/4 8210/1/4 8212/1/4
f 8212/1/4 8213/1/4 8214/1/4
f 8214/1/4 8213/1/4 8215/1/4
f 8216/1/4 8217/1/4 8219/1/4
f 8219/1/4 8217/1/4 8220/1/4
f 8218/1/4 8219/1/4 8221/1/4
f 8221/1/4 8219/1/4 8222/1/4
f 8223/8/4 8224/8/4 8225/8/4
f 8225/8/4 8224/8/4 8226/8/4
f 8227/8/4 8228/8/4 8229/8/4
f 8229/8/4 8228/8/4 8230/8/4
f 8231/8/4 8232/8/4 8233/8/4
f 8233/8/4 8232/8/4 8234/8/4
f 8235/1/4 8236/1/4 8237/1/4
f 8237/1/4 8236/1/4 8238/1/4
f 8238/1/4 8236/1/4 8239/1/4
f 8239/1/4 8240/1/4 8242/1/4
f 8242/1/4 8240/1/4 8243/1/4
f 8241/1/4 8242/1/4 8244/1/4
f 8244/1/4 8242/1/4 8245/1/4
f 8245/1/4 8242/1/4 8246/1/4
f 8247/8/4 8248/8/4 8249/8/4
f 8249/8/4 8248/8/4 8250/8/4
f 8251/8/4 8252/8/4 8253/8/4
f 8253/8/4 8252/8/4 8254/8/4
f 8255/8/4 8256/8/4 8261/8/4
f 8261/8/4 8256/8/4 8262/8/4
f 8257/7/4 8258/7/4 8263/7/4
f 8263/7/4 8258/7/4 8264/7/4
f 8259/8/4 8260/8/4 8265/8/4
f 8265/8/4 8260/8/4 8266/8/4
f 8267/1/4 8268/1/4 8269/1/4
f 8269/1/4 8268/1/4 8270/1/4
f 8270/1/4 8268/1/4 8271/1/4
f 8271/1/4 8268/1/4 8272/1/4
f 8273/8/4 8274/8/4 8279/8/4
f 8279/8/4 8274/8/4 8280/8/4
f 8275/7/4 8276/7/4 8281/7/4
f 8281/7/4 8276/7/4 8282/7/4
f 8277/8/4 8278/8/4 8283/8/4
f 8283/8/4 8278/8/4 8284/8/4
f 8285/8/4 8286/8/4 8291/8/4
f 8291/8/4 8286/8/4 8292/8/4
f 8287/8/4 8288/8/4 8293/8/4
f 8293/8/4 8288/8/4 8294/8/4
f 8289/8/4 8290/8/4 8295/8/4
f 8295/8/4 8290/8/4 8296/8/4
f 8297/8/4 8298/8/4 8303/8/4
f 8303/8/4 8298/8/4 8304/8/4
f 8299/8/4 8300/8/4 8305/8/4
f 8305/8/4 8300/8/4 8306/8/4
f 8301/8/4 8302/8/4 8307/8/4
f 8307/8/4 8302/8/4 8308/8/4
f 8309/8/4 8310/8/4 8315/8/4
f 8315/8/4 8310/8/4 8316/8/4
f 8311/8/4 8312/8/4 8317/8/4
f 8317/8/4 8312/8/4 8318/8/4
f 8313/8/4 8314/8/4 8319/8/4
f 8319/8/4 8314/8/4 8320/8/4
f 8321/8/4 8322/8/4 8327/8/4
f 8327/8/4 8322/8/4 8328/8/4
f 8323/8/4 8324/8/4 8329/8/4
f 8329/8/4 8324/8/4 8330/8/4
f 8325/8/4 8326/8/4 8331/8/4
f 8331/8/4 8326/8/4 8332/8/4
f 8333/8/4 8334/8/4 8339/8/4
f 8339/8/4 8334/8/4 8340/8/4
f 8335/8/4 8336/8/4 8341/8/4
f 8341/8/4 8336/8/4 8342/8/4
f 8337/8/4 8338/8/4 8343/8/4
f 8343/8/4 8338/8/4 8344/8/4
f 8345/8/4 8346/8/4 8351/8/4
f 8351/8/4 8346/8/4 8352/8/4
f 8347/8/4 8348/8/4 8353/8/4
f 8353/8/4 8348/8/4 8354/8/4
f 8349/8/4 8350/8/4 8355/8/4
f 8355/8/4 8350/8/4 8356/8/4
f 8357/8/4 8358/8/4 8361/8/4
f 8361/8/4 8358/8/4 8362/8/4
f 8359/8/4 8360/8/4 8363/8/4
f 8363/8/4 8360/8/4 8364/8/4
f 8365/8/4 8366/8/4 8369/8/4
f 8369/8/4 8366/8/4 8370/8/4
f 8367/8/4 8368/8/4 8371/8/4
f 8371/8/4 8368/8/4 8372/8/4
f 8373/8/4 8374/8/4 8375/8/4
f 8375/8/4 8374/8/4 8376/8/4
f 8377/8/4 8378/8/4 8379/8/4
f 8379/8/4 8378/8/4 8380/8/4
f 8381/8/4 8382/8/4 8383/8/4
f 8383/8/4 8382/8/4 8384/8/4
f 8385/8/4 8386/8/4 8387/8/4
f 8387/8/4 8386/8/4 8388/8/4
f 8389/8/4 8390/8/4 8391/8/4
f 8391/8/4 8390/8/4 8392/8/4
f 8393/8/4 8394/8/4 8395/8/4
f 8395/8/4 8394/8/4 8396/8/4
f 8397/8/4 8398/8/4 8399/8/4
f 8399/8/4 8398/8/4 8400/8/4
f 8401/8/4 8402/8/4 8403/8/4
f 8403/8/4 8402/8/4 8404/8/4
f 8405/8/4 8406/8/4 8407/8/4
f 8407/8/4 8406/8/4 8408/8/4
f 8409/8/4 8410/8/4 8411/8/4
f 8411/8/4 8410/8/4 8412/8/4
f 8413/8/4 8414/8/4 8417/8/4
f 8417/8/4 8414/8/4 8418/8/4
f 8415/7/4 8416/7/4 8421/7/4
f 8421/7/4 8416/7/4 8422/7/4
f 8419/7/4 8420/7/4 8423/7/4
f 8423/7/4 8420/7/4 8424/7/4
f 8425/7/4 8426/7/4 8429/7/4
f 8429/7/4 8426/7/4 8430/7/4
f 8427/7/4 8428/7/4 8433/7/4
f 8433/7/4 8428/7/4 8434/7/4
f 8431/8/4 8432/8/4 8435/8/4
f 8435/8/4 8432/8/4 8436/8/4
f 8437/8/4 8438/8/4 8439/8/4
f 8439/8/4 8438/8/4 8440/8/4
f 8441/8/4 8442/8/4 8443/8/4
f 8443/8/4 8442/8/4 8444/8/4
f 8445/8/4 8446/8/4 8447/8/4
f 8447/8/4 8446/8/4 8448/8/4
f 8449/8/4 8450/8/4 8451/8/4
f 8451/8/4 8450/8/4 8452/8/4
f 8453/8/4 8454/8/4 8455/8/4
f 8455/8/4 8454/8/4 8456/8/4
f 8457/8/4 8458/8/4 8459/8/4
f 8459/8/4 8458/8/4 8460/8/4
f 8461/8/4 8462/8/4 8463/8/4
f 8463/8/4 8462/8/4 8464/8/4
f 8465/8/4 8466/8/4 8467/8/4
f 8467/8/4 8466/8/4 8468/8/4
f 8469/8/4 8470/8/4 8471/8/4
f 8471/8/4 8470/8/4 8472/8/4
f 8473/8/4 8474/8/4 8475/8/4
f 8475/8/4 8474/8/4 8476/8/4
f 8477/8/4 8478/8/4 8479/8/4
f 8479/8/4 8478/8/4 8480/8/4
f 8481/8/4 8482/8/4 8483/8/4
f 8483/8/4 8482/8/4 8484/8/4
f 8485/8/4 8486/8/4 8489/8/4
f 8489/8/4 8486/8/4 8490/8/4
f 8487/8/4 8488/8/4 8491/8/4
f 8491/8/4 8488/8/4 8492/8/4
f 8493/8/4 8494/8/4 8497/8/4
f 8497/8/4 8494/8/4 8498/8/4
f 8495/8/4 8496/8/4 8499/8/4
f 8499/8/4 8496/8/4 8500/8/4
f 8501/8/4 8502/8/4 8505/8/4
f 8505/8/4 8502/8/4 8506/8/4
f 8503/8/4 8504/8/4 8507/8/4
f 8507/8/4 8504/8/4 8508/8/4
f 8509/8/4 8510/8/4 8513/8/4
f 8513/8/4 8510/8/4 8514/8/4
f 8511/8/4 8512/8/4 8515/8/4
f 8515/8/4 8512/8/4 8516/8/4
f 8517/8/4 8518/8/4 8519/8/4
f 8519/8/4 8518/8/4 8520/8/4
f 8521/8/4 8522/8/4 8523/8/4
f 8523/8/4 8522/8/4 8524/8/4
f 8525/8/4 8526/8/4 8528/8/4
f 8526/4/4 8527/4/4 8529/4/4
f 8528/8/4 8526/8/4 8529/8/4
f 8529/4/4 8527/4/4 8530/4/4
f 8531/8/4 8532/8/4 8534/8/4
f 8532/4/4 8533/4/4 8535/4/4
f 8534/8/4 8532/8/4 8535/8/4
f 8535/4/4 8533/4/4 8536/4/4
f 8537/4/4 8538/4/4 8539/4/4
f 8539/4/4 8538/4/4 8540/4/4
f 8537/4/4 8539/4/4 8541/4/4
f 8541/4/4 8539/4/4 8542/4/4
f 8543/7/4 8544/7/4 8547/7/4
f 8547/7/4 8544/7/4 8548/7/4
f 8545/7/4 8546/7/4 8549/7/4
f 8549/7/4 8546/7/4 8550/7/4
f 8551/7/4 8552/7/4 8555/7/4
f 8555/7/4 8552/7/4 8556/7/4
f 8553/7/4 8554/7/4 8557/7/4
f 8557/7/4 8554/7/4 8558/7/4
f 8559/2/4 8560/2/4 8563/2/4
f 8563/2/4 8560/2/4 8564/2/4
f 8561/2/4 8562/2/4 8565/2/4
f 8565/2/4 8562/2/4 8566/2/4
f 8567/8/4 8568/8/4 8570/8/4
f 8568/4/4 8569/4/4 8570/4/4
f 8570/4/4 8569/4/4 8571/4/4
f 8570/6/4 8571/6/4 8572/6/4
f 8572/6/4 8571/6/4 8573/6/4
f 8570/6/4 8572/6/4 8574/6/4
f 8574/6/4 8572/6/4 8575/6/4
f 8575/6/4 8572/6/4 8576/6/4
f 8573/6/4 8571/6/4 8577/6/4
f 8570/6/4 8574/6/4 8578/6/4
f 8575/6/4 8576/6/4 8579/6/4
f 8576/6/4 8577/6/4 8579/6/4
f 8567/8/4 8570/8/4 8580/8/4
f 8578/6/4 8579/6/4 8581/6/4
f 8580/8/4 8570/8/4 8581/8/4
f 8570/6/4 8578/6/4 8581/6/4
f 8580/6/4 8581/6/4 8582/6/4
f 8581/6/4 8579/6/4 8583/6/4
f 8582/6/4 8581/6/4 8583/6/4
f 8582/9/4 8583/9/4 8584/9/4
f 8583/6/4 8579/6/4 8585/6/4
f 8584/9/4 8583/9/4 8585/9/4
f 8584/6/4 8585/6/4 8586/6/4
f 8585/6/4 8579/6/4 8587/6/4
f 8586/6/4 8585/6/4 8587/6/4
f 8586/8/4 8587/8/4 8588/8/4
f 8587/6/4 8579/6/4 8588/6/4
f 8579/6/4 8577/6/4 8589/6/4
f 8588/6/4 8579/6/4 8589/6/4
f 8577/6/4 8571/6/4 8589/6/4
f 8586/8/4 8588/8/4 8590/8/4
f 8588/4/4 8589/4/4 8591/4/4
f 8590/8/4 8588/8/4 8591/8/4
f 8591/4/4 8589/4/4 8592/4/4
f 8599/8/5 8594/8/5 8593/8/5
f 8600/6/5 8595/6/5 8594/6/5
f 8600/8/5 8594/8/5 8599/8/5
f 8601/8/5 8598/8/5 8597/8/5
f 8602/8/5 8598/8/5 8601/8/5
f 8603/6/5 8597/6/5 8596/6/5
f 8603/8/5 8601/8/5 8597/8/5
f 8604/6/5 8602/6/5 8601/6/5
f 8604/8/5 8601/8/5 8603/8/5
f 8606/8/5 8599/8/5 8593/8/5
f 8607/8/5 8599/8/5 8606/8/5
f 8608/6/5 8600/6/5 8599/6/5
f 8608/8/5 8599/8/5 8607/8/5
f 8609/6/5 8595/6/5 8600/6/5
f 8609/6/5 8600/6/5 8608/6/5
f 8609/9/5 8596/9/5 8595/9/5
f 8610/6/5 8603/6/5 8596/6/5
f 8610/9/5 8596/9/5 8609/9/5
f 8610/6/5 8604/6/5 8603/6/5
f 8611/6/5 8602/6/5 8604/6/5
f 8611/6/5 8604/6/5 8610/6/5
f 8611/8/5 8598/8/5 8602/8/5
f 8612/8/5 8598/8/5 8611/8/5
f 8614/8/5 8606/8/5 8605/8/5
f 8615/8/5 8608/8/5 8607/8/5
f 8616/8/5 8614/8/5 8605/8/5
f 8616/8/5 8615/8/5 8614/8/5
f 8617/8/5 8615/8/5 8616/8/5
f 8618/8/5 8608/8/5 8615/8/5
f 8618/8/5 8615/8/5 8617/8/5
f 8618/5/5 8609/5/5 8608/5/5
f 8619/9/5 8610/9/5 8609/9/5
f 8619/5/5 8609/5/5 8618/5/5
f 8620/5/5 8611/5/5 8610/5/5
f 8620/9/5 8610/9/5 8619/9/5
f 8621/8/5 8613/8/5 8612/8/5
f 8621/5/5 8611/5/5 8620/5/5
f 8621/8/5 8612/8/5 8611/8/5
f 8622/8/5 8613/8/5 8621/8/5
f 8623/8/5 8613/8/5 8622/8/5
f 8624/8/5 8616/8/5 8605/8/5
f 8625/6/5 8617/6/5 8616/6/5
f 8625/8/5 8616/8/5 8624/8/5
f 8626/8/5 8613/8/5 8623/8/5
f 8626/6/5 8623/6/5 8622/6/5
f 8627/8/5 8613/8/5 8626/8/5
f 8628/6/5 8625/6/5 8624/6/5
f 8629/5/5 8618/5/5 8617/5/5
f 8629/6/5 8625/6/5 8628/6/5
f 8629/5/5 8620/5/5 8619/5/5
f 8629/6/5 8617/6/5 8625/6/5
f 8629/5/5 8619/5/5 8618/5/5
f 8629/5/5 8621/5/5 8620/5/5
f 8629/5/5 8622/5/5 8621/5/5
f 8630/5/5 8622/5/5 8629/5/5
f 8631/5/5 8622/5/5 8630/5/5
f 8632/5/5 8622/5/5 8631/5/5
f 8633/5/5 8622/5/5 8632/5/5
f 8634/6/5 8627/6/5 8626/6/5
f 8634/5/5 8622/5/5 8633/5/5
f 8634/6/5 8626/6/5 8622/6/5
f 8635/6/5 8627/6/5 8634/6/5
f 8636/9/5 8629/9/5 8628/9/5
f 8636/9/5 8630/9/5 8629/9/5
f 8637/9/5 8630/9/5 8636/9/5
f 8638/5/5 8631/5/5 8630/5/5
f 8638/9/5 8630/9/5 8637/9/5
f 8639/5/5 8631/5/5 8638/5/5
f 8640/5/5 8633/5/5 8632/5/5
f 8641/9/5 8635/9/5 8634/9/5
f 8641/9/5 8634/9/5 8633/9/5
f 8641/5/5 8633/5/5 8640/5/5
f 8642/9/5 8635/9/5 8641/9/5
f 8643/9/5 8635/9/5 8642/9/5
f 8644/6/5 8637/6/5 8636/6/5
f 8645/6/5 8637/6/5 8644/6/5
f 8646/6/5 8643/6/5 8642/6/5
f 8647/6/5 8643/6/5 8646/6/5
f 8648/8/5 8645/8/5 8644/8/5
f 8649/6/5 8637/6/5 8645/6/5
f 8649/8/5 8645/8/5 8648/8/5
f 8650/6/5 8646/6/5 8642/6/5
f 8650/8/5 8647/8/5 8646/8/5
f 8651/8/5 8647/8/5 8650/8/5
f 8652/8/5 8648/8/5 8644/8/5
f 8652/6/5 8649/6/5 8648/6/5
f 8653/5/5 8639/5/5 8638/5/5
f 8653/6/5 8649/6/5 8652/6/5
f 8653/5/5 8640/5/5 8639/5/5
f 8653/5/5 8638/5/5 8637/5/5
f 8653/5/5 8641/5/5 8640/5/5
f 8653/6/5 8637/6/5 8649/6/5
f 8653/5/5 8642/5/5 8641/5/5
f 8654/5/5 8642/5/5 8653/5/5
f 8655/5/5 8642/5/5 8654/5/5
f 8656/5/5 8642/5/5 8655/5/5
f 8657/5/5 8642/5/5 8656/5/5
f 8658/6/5 8650/6/5 8642/6/5
f 8658/5/5 8642/5/5 8657/5/5
f 8658/6/5 8651/6/5 8650/6/5
f 8659/8/5 8647/8/5 8651/8/5
f 8659/6/5 8651/6/5 8658/6/5
f 8660/8/5 8652/8/5 8644/8/5
f 8660/8/5 8653/8/5 8652/8/5
f 8660/8/5 8654/8/5 8653/8/5
f 8661/8/5 8654/8/5 8660/8/5
f 8662/5/5 8655/5/5 8654/5/5
f 8662/8/5 8654/8/5 8661/8/5
f 8663/9/5 8656/9/5 8655/9/5
f 8663/5/5 8655/5/5 8662/5/5
f 8664/5/5 8657/5/5 8656/5/5
f 8664/9/5 8656/9/5 8663/9/5
f 8665/8/5 8658/8/5 8657/8/5
f 8665/5/5 8657/5/5 8664/5/5
f 8665/8/5 8659/8/5 8658/8/5
f 8666/8/5 8659/8/5 8665/8/5
f 8667/8/5 8647/8/5 8659/8/5
f 8667/8/5 8659/8/5 8666/8/5
f 8668/6/5 8665/6/5 8664/6/5
f 8669/6/5 8665/6/5 8668/6/5
f 8670/6/5 8663/6/5 8662/6/5
f 8670/8/5 8662/8/5 8661/8/5
f 8671/6/5 8663/6/5 8670/6/5
f 8672/6/5 8665/6/5 8669/6/5
f 8672/8/5 8669/8/5 8668/8/5
f 8673/8/5 8666/8/5 8665/8/5
f 8673/6/5 8665/6/5 8672/6/5
f 8674/8/5 8671/8/5 8670/8/5
f 8674/8/5 8670/8/5 8661/8/5
f 8675/6/5 8663/6/5 8671/6/5
f 8675/8/5 8671/8/5 8674/8/5
f 8676/9/5 8664/9/5 8663/9/5
f 8676/6/5 8663/6/5 8675/6/5
f 8677/6/5 8668/6/5 8664/6/5
f 8677/9/5 8664/9/5 8676/9/5
f 8678/8/5 8672/8/5 8668/8/5
f 8678/6/5 8668/6/5 8677/6/5
f 8678/8/5 8673/8/5 8672/8/5
f 8679/8/5 8666/8/5 8673/8/5
f 8679/8/5 8673/8/5 8678/8/5
f 8682/4/5 8681/4/5 8680/4/5
f 8683/4/5 8681/4/5 8682/4/5
f 8686/2/5 8685/2/5 8684/2/5
f 8687/2/5 8685/2/5 8686/2/5
f 8692/4/5 8689/4/5 8688/4/5
f 8693/4/5 8689/4/5 8692/4/5
f 8694/4/5 8691/4/5 8690/4/5
f 8695/4/5 8691/4/5 8694/4/5
f 8700/4/5 8697/4/5 8696/4/5
f 8701/4/5 8697/4/5 8700/4/5
f 8702/4/5 8699/4/5 8698/4/5
f 8703/4/5 8699/4/5 8702/4/5
f 8708/4/5 8705/4/5 8704/4/5
f 8709/4/5 8705/4/5 8708/4/5
f 8710/4/5 8707/4/5 8706/4/5
f 8711/4/5 8707/4/5 8710/4/5
f 8716/4/5 8713/4/5 8712/4/5
f 8717/4/5 8713/4/5 8716/4/5
f 8718/4/5 8715/4/5 8714/4/5
f 8719/4/5 8715/4/5 8718/4/5
f 8722/8/5 8721/8/5 8720/8/5
f 8723/8/5 8721/8/5 8722/8/5
f 8728/8/5 8725/8/5 8724/8/5
f 8729/8/5 8725/8/5 8728/8/5
f 8730/8/5 8727/8/5 8726/8/5
f 8731/8/5 8727/8/5 8730/8/5
f 8734/8/5 8733/8/5 8732/8/5
f 8735/8/5 8733/8/5 8734/8/5
f 8740/8/5 8737/8/5 8736/8/5
f 8741/8/5 8737/8/5 8740/8/5
f 8742/8/5 8739/8/5 8738/8/5
f 8743/8/5 8739/8/5 8742/8/5
f 8748/8/5 8745/8/5 8744/8/5
f 8749/8/5 8745/8/5 8748/8/5
f 8750/8/5 8747/8/5 8746/8/5
f 8751/8/5 8747/8/5 8750/8/5
f 8756/8/5 8753/8/5 8752/8/5
f 8757/8/5 8753/8/5 8756/8/5
f 8758/8/5 8755/8/5 8754/8/5
f 8759/8/5 8755/8/5 8758/8/5
f 8764/8/5 8761/8/5 8760/8/5
f 8765/8/5 8761/8/5 8764/8/5
f 8766/8/5 8763/8/5 8762/8/5
f 8767/8/5 8763/8/5 8766/8/5
f 8772/8/5 8769/8/5 8768/8/5
f 8773/8/5 8769/8/5 8772/8/5
f 8774/8/5 8771/8/5 8770/8/5
f 8775/8/5 8771/8/5 8774/8/5
f 8780/8/5 8777/8/5 8776/8/5
f 8781/8/5 8777/8/5 8780/8/5
f 8782/8/5 8779/8/5 8778/8/5
f 8783/8/5 8779/8/5 8782/8/5
f 8788/8/5 8785/8/5 8784/8/5
f 8789/8/5 8785/8/5 8788/8/5
f 8790/8/5 8787/8/5 8786/8/5
f 8791/8/5 8787/8/5 8790/8/5
f 8796/8/5 8793/8/5 8792/8/5
f 8797/8/5 8793/8/5 8796/8/5
f 8798/8/5 8795/8/5 8794/8/5
f 8799/8/5 8795/8/5 8798/8/5
f 8802/8/5 8801/8/5 8800/8/5
f 8803/8/5 8801/8/5 8802/8/5
f 8808/8/5 8805/8/5 8804/8/5
f 8809/8/5 8805/8/5 8808/8/5
f 8810/8/5 8807/8/5 8806/8/5
f 8811/8/5 8807/8/5 8810/8/5
f 8814/8/5 8813/8/5 8812/8/5
f 8815/8/5 8813/8/5 8814/8/5
f 8820/8/5 8817/8/5 8816/8/5
f 8821/8/5 8817/8/5 8820/8/5
f 8822/8/5 8819/8/5 8818/8/5
f 8823/8/5 8819/8/5 8822/8/5
f 8828/8/5 8825/8/5 8824/8/5
f 8829/8/5 8825/8/5 8828/8/5
f 8830/8/5 8827/8/5 8826/8/5
f 8831/8/5 8827/8/5 8830/8/5
f 8836/8/5 8833/8/5 8832/8/5
f 8837/8/5 8833/8/5 8836/8/5
f 8838/8/5 8835/8/5 8834/8/5
f 8839/8/5 8835/8/5 8838/8/5
f 8844/8/5 8841/8/5 8840/8/5
f 8845/8/5 8841/8/5 8844/8/5
f 8846/8/5 8843/8/5 8842/8/5
f 8847/8/5 8843/8/5 8846/8/5
f 8858/7/5 8849/7/5 8848/7/5
f 8859/7/5 8849/7/5 8858/7/5
f 8860/7/5 8851/7/5 8850/7/5
f 8861/7/5 8851/7/5 8860/7/5
f 8862/8/5 8853/8/5 8852/8/5
f 8863/8/5 8853/8/5 8862/8/5
f 8864/8/5 8855/8/5 8854/8/5
f 8865/8/5 8855/8/5 8864/8/5
f 8866/8/5 8857/8/5 8856/8/5
f 8867/8/5 8857/8/5 8866/8/5
f 8872/7/5 8869/7/5 8868/7/5
f 8873/7/5 8869/7/5 8872/7/5
f 8874/7/5 8871/7/5 8870/7/5
f 8875/7/5 8871/7/5 8874/7/5
f 8880/7/5 8877/7/5 8876/7/5
f 8881/7/5 8877/7/5 8880/7/5
f 8882/7/5 8879/7/5 8878/7/5
f 8883/7/5 8879/7/5 8882/7/5
f 8888/8/5 8885/8/5 8884/8/5
f 8889/8/5 8885/8/5 8888/8/5
f 8890/8/5 8887/8/5 8886/8/5
f 8891/8/5 8887/8/5 8890/8/5
f 8896/8/5 8893/8/5 8892/8/5
f 8897/8/5 8893/8/5 8896/8/5
f 8898/8/5 8895/8/5 8894/8/5
f 8899/8/5 8895/8/5 8898/8/5
f 8904/8/5 8901/8/5 8900/8/5
f 8905/8/5 8901/8/5 8904/8/5
f 8906/8/5 8903/8/5 8902/8/5
f 8907/8/5 8903/8/5 8906/8/5
f 8918/7/5 8909/7/5 8908/7/5
f 8919/7/5 8909/7/5 8918/7/5
f 8920/7/5 8911/7/5 8910/7/5
f 8921/7/5 8911/7/5 8920/7/5
f 8922/8/5 8913/8/5 8912/8/5
f 8923/8/5 8913/8/5 8922/8/5
f 8924/8/5 8915/8/5 8914/8/5
f 8925/8/5 8915/8/5 8924/8/5
f 8926/8/5 8917/8/5 8916/8/5
f 8927/8/5 8917/8/5 8926/8/5
f 8934/7/5 8929/7/5 8928/7/5
f 8935/7/5 8929/7/5 8934/7/5
f 8936/8/5 8931/8/5 8930/8/5
f 8937/8/5 8931/8/5 8936/8/5
f 8938/8/5 8933/8/5 8932/8/5
f 8939/8/5 8933/8/5 8938/8/5
f 8944/7/5 8941/7/5 8940/7/5
f 8945/7/5 8941/7/5 8944/7/5
f 8946/7/5 8943/7/5 8942/7/5
f 8947/7/5 8943/7/5 8946/7/5
f 8952/8/5 8949/8/5 8948/8/5
f 8953/8/5 8949/8/5 8952/8/5
f 8954/8/5 8951/8/5 8950/8/5
f 8955/8/5 8951/8/5 8954/8/5
f 8960/8/5 8957/8/5 8956/8/5
f 8961/8/5 8957/8/5 8960/8/5
f 8962/8/5 8959/8/5 8958/8/5
f 8963/8/5 8959/8/5 8962/8/5
f 8970/7/5 8965/7/5 8964/7/5
f 8971/7/5 8965/7/5 8970/7/5
f 8972/8/5 8967/8/5 8966/8/5
f 8973/8/5 8967/8/5 8972/8/5
f 8974/8/5 8969/8/5 8968/8/5
f 8975/8/5 8969/8/5 8974/8/5
f 8980/8/5 8977/8/5 8976/8/5
f 8981/8/5 8977/8/5 8980/8/5
f 8982/8/5 8979/8/5 8978/8/5
f 8983/8/5 8979/8/5 8982/8/5
f 8988/8/5 8985/8/5 8984/8/5
f 8989/8/5 8985/8/5 8988/8/5
f 8990/8/5 8987/8/5 8986/8/5
f 8991/8/5 8987/8/5 8990/8/5
f 8996/8/5 8993/8/5 8992/8/5
f 8997/8/5 8993/8/5 8996/8/5
f 8998/8/5 8995/8/5 8994/8/5
f 8999/8/5 8995/8/5 8998/8/5
f 9004/8/5 9001/8/5 9000/8/5
f 9005/8/5 9001/8/5 9004/8/5
f 9006/8/5 9003/8/5 9002/8/5
f 9007/8/5 9003/8/5 9006/8/5
f 9012/8/5 9009/8/5 9008/8/5
f 9013/8/5 9009/8/5 9012/8/5
f 9014/8/5 9011/8/5 9010/8/5
f 9015/8/5 9011/8/5 9014/8/5
f 9020/8/5 9017/8/5 9016/8/5
f 9021/8/5 9017/8/5 9020/8/5
f 9022/8/5 9019/8/5 9018/8/5
f 9023/8/5 9019/8/5 9022/8/5
f 9028/8/5 9025/8/5 9024/8/5
f 9029/8/5 9025/8/5 9028/8/5
f 9030/8/5 9027/8/5 9026/8/5
f 9031/8/5 9027/8/5 9030/8/5
f 9036/8/5 9033/8/5 9032/8/5
f 9037/8/5 9033/8/5 9036/8/5
f 9038/8/5 9035/8/5 9034/8/5
f 9039/8/5 9035/8/5 9038/8/5
f 9042/6/5 9041/6/5 9040/6/5
f 9043/6/5 9041/6/5 9042/6/5
f 9048/8/5 9045/8/5 9044/8/5
f 9049/8/5 9045/8/5 9048/8/5
f 9050/8/5 9047/8/5 9046/8/5
f 9051/8/5 9047/8/5 9050/8/5
f 9056/6/5 9053/6/5 9052/6/5
f 9057/6/5 9053/6/5 9056/6/5
f 9058/6/5 9055/6/5 9054/6/5
f 9059/6/5 9055/6/5 9058/6/5
f 9064/8/5 9061/8/5 9060/8/5
f 9065/8/5 9061/8/5 9064/8/5
f 9066/8/5 9063/8/5 9062/8/5
f 9067/8/5 9063/8/5 9066/8/5
f 9072/8/5 9069/8/5 9068/8/5
f 9073/8/5 9069/8/5 9072/8/5
f 9074/8/5 9071/8/5 9070/8/5
f 9075/8/5 9071/8/5 9074/8/5
f 9080/8/5 9077/8/5 9076/8/5
f 9081/8/5 9077/8/5 9080/8/5
f 9082/8/5 9079/8/5 9078/8/5
f 9083/8/5 9079/8/5 9082/8/5
f 9086/6/5 9085/6/5 9084/6/5
f 9087/6/5 9085/6/5 9086/6/5
f 9092/8/5 9089/8/5 9088/8/5
f 9093/8/5 9089/8/5 9092/8/5
f 9094/8/5 9091/8/5 9090/8/5
f 9095/8/5 9091/8/5 9094/8/5
f 9100/8/5 9097/8/5 9096/8/5
f 9101/8/5 9097/8/5 9100/8/5
f 9102/8/5 9099/8/5 9098/8/5
f 9103/8/5 9099/8/5 9102/8/5
f 9108/8/5 9105/8/5 9104/8/5
f 9109/8/5 9105/8/5 9108/8/5
f 9110/8/5 9107/8/5 9106/8/5
f 9111/8/5 9107/8/5 9110/8/5
f 9116/8/5 9113/8/5 9112/8/5
f 9117/8/5 9113/8/5 9116/8/5
f 9118/8/5 9115/8/5 9114/8/5
f 9119/8/5 9115/8/5 9118/8/5
f 9124/8/5 9121/8/5 9120/8/5
f 9125/8/5 9121/8/5 9124/8/5
f 9126/8/5 9123/8/5 9122/8/5
f 9127/8/5 9123/8/5 9126/8/5
f 9132/8/5 9129/8/5 9128/8/5
f 9133/8/5 9129/8/5 9132/8/5
f 9134/8/5 9131/8/5 9130/8/5
f 9135/8/5 9131/8/5 9134/8/5
f 9140/8/5 9137/8/5 9136/8/5
f 9141/8/5 9137/8/5 9140/8/5
f 9142/8/5 9139/8/5 9138/8/5
f 9143/8/5 9139/8/5 9142/8/5
f 9148/8/5 9145/8/5 9144/8/5
f 9149/8/5 9145/8/5 9148/8/5
f 9150/8/5 9147/8/5 9146/8/5
f 9151/8/5 9147/8/5 9150/8/5
f 9156/8/5 9153/8/5 9152/8/5
f 9157/8/5 9153/8/5 9156/8/5
f 9158/8/5 9155/8/5 9154/8/5
f 9159/8/5 9155/8/5 9158/8/5
f 9164/8/5 9161/8/5 9160/8/5
f 9165/8/5 9161/8/5 9164/8/5
f 9166/8/5 9163/8/5 9162/8/5
f 9167/8/5 9163/8/5 9166/8/5
f 9172/8/5 9169/8/5 9168/8/5
f 9173/8/5 9169/8/5 9172/8/5
f 9174/8/5 9171/8/5 9170/8/5
f 9175/8/5 9171/8/5 9174/8/5
f 9180/8/5 9177/8/5 9176/8/5
f 9181/8/5 9177/8/5 9180/8/5
f 9182/8/5 9179/8/5 9178/8/5
f 9183/8/5 9179/8/5 9182/8/5
f 9188/8/5 9185/8/5 9184/8/5
f 9189/8/5 9185/8/5 9188/8/5
f 9190/8/5 9187/8/5 9186/8/5
f 9191/8/5 9187/8/5 9190/8/5
f 9196/8/5 9193/8/5 9192/8/5
f 9197/8/5 9193/8/5 9196/8/5
f 9198/8/5 9195/8/5 9194/8/5
f 9199/8/5 9195/8/5 9198/8/5
f 9204/8/5 9201/8/5 9200/8/5
f 9205/8/5 9201/8/5 9204/8/5
f 9206/8/5 9203/8/5 9202/8/5
f 9207/8/5 9203/8/5 9206/8/5
f 9212/8/5 9209/8/5 9208/8/5
f 9213/8/5 9209/8/5 9212/8/5
f 9214/8/5 9211/8/5 9210/8/5
f 9215/8/5 9211/8/5 9214/8/5
f 9220/8/5 9217/8/5 9216/8/5
f 9221/8/5 9217/8/5 9220/8/5
f 9222/8/5 9219/8/5 9218/8/5
f 9223/8/5 9219/8/5 9222/8/5
f 9228/8/5 9225/8/5 9224/8/5
f 9229/8/5 9225/8/5 9228/8/5
f 9230/8/5 9227/8/5 9226/8/5
f 9231/8/5 9227/8/5 9230/8/5
f 9236/8/5 9233/8/5 9232/8/5
f 9237/8/5 9233/8/5 9236/8/5
f 9238/8/5 9235/8/5 9234/8/5
f 9239/8/5 9235/8/5 9238/8/5
f 9244/8/5 9241/8/5 9240/8/5
f 9245/8/5 9241/8/5 9244/8/5
f 9246/8/5 9243/8/5 9242/8/5
f 9247/8/5 9243/8/5 9246/8/5
f 9252/8/5 9249/8/5 9248/8/5
f 9253/8/5 9249/8/5 9252/8/5
f 9254/8/5 9251/8/5 9250/8/5
f 9255/8/5 9251/8/5 9254/8/5
f 9260/8/5 9257/8/5 9256/8/5
f 9261/8/5 9257/8/5 9260/8/5
f 9262/8/5 9259/8/5 9258/8/5
f 9263/8/5 9259/8/5 9262/8/5
f 9268/8/5 9265/8/5 9264/8/5
f 9269/8/5 9265/8/5 9268/8/5
f 9270/8/5 9267/8/5 9266/8/5
f 9271/8/5 9267/8/5 9270/8/5
f 9276/8/5 9273/8/5 9272/8/5
f 9277/8/5 9273/8/5 9276/8/5
f 9278/8/5 9275/8/5 9274/8/5
f 9279/8/5 9275/8/5 9278/8/5
f 9284/8/5 9281/8/5 9280/8/5
f 9285/8/5 9281/8/5 9284/8/5
f 9286/8/5 9283/8/5 9282/8/5
f 9287/8/5 9283/8/5 9286/8/5
f 9292/8/5 9289/8/5 9288/8/5
f 9293/8/5 9289/8/5 9292/8/5
f 9294/8/5 9291/8/5 9290/8/5
f 9295/8/5 9291/8/5 9294/8/5
f 9300/8/5 9297/8/5 9296/8/5
f 9301/8/5 9297/8/5 9300/8/5
f 9302/8/5 9299/8/5 9298/8/5
f 9303/8/5 9299/8/5 9302/8/5
f 9308/8/5 9305/8/5 9304/8/5
f 9309/8/5 9305/8/5 9308/8/5
f 9310/8/5 9307/8/5 9306/8/5
f 9311/8/5 9307/8/5 9310/8/5
f 9316/8/5 9313/8/5 9312/8/5
f 9317/8/5 9313/8/5 9316/8/5
f 9318/8/5 9315/8/5 9314/8/5
f 9319/8/5 9315/8/5 9318/8/5
f 9324/8/5 9321/8/5 9320/8/5
f 9325/8/5 9321/8/5 9324/8/5
f 9326/8/5 9323/8/5 9322/8/5
f 9327/8/5 9323/8/5 9326/8/5
f 9332/8/5 9329/8/5 9328/8/5
f 9333/8/5 9329/8/5 9332/8/5
f 9334/8/5 9331/8/5 9330/8/5
f 9335/8/5 9331/8/5 9334/8/5
f 9340/8/5 9337/8/5 9336/8/5
f 9341/8/5 9337/8/5 9340/8/5
f 9342/8/5 9339/8/5 9338/8/5
f 9343/8/5 9339/8/5 9342/8/5
f 9350/8/5 9345/8/5 9344/8/5
f 9351/8/5 9345/8/5 9350/8/5
f 9352/8/5 9347/8/5 9346/8/5
f 9353/8/5 9347/8/5 9352/8/5
f 9354/8/5 9349/8/5 9348/8/5
f 9355/8/5 9349/8/5 9354/8/5
f 9360/8/5 9357/8/5 9356/8/5
f 9361/8/5 9357/8/5 9360/8/5
f 9362/8/5 9359/8/5 9358/8/5
f 9363/8/5 9359/8/5 9362/8/5
f 9368/8/5 9365/8/5 9364/8/5
f 9369/8/5 9365/8/5 9368/8/5
f 9370/8/5 9367/8/5 9366/8/5
f 9371/8/5 9367/8/5 9370/8/5
f 9376/8/5 9373/8/5 9372/8/5
f 9377/8/5 9373/8/5 9376/8/5
f 9378/8/5 9375/8/5 9374/8/5
f 9379/8/5 9375/8/5 9378/8/5
f 9386/8/5 9381/8/5 9380/8/5
f 9387/8/5 9381/8/5 9386/8/5
f 9388/8/5 9383/8/5 9382/8/5
f 9389/8/5 9383/8/5 9388/8/5
f 9390/8/5 9385/8/5 9384/8/5
f 9391/8/5 9385/8/5 9390/8/5
f 9400/8/5 9393/8/5 9392/8/5
f 9401/8/5 9393/8/5 9400/8/5
f 9402/8/5 9395/8/5 9394/8/5
f 9403/8/5 9395/8/5 9402/8/5
f 9404/8/5 9397/8/5 9396/8/5
f 9405/8/5 9397/8/5 9404/8/5
f 9406/8/5 9399/8/5 9398/8/5
f 9407/8/5 9399/8/5 9406/8/5
f 9412/8/5 9409/8/5 9408/8/5
f 9413/8/5 9409/8/5 9412/8/5
f 9414/8/5 9411/8/5 9410/8/5
f 9415/8/5 9411/8/5 9414/8/5
f 9420/8/5 9417/8/5 9416/8/5
f 9421/8/5 9417/8/5 9420/8/5
f 9422/8/5 9419/8/5 9418/8/5
f 9423/8/5 9419/8/5 9422/8/5
f 9428/8/5 9425/8/5 9424/8/5
f 9429/8/5 9425/8/5 9428/8/5
f 9430/8/5 9427/8/5 9426/8/5
f 9431/8/5 9427/8/5 9430/8/5
f 9436/8/5 9433/8/5 9432/8/5
f 9437/8/5 9433/8/5 9436/8/5
f 9438/8/5 9435/8/5 9434/8/5
f 9439/8/5 9435/8/5 9438/8/5
f 9448/8/5 9441/8/5 9440/8/5
f 9449/8/5 9441/8/5 9448/8/5
f 9450/8/5 9443/8/5 9442/8/5
f 9451/8/5 9443/8/5 9450/8/5
f 9452/8/5 9445/8/5 9444/8/5
f 9453/8/5 9445/8/5 9452/8/5
f 9454/8/5 9447/8/5 9446/8/5
f 9455/8/5 9447/8/5 9454/8/5
f 9464/8/5 9457/8/5 9456/8/5
f 9465/8/5 9457/8/5 9464/8/5
f 9466/8/5 9459/8/5 9458/8/5
f 9467/8/5 9459/8/5 9466/8/5
f 9468/8/5 9461/8/5 9460/8/5
f 9469/8/5 9461/8/5 9468/8/5
f 9470/8/5 9463/8/5 9462/8/5
f 9471/8/5 9463/8/5 9470/8/5
f 9476/8/5 9473/8/5 9472/8/5
f 9477/8/5 9473/8/5 9476/8/5
f 9478/8/5 9475/8/5 9474/8/5
f 9479/8/5 9475/8/5 9478/8/5
f 9484/8/5 9481/8/5 9480/8/5
f 9485/8/5 9481/8/5 9484/8/5
f 9486/8/5 9483/8/5 9482/8/5
f 9487/8/5 9483/8/5 9486/8/5
f 9492/8/5 9489/8/5 9488/8/5
f 9493/8/5 9489/8/5 9492/8/5
f 9494/8/5 9491/8/5 9490/8/5
f 9495/8/5 9491/8/5 9494/8/5
f 9500/8/5 9497/8/5 9496/8/5
f 9501/8/5 9497/8/5 9500/8/5
f 9502/8/5 9499/8/5 9498/8/5
f 9503/8/5 9499/8/5 9502/8/5
f 9512/8/5 9505/8/5 9504/8/5
f 9513/8/5 9505/8/5 9512/8/5
f 9514/8/5 9507/8/5 9506/8/5
f 9515/8/5 9507/8/5 9514/8/5
f 9516/8/5 9509/8/5 9508/8/5
f 9517/8/5 9509/8/5 9516/8/5
f 9518/8/5 9511/8/5 9510/8/5
f 9519/8/5 9511/8/5 9518/8/5
f 9528/8/5 9521/8/5 9520/8/5
f 9529/8/5 9521/8/5 9528/8/5
f 9530/8/5 9523/8/5 9522/8/5
f 9531/8/5 9523/8/5 9530/8/5
f 9532/8/5 9525/8/5 9524/8/5
f 9533/8/5 9525/8/5 9532/8/5
f 9534/8/5 9527/8/5 9526/8/5
f 9535/8/5 9527/8/5 9534/8/5
f 9540/8/5 9537/8/5 9536/8/5
f 9541/8/5 9537/8/5 9540/8/5
f 9542/8/5 9539/8/5 9538/8/5
f 9543/8/5 9539/8/5 9542/8/5
f 9548/8/5 9545/8/5 9544/8/5
f 9549/8/5 9545/8/5 9548/8/5
f 9550/8/5 9547/8/5 9546/8/5
f 9551/8/5 9547/8/5 9550/8/5
f 9556/8/5 9553/8/5 9552/8/5
f 9557/8/5 9553/8/5 9556/8/5
f 9558/8/5 9555/8/5 9554/8/5
f 9559/8/5 9555/8/5 9558/8/5
f 9564/8/5 9561/8/5 9560/8/5
f 9565/8/5 9561/8/5 9564/8/5
f 9566/8/5 9563/8/5 9562/8/5
f 9567/8/5 9563/8/5 9566/8/5
f 9576/8/5 9569/8/5 9568/8/5
f 9577/8/5 9569/8/5 9576/8/5
f 9578/8/5 9571/8/5 9570/8/5
f 9579/8/5 9571/8/5 9578/8/5
f 9580/8/5 9573/8/5 9572/8/5
f 9581/8/5 9573/8/5 9580/8/5
f 9582/8/5 9575/8/5 9574/8/5
f 9583/8/5 9575/8/5 9582/8/5
f 9586/6/5 9585/6/5 9584/6/5
f 9587/6/5 9585/6/5 9586/6/5
f 9594/8/5 9589/8/5 9588/8/5
f 9595/8/5 9589/8/5 9594/8/5
f 9596/8/5 9591/8/5 9590/8/5
f 9597/8/5 9591/8/5 9596/8/5
f 9598/8/5 9593/8/5 9592/8/5
f 9599/8/5 9593/8/5 9598/8/5
f 9604/6/5 9601/6/5 9600/6/5
f 9605/6/5 9601/6/5 9604/6/5
f 9606/6/5 9603/6/5 9602/6/5
f 9607/6/5 9603/6/5 9606/6/5
f 9612/8/5 9609/8/5 9608/8/5
f 9613/8/5 9609/8/5 9612/8/5
f 9614/8/5 9611/8/5 9610/8/5
f 9615/8/5 9611/8/5 9614/8/5
f 9620/8/5 9617/8/5 9616/8/5
f 9621/8/5 9617/8/5 9620/8/5
f 9622/8/5 9619/8/5 9618/8/5
f 9623/8/5 9619/8/5 9622/8/5
f 9628/8/5 9625/8/5 9624/8/5
f 9629/8/5 9625/8/5 9628/8/5
f 9630/8/5 9627/8/5 9626/8/5
f 9631/8/5 9627/8/5 9630/8/5
f 9638/8/5 9633/8/5 9632/8/5
f 9639/8/5 9633/8/5 9638/8/5
f 9640/8/5 9635/8/5 9634/8/5
f 9641/8/5 9635/8/5 9640/8/5
f 9642/8/5 9637/8/5 9636/8/5
f 9643/8/5 9637/8/5 9642/8/5
f 9646/6/5 9645/6/5 9644/6/5
f 9647/6/5 9645/6/5 9646/6/5
f 9650/8/5 9649/8/5 9648/8/5
f 9651/8/5 9649/8/5 9650/8/5
f 9656/8/5 9653/8/5 9652/8/5
f 9657/8/5 9653/8/5 9656/8/5
f 9658/8/5 9655/8/5 9654/8/5
f 9659/8/5 9655/8/5 9658/8/5
f 9662/8/5 9661/8/5 9660/8/5
f 9663/8/5 9661/8/5 9662/8/5
f 9666/8/5 9665/8/5 9664/8/5
f 9667/8/5 9665/8/5 9666/8/5
f 9672/8/5 9669/8/5 9668/8/5
f 9673/8/5 9669/8/5 9672/8/5
f 9674/8/5 9671/8/5 9670/8/5
f 9675/8/5 9671/8/5 9674/8/5
f 9678/8/5 9677/8/5 9676/8/5
f 9679/8/5 9677/8/5 9678/8/5
f 9684/8/5 9681/8/5 9680/8/5
f 9685/8/5 9681/8/5 9684/8/5
f 9686/8/5 9683/8/5 9682/8/5
f 9687/8/5 9683/8/5 9686/8/5
f 9692/8/5 9689/8/5 9688/8/5
f 9693/8/5 9689/8/5 9692/8/5
f 9694/8/5 9691/8/5 9690/8/5
f 9695/8/5 9691/8/5 9694/8/5
f 9700/8/5 9697/8/5 9696/8/5
f 9701/8/5 9697/8/5 9700/8/5
f 9702/8/5 9699/8/5 9698/8/5
f 9703/8/5 9699/8/5 9702/8/5
f 9708/8/5 9705/8/5 9704/8/5
f 9709/8/5 9705/8/5 9708/8/5
f 9710/8/5 9707/8/5 9706/8/5
f 9711/8/5 9707/8/5 9710/8/5
f 9714/8/5 9713/8/5 9712/8/5
f 9715/8/5 9713/8/5 9714/8/5
f 9720/8/5 9717/8/5 9716/8/5
f 9721/8/5 9717/8/5 9720/8/5
f 9722/8/5 9719/8/5 9718/8/5
f 9723/8/5 9719/8/5 9722/8/5
f 9726/8/5 9725/8/5 9724/8/5
f 9727/8/5 9725/8/5 9726/8/5
f 9736/8/5 9731/8/5 9730/8/5
f 9737/8/5 9731/8/5 9736/8/5
f 9738/8/5 9733/8/5 9732/8/5
f 9739/8/5 9733/8/5 9738/8/5
f 9740/6/5 9729/6/5 9728/6/5
f 9741/6/5 9729/6/5 9740/6/5
f 9742/6/5 9735/6/5 9734/6/5
f 9743/6/5 9735/6/5 9742/6/5
f 9748/6/5 9745/6/5 9744/6/5
f 9749/6/5 9745/6/5 9748/6/5
f 9750/6/5 9747/6/5 9746/6/5
f 9751/6/5 9747/6/5 9750/6/5
f 9756/8/5 9753/8/5 9752/8/5
f 9757/8/5 9753/8/5 9756/8/5
f 9758/8/5 9755/8/5 9754/8/5
f 9759/8/5 9755/8/5 9758/8/5
f 9764/8/5 9761/8/5 9760/8/5
f 9765/8/5 9761/8/5 9764/8/5
f 9766/8/5 9763/8/5 9762/8/5
f 9767/8/5 9763/8/5 9766/8/5
f 9772/6/5 9769/6/5 9768/6/5
f 9773/6/5 9769/6/5 9772/6/5
f 9774/6/5 9771/6/5 9770/6/5
f 9775/6/5 9771/6/5 9774/6/5
f 9784/6/5 9777/6/5 9776/6/5
f 9785/6/5 9777/6/5 9784/6/5
f 9786/8/5 9781/8/5 9780/8/5
f 9787/8/5 9781/8/5 9786/8/5
f 9788/8/5 9783/8/5 9782/8/5
f 9789/8/5 9783/8/5 9788/8/5
f 9790/6/5 9779/6/5 9778/6/5
f 9791/6/5 9779/6/5 9790/6/5
f 9794/8/5 9793/8/5 9792/8/5
f 9795/8/5 9793/8/5 9794/8/5
f 9800/8/5 9797/8/5 9796/8/5
f 9801/8/5 9797/8/5 9800/8/5
f 9802/8/5 9799/8/5 9798/8/5
f 9803/8/5 9799/8/5 9802/8/5
f 9806/8/5 9805/8/5 9804/8/5
f 9807/8/5 9805/8/5 9806/8/5
f 9816/8/5 9809/8/5 9808/8/5
f 9817/8/5 9809/8/5 9816/8/5
f 9818/7/5 9815/7/5 9814/7/5
f 9819/7/5 9815/7/5 9818/7/5
f 9820/6/5 9811/6/5 9810/6/5
f 9821/6/5 9811/6/5 9820/6/5
f 9822/6/5 9813/6/5 9812/6/5
f 9823/6/5 9813/6/5 9822/6/5
f 9828/8/5 9825/8/5 9824/8/5
f 9829/8/5 9825/8/5 9828/8/5
f 9830/8/5 9827/8/5 9826/8/5
f 9831/8/5 9827/8/5 9830/8/5
f 9836/6/5 9833/6/5 9832/6/5
f 9837/6/5 9833/6/5 9836/6/5
f 9838/6/5 9835/6/5 9834/6/5
f 9839/6/5 9835/6/5 9838/6/5
f 9844/6/5 9841/6/5 9840/6/5
f 9845/6/5 9841/6/5 9844/6/5
f 9846/6/5 9843/6/5 9842/6/5
f 9847/6/5 9843/6/5 9846/6/5
f 9852/7/5 9849/7/5 9848/7/5
f 9853/7/5 9849/7/5 9852/7/5
f 9854/7/5 9851/7/5 9850/7/5
f 9855/7/5 9851/7/5 9854/7/5
f 9864/8/5 9861/8/5 9860/8/5
f 9865/8/5 9861/8/5 9864/8/5
f 9866/6/5 9857/6/5 9856/6/5
f 9867/6/5 9857/6/5 9866/6/5
f 9868/6/5 9859/6/5 9858/6/5
f 9869/6/5 9859/6/5 9868/6/5
f 9870/7/5 9863/7/5 9862/7/5
f 9871/7/5 9863/7/5 9870/7/5
f 9874/8/5 9873/8/5 9872/8/5
f 9875/8/5 9873/8/5 9874/8/5
f 9880/8/5 9877/8/5 9876/8/5
f 9881/8/5 9877/8/5 9880/8/5
f 9882/8/5 9879/8/5 9878/8/5
f 9883/8/5 9879/8/5 9882/8/5
f 9886/8/5 9885/8/5 9884/8/5
f 9887/8/5 9885/8/5 9886/8/5
f 9890/8/5 9889/8/5 9888/8/5
f 9891/8/5 9889/8/5 9890/8/5
f 9896/8/5 9893/8/5 9892/8/5
f 9897/8/5 9893/8/5 9896/8/5
f 9898/8/5 9895/8/5 9894/8/5
f 9899/8/5 9895/8/5 9898/8/5
f 9902/8/5 9901/8/5 9900/8/5
f 9903/8/5 9901/8/5 9902/8/5
f 9906/8/5 9905/8/5 9904/8/5
f 9907/8/5 9905/8/5 9906/8/5
f 9912/8/5 9909/8/5 9908/8/5
f 9913/8/5 9909/8/5 9912/8/5
f 9914/8/5 9911/8/5 9910/8/5
f 9915/8/5 9911/8/5 9914/8/5
f 9918/8/5 9917/8/5 9916/8/5
f 9919/8/5 9917/8/5 9918/8/5
f 9924/6/5 9921/6/5 9920/6/5
f 9925/6/5 9921/6/5 9924/6/5
f 9926/6/5 9923/6/5 9922/6/5
f 9927/6/5 9923/6/5 9926/6/5
f 9932/6/5 9929/6/5 9928/6/5
f 9933/6/5 9929/6/5 9932/6/5
f 9934/6/5 9931/6/5 9930/6/5
f 9935/6/5 9931/6/5 9934/6/5
f 9940/6/5 9937/6/5 9936/6/5
f 9941/6/5 9937/6/5 9940/6/5
f 9942/6/5 9939/6/5 9938/6/5
f 9943/6/5 9939/6/5 9942/6/5
f 9948/6/5 9945/6/5 9944/6/5
f 9949/6/5 9945/6/5 9948/6/5
f 9950/6/5 9947/6/5 9946/6/5
f 9951/6/5 9947/6/5 9950/6/5
f 9960/6/5 9953/6/5 9952/6/5
f 9961/6/5 9953/6/5 9960/6/5
f 9962/6/5 9955/6/5 9954/6/5
f 9963/6/5 9955/6/5 9962/6/5
f 9964/6/5 9957/6/5 9956/6/5
f 9965/6/5 9957/6/5 9964/6/5
f 9966/6/5 9959/6/5 9958/6/5
f 9967/6/5 9959/6/5 9966/6/5
f 9972/6/5 9969/6/5 9968/6/5
f 9973/6/5 9969/6/5 9972/6/5
f 9974/6/5 9971/6/5 9970/6/5
f 9975/6/5 9971/6/5 9974/6/5
f 9980/6/5 9977/6/5 9976/6/5
f 9981/6/5 9977/6/5 9980/6/5
f 9982/6/5 9979/6/5 9978/6/5
f 9983/6/5 9979/6/5 9982/6/5
f 9988/6/5 9985/6/5 9984/6/5
f 9989/6/5 9985/6/5 9988/6/5
f 9990/6/5 9987/6/5 9986/6/5
f 9991/6/5 9987/6/5 9990/6/5
f 9996/6/5 9993/6/5 9992/6/5
f 9997/6/5 9993/6/5 9996/6/5
f 9998/6/5 9995/6/5 9994/6/5
f 9999/6/5 9995/6/5 9998/6/5
f 10008/6/5 10001/6/5 10000/6/5
f 10009/6/5 10001/6/5 10008/6/5
f 10010/6/5 10003/6/5 10002/6/5
f 10011/6/5 10003/6/5 10010/6/5
f 10012/6/5 10005/6/5 10004/6/5
f 10013/6/5 10005/6/5 10012/6/5
f 10014/6/5 10007/6/5 10006/6/5
f 10015/6/5 10007/6/5 10014/6/5
f 10020/4/5 10017/4/5 10016/4/5
f 10021/4/5 10017/4/5 10020/4/5
f 10022/4/5 10019/4/5 10018/4/5
f 10023/4/5 10019/4/5 10022/4/5
f 10028/4/5 10025/4/5 10024/4/5
f 10029/4/5 10025/4/5 10028/4/5
f 10030/4/5 10027/4/5 10026/4/5
f 10031/4/5 10027/4/5 10030/4/5
f 10036/4/5 10033/4/5 10032/4/5
f 10037/4/5 10033/4/5 10036/4/5
f 10038/4/5 10035/4/5 10034/4/5
f 10039/4/5 10035/4/5 10038/4/5
f 10044/4/5 10041/4/5 10040/4/5
f 10045/4/5 10041/4/5 10044/4/5
f 10046/4/5 10043/4/5 10042/4/5
f 10047/4/5 10043/4/5 10046/4/5
f 10052/4/5 10049/4/5 10048/4/5
f 10053/4/5 10049/4/5 10052/4/5
f 10054/4/5 10051/4/5 10050/4/5
f 10055/4/5 10051/4/5 10054/4/5
f 10060/4/5 10057/4/5 10056/4/5
f 10061/4/5 10057/4/5 10060/4/5
f 10062/4/5 10059/4/5 10058/4/5
f 10063/4/5 10059/4/5 10062/4/5
f 10068/4/5 10065/4/5 10064/4/5
f 10069/4/5 10065/4/5 10068/4/5
f 10070/4/5 10067/4/5 10066/4/5
f 10071/4/5 10067/4/5 10070/4/5
f 10076/4/5 10073/4/5 10072/4/5
f 10077/4/5 10073/4/5 10076/4/5
f 10078/4/5 10075/4/5 10074/4/5
f 10079/4/5 10075/4/5 10078/4/5
f 10082/4/5 10081/4/5 10080/4/5
f 10083/4/5 10081/4/5 10082/4/5
f 10088/4/5 10085/4/5 10084/4/5
f 10089/4/5 10085/4/5 10088/4/5
f 10090/4/5 10087/4/5 10086/4/5
f 10091/4/5 10087/4/5 10090/4/5
f 10094/4/5 10093/4/5 10092/4/5
f 10095/4/5 10093/4/5 10094/4/5
f 10098/4/5 10097/4/5 10096/4/5
f 10099/4/5 10097/4/5 10098/4/5
f 10104/4/5 10101/4/5 10100/4/5
f 10105/4/5 10101/4/5 10104/4/5
f 10106/4/5 10103/4/5 10102/4/5
f 10107/4/5 10103/4/5 10106/4/5
f 10110/4/5 10109/4/5 10108/4/5
f 10111/4/5 10109/4/5 10110/4/5
f 10112/9/6 10113/9/6 10116/9/6
f 10116/9/6 10113/9/6 10117/9/6
f 10114/8/6 10115/8/6 10121/8/6
f 10118/8/6 10119/8/6 10122/8/6
f 10120/8/6 10121/8/6 10125/8/6
f 10122/8/6 10123/8/6 10126/8/6
f 10115/5/6 10116/5/6 10128/5/6
f 10116/9/6 10117/9/6 10129/9/6
f 10128/5/6 10116/5/6 10129/5/6
f 10117/5/6 10118/5/6 10130/5/6
f 10129/9/6 10117/9/6 10130/9/6
f 10130/5/6 10118/5/6 10131/5/6
f 10124/8/6 10125/8/6 10132/8/6
f 10121/8/6 10115/8/6 10132/8/6
f 10125/8/6 10121/8/6 10132/8/6
f 10115/5/6 10128/5/6 10133/5/6
f 10132/8/6 10115/8/6 10133/8/6
f 10133/5/6 10128/5/6 10134/5/6
f 10131/5/6 10118/5/6 10135/5/6
f 10126/8/6 10127/8/6 10136/8/6
f 10135/5/6 10118/5/6 10136/5/6
f 10122/8/6 10126/8/6 10136/8/6
f 10118/8/6 10122/8/6 10136/8/6
f 10136/8/6 10127/8/6 10137/8/6
f 10124/8/6 10132/8/6 10138/8/6
f 10138/8/6 10132/8/6 10139/8/6
f 10137/8/6 10127/8/6 10140/8/6
f 10140/8/6 10127/8/6 10141/8/6
f 10124/8/6 10138/8/6 10142/8/6
f 10142/8/6 10138/8/6 10143/8/6
f 10141/8/6 10127/8/6 10144/8/6
f 10144/8/6 10127/8/6 10145/8/6
f 10124/8/6 10142/8/6 10146/8/6
f 10146/8/6 10142/8/6 10147/8/6
f 10145/8/6 10127/8/6 10148/8/6
f 10148/8/6 10127/8/6 10149/8/6
f 10124/8/6 10146/8/6 10150/8/6
f 10150/8/6 10146/8/6 10151/8/6
f 10149/8/6 10127/8/6 10152/8/6
f 10152/8/6 10127/8/6 10153/8/6
f 10124/8/6 10150/8/6 10154/8/6
f 10154/8/6 10150/8/6 10155/8/6
f 10153/8/6 10127/8/6 10156/8/6
f 10156/8/6 10127/8/6 10157/8/6
f 10154/5/6 10155/5/6 10158/5/6
f 10158/5/6 10155/5/6 10159/5/6
f 10156/5/6 10157/5/6 10160/5/6
f 10160/5/6 10157/5/6 10161/5/6
f 10154/5/6 10158/5/6 10163/5/6
f 10163/5/6 10158/5/6 10164/5/6
f 10161/5/6 10157/5/6 10165/5/6
f 10165/5/6 10157/5/6 10166/5/6
f 10163/9/6 10164/9/6 10168/9/6
f 10162/9/6 10163/9/6 10168/9/6
f 10168/9/6 10164/9/6 10169/9/6
f 10169/9/6 10164/9/6 10170/9/6
f 10165/9/6 10166/9/6 10171/9/6
f 10166/9/6 10167/9/6 10171/9/6
f 10171/9/6 10167/9/6 10172/9/6
f 10172/9/6 10167/9/6 10173/9/6
f 10169/5/6 10170/5/6 10174/5/6
f 10171/5/6 10172/5/6 10177/5/6
f 10174/5/6 10175/5/6 10178/5/6
f 10169/5/6 10174/5/6 10178/5/6
f 10178/5/6 10175/5/6 10179/5/6
f 10176/5/6 10177/5/6 10180/5/6
f 10177/5/6 10172/5/6 10181/5/6
f 10180/5/6 10177/5/6 10181/5/6
f 10178/8/6 10179/8/6 10182/8/6
f 10180/8/6 10181/8/6 10185/8/6
f 10182/8/6 10183/8/6 10186/8/6
f 10184/8/6 10185/8/6 10189/8/6
f 10186/8/6 10187/8/6 10190/8/6
f 10188/8/6 10189/8/6 10193/8/6
f 10190/8/6 10191/8/6 10194/8/6
f 10192/8/6 10193/8/6 10197/8/6
f 10194/8/6 10195/8/6 10198/8/6
f 10196/8/6 10197/8/6 10203/8/6
f 10199/5/6 10200/5/6 10204/5/6
f 10201/5/6 10202/5/6 10207/5/6
f 10178/8/6 10182/8/6 10208/8/6
f 10182/8/6 10186/8/6 10208/8/6
f 10186/8/6 10190/8/6 10208/8/6
f 10190/8/6 10194/8/6 10208/8/6
f 10194/8/6 10198/8/6 10208/8/6
f 10198/8/6 10199/8/6 10208/8/6
f 10208/8/6 10199/8/6 10209/8/6
f 10185/8/6 10181/8/6 10210/8/6
f 10189/8/6 10185/8/6 10210/8/6
f 10193/8/6 10189/8/6 10210/8/6
f 10197/8/6 10193/8/6 10210/8/6
f 10203/8/6 10197/8/6 10210/8/6
f 10202/8/6 10203/8/6 10210/8/6
f 10210/8/6 10181/8/6 10211/8/6
f 10209/8/6 10199/8/6 10212/8/6
f 10212/8/6 10199/8/6 10213/8/6
f 10202/8/6 10210/8/6 10214/8/6
f 10214/8/6 10210/8/6 10215/8/6
f 10213/8/6 10199/8/6 10216/8/6
f 10204/5/6 10205/5/6 10217/5/6
f 10216/8/6 10199/8/6 10217/8/6
f 10199/5/6 10204/5/6 10217/5/6
f 10205/9/6 10206/9/6 10218/9/6
f 10217/5/6 10205/5/6 10218/5/6
f 10206/5/6 10207/5/6 10219/5/6
f 10218/9/6 10206/9/6 10219/9/6
f 10207/5/6 10202/5/6 10220/5/6
f 10219/5/6 10207/5/6 10220/5/6
f 10202/8/6 10214/8/6 10220/8/6
f 10220/8/6 10214/8/6 10221/8/6
f 10218/9/6 10219/9/6 10222/9/6
f 10222/9/6 10219/9/6 10223/9/6
f 10226/4/6 10227/4/6 10228/4/6
f 10224/4/6 10225/4/6 10231/4/6
f 10231/4/6 10225/4/6 10232/4/6
f 10232/4/6 10225/4/6 10233/4/6
f 10226/4/6 10228/4/6 10234/4/6
f 10234/4/6 10228/4/6 10235/4/6
f 10235/4/6 10228/4/6 10236/4/6
f 10229/4/6 10230/4/6 10240/4/6
f 10230/4/6 10231/4/6 10240/4/6
f 10231/4/6 10232/4/6 10240/4/6
f 10240/4/6 10232/4/6 10241/4/6
f 10238/4/6 10239/4/6 10242/4/6
f 10237/4/6 10238/4/6 10242/4/6
f 10235/4/6 10236/4/6 10242/4/6
f 10236/4/6 10237/4/6 10242/4/6
f 10242/4/6 10239/4/6 10243/4/6
f 10229/4/6 10240/4/6 10244/4/6
f 10243/4/6 10239/4/6 10245/4/6
f 10244/4/6 10240/4/6 10247/4/6
f 10243/4/6 10245/4/6 10248/4/6
f 10246/4/6 10247/4/6 10250/4/6
f 10247/4/6 10240/4/6 10250/4/6
f 10250/4/6 10240/4/6 10251/4/6
f 10243/4/6 10248/4/6 10252/4/6
f 10248/4/6 10249/4/6 10252/4/6
f 10252/4/6 10249/4/6 10253/4/6
f 10254/1/6 10255/1/6 10257/1/6
f 10257/1/6 10255/1/6 10258/1/6
f 10256/1/6 10257/1/6 10261/1/6
f 10261/1/6 10257/1/6 10262/1/6
f 10258/1/6 10259/1/6 10263/1/6
f 10263/1/6 10259/1/6 10264/1/6
f 10260/1/6 10261/1/6 10267/1/6
f 10267/1/6 10261/1/6 10268/1/6
f 10264/1/6 10265/1/6 10269/1/6
f 10269/1/6 10265/1/6 10270/1/6
f 10266/1/6 10267/1/6 10273/1/6
f 10273/1/6 10267/1/6 10274/1/6
f 10270/1/6 10271/1/6 10275/1/6
f 10275/1/6 10271/1/6 10276/1/6
f 10272/1/6 10273/1/6 10279/1/6
f 10279/1/6 10273/1/6 10280/1/6
f 10276/1/6 10277/1/6 10281/1/6
f 10281/1/6 10277/1/6 10282/1/6
f 10246/4/6 10250/4/6 10284/4/6
f 10284/4/6 10250/4/6 10285/4/6
f 10253/4/6 10249/4/6 10286/4/6
f 10286/4/6 10249/4/6 10287/4/6
f 10278/1/6 10279/1/6 10289/1/6
f 10289/1/6 10279/1/6 10290/1/6
f 10282/1/6 10283/1/6 10291/1/6
f 10291/1/6 10283/1/6 10292/1/6
f 10288/1/6 10289/1/6 10294/1/6
f 10294/1/6 10289/1/6 10295/1/6
f 10292/1/6 10293/1/6 10298/1/6
f 10298/1/6 10293/1/6 10299/1/6
f 10295/1/6 10296/1/6 10304/1/6
f 10304/1/6 10296/1/6 10305/1/6
f 10297/1/6 10298/1/6 10308/1/6
f 10308/1/6 10298/1/6 10309/1/6
f 10305/1/6 10306/1/6 10310/1/6
f 10310/1/6 10306/1/6 10311/1/6
f 10307/1/6 10308/1/6 10314/1/6
f 10314/1/6 10308/1/6 10315/1/6
f 10311/1/6 10312/1/6 10316/1/6
f 10316/1/6 10312/1/6 10317/1/6
f 10313/1/6 10314/1/6 10320/1/6
f 10320/1/6 10314/1/6 10321/1/6
f 10317/1/6 10318/1/6 10322/1/6
f 10322/1/6 10318/1/6 10323/1/6
f 10319/1/6 10320/1/6 10326/1/6
f 10326/1/6 10320/1/6 10327/1/6
f 10323/1/6 10324/1/6 10328/1/6
f 10328/1/6 10324/1/6 10329/1/6
f 10325/1/6 10326/1/6 10330/1/6
f 10330/1/6 10326/1/6 10331/1/6
f 10329/1/6 10330/1/6 10332/1/6
f 10332/1/6 10330/1/6 10333/1/6
f 10300/4/6 10301/4/6 10334/4/6
f 10302/4/6 10303/4/6 10337/4/6
f 10334/4/6 10335/4/6 10338/4/6
f 10300/4/6 10334/4/6 10338/4/6
f 10338/4/6 10335/4/6 10339/4/6
f 10339/4/6 10335/4/6 10340/4/6
f 10336/4/6 10337/4/6 10341/4/6
f 10337/4/6 10303/4/6 10341/4/6
f 10341/4/6 10303/4/6 10342/4/6
f 10342/4/6 10303/4/6 10343/4/6
f 10340/4/6 10335/4/6 10344/4/6
f 10336/4/6 10341/4/6 10345/4/6
f 10344/4/6 10335/4/6 10346/4/6
f 10336/4/6 10345/4/6 10347/4/6
f 10346/4/6 10335/4/6 10348/4/6
f 10336/4/6 10347/4/6 10351/4/6
f 10348/4/6 10349/4/6 10352/4/6
f 10346/4/6 10348/4/6 10352/4/6
f 10352/4/6 10349/4/6 10353/4/6
f 10353/4/6 10349/4/6 10354/4/6
f 10354/4/6 10349/4/6 10355/4/6
f 10350/4/6 10351/4/6 10358/4/6
f 10358/4/6 10351/4/6 10359/4/6
f 10359/4/6 10351/4/6 10360/4/6
f 10360/4/6 10351/4/6 10361/4/6
f 10351/4/6 10347/4/6 10362/4/6
f 10361/4/6 10351/4/6 10362/4/6
f 10358/4/6 10359/4/6 10363/4/6
f 10357/4/6 10358/4/6 10363/4/6
f 10355/4/6 10356/4/6 10364/4/6
f 10354/4/6 10355/4/6 10364/4/6
f 10364/4/6 10356/4/6 10365/4/6
f 10357/4/6 10363/4/6 10366/4/6
f 10366/4/6 10363/4/6 10367/4/6
f 10374/6/6 10375/6/6 10376/6/6
f 10376/6/6 10375/6/6 10377/6/6
f 10368/6/6 10369/6/6 10378/6/6
f 10378/6/6 10369/6/6 10379/6/6
f 10370/6/6 10371/6/6 10380/6/6
f 10380/6/6 10371/6/6 10381/6/6
f 10372/6/6 10373/6/6 10382/6/6
f 10382/6/6 10373/6/6 10383/6/6
f 10376/3/6 10377/3/6 10384/3/6
f 10384/3/6 10377/3/6 10385/3/6
f 10386/6/6 10387/6/6 10390/6/6
f 10390/6/6 10387/6/6 10391/6/6
f 10388/6/6 10389/6/6 10392/6/6
f 10392/6/6 10389/6/6 10393/6/6
f 10394/1/6 10395/1/6 10397/1/6
f 10397/1/6 10395/1/6 10398/1/6
f 10396/1/6 10397/1/6 10401/1/6
f 10398/1/6 10399/1/6 10401/1/6
f 10397/1/6 10398/1/6 10401/1/6
f 10401/1/6 10399/1/6 10402/1/6
f 10400/1/6 10401/1/6 10404/1/6
f 10402/1/6 10403/1/6 10404/1/6
f 10401/1/6 10402/1/6 10404/1/6
f 10404/1/6 10403/1/6 10405/1/6
f 10400/1/6 10404/1/6 10407/1/6
f 10405/1/6 10403/1/6 10408/1/6
f 10404/9/6 10405/9/6 10410/9/6
f 10410/9/6 10405/9/6 10411/9/6
f 10406/1/6 10407/1/6 10413/1/6
f 10407/1/6 10404/1/6 10414/1/6
f 10413/1/6 10407/1/6 10414/1/6
f 10404/9/6 10410/9/6 10415/9/6
f 10414/1/6 10404/1/6 10415/1/6
f 10411/9/6 10405/9/6 10416/9/6
f 10408/1/6 10409/1/6 10416/1/6
f 10405/1/6 10408/1/6 10416/1/6
f 10416/1/6 10409/1/6 10417/1/6
f 10417/1/6 10409/1/6 10418/1/6
f 10415/9/6 10410/9/6 10422/9/6
f 10414/9/6 10415/9/6 10422/9/6
f 10410/7/6 10411/7/6 10423/7/6
f 10422/9/6 10410/9/6 10423/9/6
f 10411/9/6 10416/9/6 10424/9/6
f 10423/7/6 10411/7/6 10424/7/6
f 10416/9/6 10417/9/6 10424/9/6
f 10424/9/6 10417/9/6 10425/9/6
f 10412/1/6 10413/1/6 10429/1/6
f 10413/1/6 10414/1/6 10429/1/6
f 10429/1/6 10414/1/6 10430/1/6
f 10414/9/6 10422/9/6 10431/9/6
f 10430/1/6 10414/1/6 10431/1/6
f 10431/9/6 10422/9/6 10432/9/6
f 10422/7/6 10423/7/6 10433/7/6
f 10432/9/6 10422/9/6 10433/9/6
f 10425/9/6 10417/9/6 10434/9/6
f 10424/7/6 10425/7/6 10434/7/6
f 10434/9/6 10417/9/6 10435/9/6
f 10418/1/6 10419/1/6 10436/1/6
f 10435/9/6 10417/9/6 10436/9/6
f 10417/1/6 10418/1/6 10436/1/6
f 10436/1/6 10419/1/6 10437/1/6
f 10437/1/6 10419/1/6 10438/1/6
f 10420/6/6 10421/6/6 10440/6/6
f 10440/6/6 10421/6/6 10441/6/6
f 10433/7/6 10423/7/6 10442/7/6
f 10432/7/6 10433/7/6 10442/7/6
f 10423/2/6 10424/2/6 10443/2/6
f 10442/7/6 10423/7/6 10443/7/6
f 10434/7/6 10435/7/6 10444/7/6
f 10443/2/6 10424/2/6 10444/2/6
f 10424/7/6 10434/7/6 10444/7/6
f 10444/7/6 10435/7/6 10445/7/6
f 10426/6/6 10427/6/6 10446/6/6
f 10446/6/6 10427/6/6 10447/6/6
f 10431/9/6 10432/9/6 10448/9/6
f 10430/9/6 10431/9/6 10448/9/6
f 10432/7/6 10442/7/6 10449/7/6
f 10448/9/6 10432/9/6 10449/9/6
f 10442/2/6 10443/2/6 10450/2/6
f 10449/7/6 10442/7/6 10450/7/6
f 10444/2/6 10445/2/6 10450/2/6
f 10443/2/6 10444/2/6 10450/2/6
f 10445/7/6 10435/7/6 10451/7/6
f 10450/2/6 10445/2/6 10451/2/6
f 10436/9/6 10437/9/6 10452/9/6
f 10451/7/6 10435/7/6 10452/7/6
f 10435/9/6 10436/9/6 10452/9/6
f 10452/9/6 10437/9/6 10453/9/6
f 10448/7/6 10449/7/6 10454/7/6
f 10430/9/6 10448/9/6 10454/9/6
f 10449/2/6 10450/2/6 10455/2/6
f 10454/7/6 10449/7/6 10455/7/6
f 10450/2/6 10451/2/6 10455/2/6
f 10451/2/6 10452/2/6 10455/2/6
f 10455/2/6 10452/2/6 10456/2/6
f 10456/2/6 10452/2/6 10457/2/6
f 10452/7/6 10453/7/6 10458/7/6
f 10457/2/6 10452/2/6 10458/2/6
f 10453/9/6 10437/9/6 10459/9/6
f 10458/7/6 10453/7/6 10459/7/6
f 10456/2/6 10457/2/6 10462/2/6
f 10455/7/6 10456/7/6 10462/7/6
f 10462/2/6 10457/2/6 10463/2/6
f 10463/2/6 10457/2/6 10464/2/6
f 10457/7/6 10458/7/6 10465/7/6
f 10464/2/6 10457/2/6 10465/2/6
f 10429/1/6 10430/1/6 10468/1/6
f 10428/1/6 10429/1/6 10468/1/6
f 10468/1/6 10430/1/6 10469/1/6
f 10430/9/6 10454/9/6 10470/9/6
f 10469/1/6 10430/1/6 10470/1/6
f 10454/9/6 10455/9/6 10470/9/6
f 10470/9/6 10455/9/6 10471/9/6
f 10455/7/6 10462/7/6 10472/7/6
f 10471/9/6 10455/9/6 10472/9/6
f 10462/7/6 10463/7/6 10472/7/6
f 10472/7/6 10463/7/6 10473/7/6
f 10465/7/6 10458/7/6 10474/7/6
f 10464/7/6 10465/7/6 10474/7/6
f 10458/9/6 10459/9/6 10475/9/6
f 10474/7/6 10458/7/6 10475/7/6
f 10475/9/6 10459/9/6 10476/9/6
f 10438/1/6 10439/1/6 10477/1/6
f 10476/9/6 10459/9/6 10477/9/6
f 10437/1/6 10438/1/6 10477/1/6
f 10459/9/6 10437/9/6 10477/9/6
f 10477/1/6 10439/1/6 10478/1/6
f 10478/1/6 10439/1/6 10479/1/6
f 10460/6/6 10461/6/6 10480/6/6
f 10480/6/6 10461/6/6 10481/6/6
f 10473/7/6 10463/7/6 10482/7/6
f 10471/9/6 10472/9/6 10482/9/6
f 10472/9/6 10473/9/6 10482/9/6
f 10463/2/6 10464/2/6 10483/2/6
f 10482/7/6 10463/7/6 10483/7/6
f 10464/7/6 10474/7/6 10484/7/6
f 10483/2/6 10464/2/6 10484/2/6
f 10475/9/6 10476/9/6 10485/9/6
f 10484/7/6 10474/7/6 10485/7/6
f 10474/9/6 10475/9/6 10485/9/6
f 10466/6/6 10467/6/6 10486/6/6
f 10486/6/6 10467/6/6 10487/6/6
f 10470/1/6 10471/1/6 10488/1/6
f 10469/1/6 10470/1/6 10488/1/6
f 10488/1/6 10471/1/6 10489/1/6
f 10471/9/6 10482/9/6 10490/9/6
f 10489/1/6 10471/1/6 10490/1/6
f 10482/9/6 10483/9/6 10490/9/6
f 10490/9/6 10483/9/6 10491/9/6
f 10485/9/6 10476/9/6 10492/9/6
f 10484/9/6 10485/9/6 10492/9/6
f 10476/1/6 10477/1/6 10493/1/6
f 10492/9/6 10476/9/6 10493/9/6
f 10477/1/6 10478/1/6 10493/1/6
f 10493/1/6 10478/1/6 10494/1/6
f 10494/1/6 10478/1/6 10495/1/6
f 10483/7/6 10484/7/6 10496/7/6
f 10491/9/6 10483/9/6 10496/9/6
f 10484/9/6 10492/9/6 10497/9/6
f 10496/7/6 10484/7/6 10497/7/6
f 10490/1/6 10491/1/6 10498/1/6
f 10489/1/6 10490/1/6 10498/1/6
f 10498/1/6 10491/1/6 10499/1/6
f 10493/1/6 10494/1/6 10500/1/6
f 10492/1/6 10493/1/6 10500/1/6
f 10500/1/6 10494/1/6 10501/1/6
f 10499/1/6 10491/1/6 10502/1/6
f 10491/9/6 10496/9/6 10502/9/6
f 10496/9/6 10497/9/6 10502/9/6
f 10492/1/6 10500/1/6 10503/1/6
f 10502/9/6 10497/9/6 10503/9/6
f 10497/9/6 10492/9/6 10503/9/6
f 10499/1/6 10502/1/6 10504/1/6
f 10502/1/6 10503/1/6 10504/1/6
f 10504/1/6 10503/1/6 10505/1/6
f 10503/1/6 10500/1/6 10506/1/6
f 10505/1/6 10503/1/6 10506/1/6
f 10506/1/6 10500/1/6 10507/1/6
f 10505/1/6 10506/1/6 10508/1/6
f 10508/1/6 10506/1/6 10509/1/6
f 10509/1/6 10506/1/6 10510/1/6
f 10510/1/6 10506/1/6 10511/1/6
f 10509/1/6 10510/1/6 10512/1/6
f 10512/1/6 10510/1/6 10513/1/6
f 10514/6/6 10515/6/6 10520/6/6
f 10515/3/6 10516/3/6 10521/3/6
f 10520/6/6 10515/6/6 10521/6/6
f 10521/3/6 10516/3/6 10522/3/6
f 10517/3/6 10518/3/6 10523/3/6
f 10518/6/6 10519/6/6 10524/6/6
f 10523/3/6 10518/3/6 10524/3/6
f 10524/6/6 10519/6/6 10525/6/6
f 10532/3/6 10533/3/6 10534/3/6
f 10534/3/6 10533/3/6 10535/3/6
f 10526/6/6 10527/6/6 10536/6/6
f 10536/6/6 10527/6/6 10537/6/6
f 10528/6/6 10529/6/6 10538/6/6
f 10538/6/6 10529/6/6 10539/6/6
f 10530/6/6 10531/6/6 10540/6/6
f 10540/6/6 10531/6/6 10541/6/6
f 10534/6/6 10535/6/6 10542/6/6
f 10542/6/6 10535/6/6 10543/6/6
f 10544/4/6 10545/4/6 10548/4/6
f 10548/4/6 10545/4/6 10549/4/6
f 10546/4/6 10547/4/6 10550/4/6
f 10550/4/6 10547/4/6 10551/4/6
f 10552/4/6 10553/4/6 10556/4/6
f 10556/4/6 10553/4/6 10557/4/6
f 10554/4/6 10555/4/6 10558/4/6
f 10558/4/6 10555/4/6 10559/4/6
f 10560/4/6 10561/4/6 10564/4/6
f 10564/4/6 10561/4/6 10565/4/6
f 10562/4/6 10563/4/6 10566/4/6
f 10566/4/6 10563/4/6 10567/4/6
f 10568/4/6 10569/4/6 10572/4/6
f 10572/4/6 10569/4/6 10573/4/6
f 10570/4/6 10571/4/6 10574/4/6
f 10574/4/6 10571/4/6 10575/4/6
f 10576/4/6 10577/4/6 10580/4/6
f 10580/4/6 10577/4/6 10581/4/6
f 10578/4/6 10579/4/6 10582/4/6
f 10582/4/6 10579/4/6 10583/4/6
f 10576/4/6 10580/4/6 10584/4/6
f 10581/4/6 10577/4/6 10585/4/6
f 10578/4/6 10582/4/6 10586/4/6
f 10583/4/6 10579/4/6 10587/4/6
f 10576/4/6 10584/4/6 10590/4/6
f 10584/4/6 10585/4/6 10590/4/6
f 10585/4/6 10577/4/6 10591/4/6
f 10590/4/6 10585/4/6 10591/4/6
f 10578/4/6 10586/4/6 10596/4/6
f 10586/4/6 10587/4/6 10596/4/6
f 10587/4/6 10579/4/6 10597/4/6
f 10596/4/6 10587/4/6 10597/4/6
f 10598/6/6 10599/6/6 10600/6/6
f 10600/6/6 10599/6/6 10601/6/6
f 10588/6/6 10589/6/6 10602/6/6
f 10602/6/6 10589/6/6 10603/6/6
f 10592/6/6 10593/6/6 10604/6/6
f 10604/6/6 10593/6/6 10605/6/6
f 10594/6/6 10595/6/6 10606/6/6
f 10606/6/6 10595/6/6 10607/6/6
f 10600/3/6 10601/3/6 10608/3/6
f 10608/3/6 10601/3/6 10609/3/6
f 10610/6/6 10611/6/6 10614/6/6
f 10614/6/6 10611/6/6 10615/6/6
f 10612/6/6 10613/6/6 10616/6/6
f 10616/6/6 10613/6/6 10617/6/6
f 10618/4/6 10619/4/6 10622/4/6
f 10622/4/6 10619/4/6 10623/4/6
f 10620/4/6 10621/4/6 10624/4/6
f 10624/4/6 10621/4/6 10625/4/6
f 10618/4/6 10622/4/6 10626/4/6
f 10623/4/6 10619/4/6 10627/4/6
f 10620/4/6 10624/4/6 10628/4/6
f 10625/4/6 10621/4/6 10629/4/6
f 10618/4/6 10626/4/6 10630/4/6
f 10626/4/6 10627/4/6 10630/4/6
f 10627/4/6 10619/4/6 10631/4/6
f 10630/4/6 10627/4/6 10631/4/6
f 10628/4/6 10629/4/6 10632/4/6
f 10620/4/6 10628/4/6 10632/4/6
f 10629/4/6 10621/4/6 10633/4/6
f 10632/4/6 10629/4/6 10633/4/6
f 10634/6/6 10635/6/6 10638/6/6
f 10638/6/6 10635/6/6 10639/6/6
f 10636/6/6 10637/6/6 10640/6/6
f 10640/6/6 10637/6/6 10641/6/6
f 10642/6/6 10643/6/6 10646/6/6
f 10646/6/6 10643/6/6 10647/6/6
f 10644/6/6 10645/6/6 10648/6/6
f 10648/6/6 10645/6/6 10649/6/6
f 10650/4/6 10651/4/6 10654/4/6
f 10654/4/6 10651/4/6 10655/4/6
f 10652/4/6 10653/4/6 10656/4/6
f 10656/4/6 10653/4/6 10657/4/6
f 10650/4/6 10654/4/6 10658/4/6
f 10655/4/6 10651/4/6 10659/4/6
f 10652/4/6 10656/4/6 10660/4/6
f 10657/4/6 10653/4/6 10661/4/6
f 10650/4/6 10658/4/6 10662/4/6
f 10658/4/6 10659/4/6 10662/4/6
f 10659/4/6 10651/4/6 10663/4/6
f 10662/4/6 10659/4/6 10663/4/6
f 10660/4/6 10661/4/6 10664/4/6
f 10652/4/6 10660/4/6 10664/4/6
f 10661/4/6 10653/4/6 10665/4/6
f 10664/4/6 10661/4/6 10665/4/6
f 10666/6/6 10667/6/6 10672/6/6
f 10667/3/6 10668/3/6 10673/3/6
f 10672/6/6 10667/6/6 10673/6/6
f 10673/3/6 10668/3/6 10674/3/6
f 10669/3/6 10670/3/6 10675/3/6
f 10670/6/6 10671/6/6 10676/6/6
f 10675/3/6 10670/3/6 10676/3/6
f 10676/6/6 10671/6/6 10677/6/6
f 10684/3/6 10685/3/6 10686/3/6
f 10686/3/6 10685/3/6 10687/3/6
f 10678/6/6 10679/6/6 10688/6/6
f 10688/6/6 10679/6/6 10689/6/6
f 10680/6/6 10681/6/6 10692/6/6
f 10692/6/6 10681/6/6 10693/6/6
f 10682/6/6 10683/6/6 10694/6/6
f 10694/6/6 10683/6/6 10695/6/6
f 10686/6/6 10687/6/6 10698/6/6
f 10698/6/6 10687/6/6 10699/6/6
f 10690/4/6 10691/4/6 10700/4/6
f 10700/4/6 10691/4/6 10701/4/6
f 10696/4/6 10697/4/6 10702/4/6
f 10702/4/6 10697/4/6 10703/4/6
f 10690/4/6 10700/4/6 10704/4/6
f 10701/4/6 10691/4/6 10705/4/6
f 10696/4/6 10702/4/6 10706/4/6
f 10703/4/6 10697/4/6 10707/4/6
f 10690/4/6 10704/4/6 10708/4/6
f 10704/4/6 10705/4/6 10708/4/6
f 10705/4/6 10691/4/6 10709/4/6
f 10708/4/6 10705/4/6 10709/4/6
f 10706/4/6 10707/4/6 10710/4/6
f 10696/4/6 10706/4/6 10710/4/6
f 10707/4/6 10697/4/6 10711/4/6
f 10710/4/6 10707/4/6 10711/4/6
f 10712/7/6 10713/7/6 10716/7/6
f 10716/7/6 10713/7/6 10717/7/6
f 10714/7/6 10715/7/6 10718/7/6
f 10718/7/6 10715/7/6 10719/7/6
f 10720/7/6 10721/7/6 10724/7/6
f 10724/7/6 10721/7/6 10725/7/6
f 10722/7/6 10723/7/6 10726/7/6
f 10726/7/6 10723/7/6 10727/7/6
f 10728/7/6 10729/7/6 10732/7/6
f 10732/7/6 10729/7/6 10733/7/6
f 10730/7/6 10731/7/6 10734/7/6
f 10734/7/6 10731/7/6 10735/7/6
f 10736/7/6 10737/7/6 10740/7/6
f 10740/7/6 10737/7/6 10741/7/6
f 10738/7/6 10739/7/6 10742/7/6
f 10742/7/6 10739/7/6 10743/7/6
f 10744/6/6 10745/6/6 10754/6/6
f 10754/6/6 10745/6/6 10755/6/6
f 10746/6/6 10747/6/6 10756/6/6
f 10756/6/6 10747/6/6 10757/6/6
f 10748/6/6 10749/6/6 10758/6/6
f 10758/6/6 10749/6/6 10759/6/6
f 10750/6/6 10751/6/6 10760/6/6
f 10760/6/6 10751/6/6 10761/6/6
f 10752/6/6 10753/6/6 10764/6/6
f 10764/6/6 10753/6/6 10765/6/6
f 10762/6/6 10763/6/6 10766/6/6
f 10766/6/6 10763/6/6 10767/6/6
f 10768/6/6 10769/6/6 10772/6/6
f 10772/6/6 10769/6/6 10773/6/6
f 10770/6/6 10771/6/6 10774/6/6
f 10774/6/6 10771/6/6 10775/6/6
f 10776/6/6 10777/6/6 10780/6/6
f 10780/6/6 10777/6/6 10781/6/6
f 10778/6/6 10779/6/6 10782/6/6
f 10782/6/6 10779/6/6 10783/6/6
f 10784/6/6 10785/6/6 10788/6/6
f 10788/6/6 10785/6/6 10789/6/6
f 10786/6/6 10787/6/6 10790/6/6
f 10790/6/6 10787/6/6 10791/6/6
f 10792/6/6 10793/6/6 10796/6/6
f 10796/6/6 10793/6/6 10797/6/6
f 10794/6/6 10795/6/6 10798/6/6
f 10798/6/6 10795/6/6 10799/6/6
f 10800/6/6 10801/6/6 10804/6/6
f 10804/6/6 10801/6/6 10805/6/6
f 10802/6/6 10803/6/6 10806/6/6
f 10806/6/6 10803/6/6 10807/6/6
f 10808/6/6 10809/6/6 10812/6/6
f 10812/6/6 10809/6/6 10813/6/6
f 10810/6/6 10811/6/6 10814/6/6
f 10814/6/6 10811/6/6 10815/6/6
f 10816/6/6 10817/6/6 10820/6/6
f 10820/6/6 10817/6/6 10821/6/6
f 10818/6/6 10819/6/6 10830/6/6
f 10830/6/6 10819/6/6 10831/6/6
f 10822/6/6 10823/6/6 10832/6/6
f 10832/6/6 10823/6/6 10833/6/6
f 10824/6/6 10825/6/6 10834/6/6
f 10834/6/6 10825/6/6 10835/6/6
f 10826/6/6 10827/6/6 10836/6/6
f 10836/6/6 10827/6/6 10837/6/6
f 10828/6/6 10829/6/6 10838/6/6
f 10838/6/6 10829/6/6 10839/6/6
f 10840/9/6 10841/9/6 10842/9/6
f 10842/9/6 10841/9/6 10843/9/6
f 10844/9/6 10845/9/6 10848/9/6
f 10848/9/6 10845/9/6 10849/9/6
f 10846/9/6 10847/9/6 10850/9/6
f 10850/9/6 10847/9/6 10851/9/6
f 10852/9/6 10853/9/6 10854/9/6
f 10854/9/6 10853/9/6 10855/9/6
f 10856/6/6 10857/6/6 10860/6/6
f 10860/6/6 10857/6/6 10861/6/6
f 10858/6/6 10859/6/6 10862/6/6
f 10862/6/6 10859/6/6 10863/6/6
f 10864/6/6 10865/6/6 10868/6/6
f 10868/6/6 10865/6/6 10869/6/6
f 10866/6/6 10867/6/6 10870/6/6
f 10870/6/6 10867/6/6 10871/6/6
f 10872/6/6 10873/6/6 10876/6/6
f 10876/6/6 10873/6/6 10877/6/6
f 10874/6/6 10875/6/6 10878/6/6
f 10878/6/6 10875/6/6 10879/6/6
f 10880/6/6 10881/6/6 10884/6/6
f 10884/6/6 10881/6/6 10885/6/6
f 10882/6/6 10883/6/6 10886/6/6
f 10886/6/6 10883/6/6 10887/6/6
f 10888/6/6 10889/6/6 10890/6/6
f 10890/6/6 10889/6/6 10891/6/6
f 10892/6/6 10893/6/6 10896/6/6
f 10896/6/6 10893/6/6 10897/6/6
f 10894/6/6 10895/6/6 10898/6/6
f 10898/6/6 10895/6/6 10899/6/6
f 10900/6/6 10901/6/6 10902/6/6
f 10902/6/6 10901/6/6 10903/6/6
f 10904/6/6 10905/6/6 10908/6/6
f 10908/6/6 10905/6/6 10909/6/6
f 10906/6/6 10907/6/6 10910/6/6
f 10910/6/6 10907/6/6 10911/6/6
f 10912/6/6 10913/6/6 10916/6/6
f 10916/6/6 10913/6/6 10917/6/6
f 10914/6/6 10915/6/6 10918/6/6
f 10918/6/6 10915/6/6 10919/6/6
f 10920/6/6 10921/6/6 10924/6/6
f 10924/6/6 10921/6/6 10925/6/6
f 10922/6/6 10923/6/6 10926/6/6
f 10926/6/6 10923/6/6 10927/6/6
f 10928/6/6 10929/6/6 10932/6/6
f 10932/6/6 10929/6/6 10933/6/6
f 10930/6/6 10931/6/6 10934/6/6
f 10934/6/6 10931/6/6 10935/6/6
f 10936/7/6 10937/7/6 10938/7/6
f 10938/7/6 10937/7/6 10939/7/6
f 10940/7/6 10941/7/6 10944/7/6
f 10944/7/6 10941/7/6 10945/7/6
f 10942/7/6 10943/7/6 10946/7/6
f 10946/7/6 10943/7/6 10947/7/6
f 10948/7/6 10949/7/6 10950/7/6
f 10950/7/6 10949/7/6 10951/7/6
f 10952/7/6 10953/7/6 10956/7/6
f 10956/7/6 10953/7/6 10957/7/6
f 10954/7/6 10955/7/6 10958/7/6
f 10958/7/6 10955/7/6 10959/7/6
f 10960/7/6 10961/7/6 10964/7/6
f 10964/7/6 10961/7/6 10965/7/6
f 10962/7/6 10963/7/6 10966/7/6
f 10966/7/6 10963/7/6 10967/7/6
f 10968/7/6 10969/7/6 10972/7/6
f 10972/7/6 10969/7/6 10973/7/6
f 10970/7/6 10971/7/6 10974/7/6
f 10974/7/6 10971/7/6 10975/7/6
f 10976/7/6 10977/7/6 10980/7/6
f 10980/7/6 10977/7/6 10981/7/6
f 10978/7/6 10979/7/6 10982/7/6
f 10982/7/6 10979/7/6 10983/7/6
f 10984/6/6 10985/6/6 10988/6/6
f 10988/6/6 10985/6/6 10989/6/6
f 10986/6/6 10987/6/6 10990/6/6
f 10990/6/6 10987/6/6 10991/6/6
f 10992/6/6 10993/6/6 10996/6/6
f 10996/6/6 10993/6/6 10997/6/6
f 10994/6/6 10995/6/6 10998/6/6
f 10998/6/6 10995/6/6 10999/6/6
f 11000/6/6 11001/6/6 11004/6/6
f 11004/6/6 11001/6/6 11005/6/6
f 11002/6/6 11003/6/6 11006/6/6
f 11006/6/6 11003/6/6 11007/6/6
f 11008/6/6 11009/6/6 11012/6/6
f 11012/6/6 11009/6/6 11013/6/6
f 11010/6/6 11011/6/6 11014/6/6
f 11014/6/6 11011/6/6 11015/6/6
f 11016/8/6 11017/8/6 11018/8/6
f 11018/8/6 11017/8/6 11019/8/6
f 11020/8/6 11021/8/6 11024/8/6
f 11024/8/6 11021/8/6 11025/8/6
f 11022/8/6 11023/8/6 11026/8/6
f 11026/8/6 11023/8/6 11027/8/6
f 11028/8/6 11029/8/6 11030/8/6
f 11030/8/6 11029/8/6 11031/8/6
f 11034/8/6 11035/8/6 11044/8/6
f 11044/8/6 11035/8/6 11045/8/6
f 11040/8/6 11041/8/6 11046/8/6
f 11046/8/6 11041/8/6 11047/8/6
f 11032/6/6 11033/6/6 11048/6/6
f 11048/6/6 11033/6/6 11049/6/6
f 11036/6/6 11037/6/6 11050/6/6
f 11050/6/6 11037/6/6 11051/6/6
f 11038/6/6 11039/6/6 11052/6/6
f 11052/6/6 11039/6/6 11053/6/6
f 11042/6/6 11043/6/6 11054/6/6
f 11054/6/6 11043/6/6 11055/6/6
f 11056/6/6 11057/6/6 11060/6/6
f 11060/6/6 11057/6/6 11061/6/6
f 11058/6/6 11059/6/6 11062/6/6
f 11062/6/6 11059/6/6 11063/6/6
f 11064/8/6 11065/8/6 11068/8/6
f 11068/8/6 11065/8/6 11069/8/6
f 11066/8/6 11067/8/6 11070/8/6
f 11070/8/6 11067/8/6 11071/8/6
f 11072/6/6 11073/6/6 11076/6/6
f 11076/6/6 11073/6/6 11077/6/6
f 11074/6/6 11075/6/6 11078/6/6
f 11078/6/6 11075/6/6 11079/6/6
f 11080/6/6 11081/6/6 11084/6/6
f 11084/6/6 11081/6/6 11085/6/6
f 11082/6/6 11083/6/6 11086/6/6
f 11086/6/6 11083/6/6 11087/6/6
f 11088/8/6 11089/8/6 11092/8/6
f 11092/8/6 11089/8/6 11093/8/6
f 11090/8/6 11091/8/6 11094/8/6
f 11094/8/6 11091/8/6 11095/8/6
f 11096/6/6 11097/6/6 11100/6/6
f 11100/6/6 11097/6/6 11101/6/6
f 11098/6/6 11099/6/6 11102/6/6
f 11102/6/6 11099/6/6 11103/6/6
f 11104/6/6 11105/6/6 11116/6/6
f 11116/6/6 11105/6/6 11117/6/6
f 11112/8/6 11113/8/6 11118/8/6
f 11118/8/6 11113/8/6 11119/8/6
f 11106/6/6 11107/6/6 11120/6/6
f 11120/6/6 11107/6/6 11121/6/6
f 11108/6/6 11109/6/6 11122/6/6
f 11122/6/6 11109/6/6 11123/6/6
f 11114/8/6 11115/8/6 11124/8/6
f 11124/8/6 11115/8/6 11125/8/6
f 11110/6/6 11111/6/6 11126/6/6
f 11126/6/6 11111/6/6 11127/6/6
f 11128/8/6 11129/8/6 11132/8/6
f 11132/8/6 11129/8/6 11133/8/6
f 11130/8/6 11131/8/6 11134/8/6
f 11134/8/6 11131/8/6 11135/8/6
f 11136/8/6 11137/8/6 11140/8/6
f 11140/8/6 11137/8/6 11141/8/6
f 11138/8/6 11139/8/6 11142/8/6
f 11142/8/6 11139/8/6 11143/8/6
f 11144/8/6 11145/8/6 11148/8/6
f 11148/8/6 11145/8/6 11149/8/6
f 11146/8/6 11147/8/6 11150/8/6
f 11150/8/6 11147/8/6 11151/8/6
f 11152/8/6 11153/8/6 11156/8/6
f 11156/8/6 11153/8/6 11157/8/6
f 11154/8/6 11155/8/6 11158/8/6
f 11158/8/6 11155/8/6 11159/8/6
f 11160/8/6 11161/8/6 11164/8/6
f 11164/8/6 11161/8/6 11165/8/6
f 11162/8/6 11163/8/6 11166/8/6
f 11166/8/6 11163/8/6 11167/8/6
f 11168/8/6 11169/8/6 11172/8/6
f 11172/8/6 11169/8/6 11173/8/6
f 11170/8/6 11171/8/6 11174/8/6
f 11174/8/6 11171/8/6 11175/8/6
f 11176/8/6 11177/8/6 11180/8/6
f 11180/8/6 11177/8/6 11181/8/6
f 11178/8/6 11179/8/6 11182/8/6
f 11182/8/6 11179/8/6 11183/8/6
f 11184/8/6 11185/8/6 11188/8/6
f 11188/8/6 11185/8/6 11189/8/6
f 11186/8/6 11187/8/6 11190/8/6
f 11190/8/6 11187/8/6 11191/8/6
f 11192/6/6 11193/6/6 11194/6/6
f 11194/6/6 11193/6/6 11195/6/6
f 11196/8/6 11197/8/6 11200/8/6
f 11200/8/6 11197/8/6 11201/8/6
f 11198/8/6 11199/8/6 11202/8/6
f 11202/8/6 11199/8/6 11203/8/6
f 11204/6/6 11205/6/6 11208/6/6
f 11208/6/6 11205/6/6 11209/6/6
f 11206/6/6 11207/6/6 11210/6/6
f 11210/6/6 11207/6/6 11211/6/6
f 11212/8/6 11213/8/6 11216/8/6
f 11216/8/6 11213/8/6 11217/8/6
f 11214/8/6 11215/8/6 11218/8/6
f 11218/8/6 11215/8/6 11219/8/6
f 11220/8/6 11221/8/6 11224/8/6
f 11224/8/6 11221/8/6 11225/8/6
f 11222/8/6 11223/8/6 11226/8/6
f 11226/8/6 11223/8/6 11227/8/6
f 11228/8/6 11229/8/6 11232/8/6
f 11232/8/6 11229/8/6 11233/8/6
f 11230/8/6 11231/8/6 11234/8/6
f 11234/8/6 11231/8/6 11235/8/6
f 11236/6/6 11237/6/6 11238/6/6
f 11238/6/6 11237/6/6 11239/6/6
f 11240/8/6 11241/8/6 11244/8/6
f 11244/8/6 11241/8/6 11245/8/6
f 11242/8/6 11243/8/6 11246/8/6
f 11246/8/6 11243/8/6 11247/8/6
f 11248/8/6 11249/8/6 11252/8/6
f 11252/8/6 11249/8/6 11253/8/6
f 11250/8/6 11251/8/6 11254/8/6
f 11254/8/6 11251/8/6 11255/8/6
f 11256/8/6 11257/8/6 11260/8/6
f 11260/8/6 11257/8/6 11261/8/6
f 11258/8/6 11259/8/6 11262/8/6
f 11262/8/6 11259/8/6 11263/8/6
f 11264/8/6 11265/8/6 11268/8/6
f 11268/8/6 11265/8/6 11269/8/6
f 11266/8/6 11267/8/6 11270/8/6
f 11270/8/6 11267/8/6 11271/8/6
f 11272/8/6 11273/8/6 11276/8/6
f 11276/8/6 11273/8/6 11277/8/6
f 11274/8/6 11275/8/6 11278/8/6
f 11278/8/6 11275/8/6 11279/8/6
f 11280/8/6 11281/8/6 11284/8/6
f 11284/8/6 11281/8/6 11285/8/6
f 11282/8/6 11283/8/6 11286/8/6
f 11286/8/6 11283/8/6 11287/8/6
f 11288/8/6 11289/8/6 11292/8/6
f 11292/8/6 11289/8/6 11293/8/6
f 11290/8/6 11291/8/6 11294/8/6
f 11294/8/6 11291/8/6 11295/8/6
f 11296/8/6 11297/8/6 11300/8/6
f 11300/8/6 11297/8/6 11301/8/6
f 11298/8/6 11299/8/6 11302/8/6
f 11302/8/6 11299/8/6 11303/8/6
f 11304/8/6 11305/8/6 11308/8/6
f 11308/8/6 11305/8/6 11309/8/6
f 11306/8/6 11307/8/6 11310/8/6
f 11310/8/6 11307/8/6 11311/8/6
f 11312/8/6 11313/8/6 11316/8/6
f 11316/8/6 11313/8/6 11317/8/6
f 11314/8/6 11315/8/6 11318/8/6
f 11318/8/6 11315/8/6 11319/8/6
f 11320/8/6 11321/8/6 11324/8/6
f 11324/8/6 11321/8/6 11325/8/6
f 11322/8/6 11323/8/6 11326/8/6
f 11326/8/6 11323/8/6 11327/8/6
f 11328/8/6 11329/8/6 11332/8/6
f 11332/8/6 11329/8/6 11333/8/6
f 11330/8/6 11331/8/6 11334/8/6
f 11334/8/6 11331/8/6 11335/8/6
f 11336/8/6 11337/8/6 11340/8/6
f 11340/8/6 11337/8/6 11341/8/6
f 11338/8/6 11339/8/6 11342/8/6
f 11342/8/6 11339/8/6 11343/8/6
f 11344/8/6 11345/8/6 11348/8/6
f 11348/8/6 11345/8/6 11349/8/6
f 11346/8/6 11347/8/6 11350/8/6
f 11350/8/6 11347/8/6 11351/8/6
f 11352/8/6 11353/8/6 11356/8/6
f 11356/8/6 11353/8/6 11357/8/6
f 11354/8/6 11355/8/6 11358/8/6
f 11358/8/6 11355/8/6 11359/8/6
f 11360/8/6 11361/8/6 11364/8/6
f 11364/8/6 11361/8/6 11365/8/6
f 11362/8/6 11363/8/6 11366/8/6
f 11366/8/6 11363/8/6 11367/8/6
f 11368/8/6 11369/8/6 11372/8/6
f 11372/8/6 11369/8/6 11373/8/6
f 11370/8/6 11371/8/6 11374/8/6
f 11374/8/6 11371/8/6 11375/8/6
f 11376/8/6 11377/8/6 11380/8/6
f 11380/8/6 11377/8/6 11381/8/6
f 11378/8/6 11379/8/6 11382/8/6
f 11382/8/6 11379/8/6 11383/8/6
f 11384/8/6 11385/8/6 11388/8/6
f 11388/8/6 11385/8/6 11389/8/6
f 11386/8/6 11387/8/6 11390/8/6
f 11390/8/6 11387/8/6 11391/8/6
f 11392/8/6 11393/8/6 11396/8/6
f 11396/8/6 11393/8/6 11397/8/6
f 11394/8/6 11395/8/6 11398/8/6
f 11398/8/6 11395/8/6 11399/8/6
f 11402/8/6 11403/8/6 11408/8/6
f 11408/8/6 11403/8/6 11409/8/6
f 11404/8/6 11405/8/6 11410/8/6
f 11410/8/6 11405/8/6 11411/8/6
f 11400/6/6 11401/6/6 11413/6/6
f 11413/6/6 11401/6/6 11414/6/6
f 11406/6/6 11407/6/6 11415/6/6
f 11415/6/6 11407/6/6 11416/6/6
f 11412/6/6 11413/6/6 11418/6/6
f 11418/6/6 11413/6/6 11419/6/6
f 11416/6/6 11417/6/6 11420/6/6
f 11420/6/6 11417/6/6 11421/6/6
f 11422/6/6 11423/6/6 11427/6/6
f 11427/6/6 11423/6/6 11428/6/6
f 11424/6/6 11425/6/6 11429/6/6
f 11429/6/6 11425/6/6 11430/6/6
f 11426/6/6 11427/6/6 11432/6/6
f 11432/6/6 11427/6/6 11433/6/6
f 11430/6/6 11431/6/6 11434/6/6
f 11434/6/6 11431/6/6 11435/6/6
f 11436/8/6 11437/8/6 11440/8/6
f 11440/8/6 11437/8/6 11441/8/6
f 11438/8/6 11439/8/6 11442/8/6
f 11442/8/6 11439/8/6 11443/8/6
f 11444/8/6 11445/8/6 11448/8/6
f 11448/8/6 11445/8/6 11449/8/6
f 11446/8/6 11447/8/6 11450/8/6
f 11450/8/6 11447/8/6 11451/8/6
f 11452/6/6 11453/6/6 11456/6/6
f 11456/6/6 11453/6/6 11457/6/6
f 11454/6/6 11455/6/6 11460/6/6
f 11460/6/6 11455/6/6 11461/6/6
f 11457/6/6 11458/6/6 11462/6/6
f 11462/6/6 11458/6/6 11463/6/6
f 11459/6/6 11460/6/6 11464/6/6
f 11464/6/6 11460/6/6 11465/6/6
f 11466/6/6 11467/6/6 11470/6/6
f 11470/6/6 11467/6/6 11471/6/6
f 11468/6/6 11469/6/6 11474/6/6
f 11474/6/6 11469/6/6 11475/6/6
f 11471/6/6 11472/6/6 11480/6/6
f 11480/6/6 11472/6/6 11481/6/6
f 11476/8/6 11477/8/6 11482/8/6
f 11482/8/6 11477/8/6 11483/8/6
f 11478/8/6 11479/8/6 11484/8/6
f 11484/8/6 11479/8/6 11485/8/6
f 11473/6/6 11474/6/6 11486/6/6
f 11486/6/6 11474/6/6 11487/6/6
f 11488/8/6 11489/8/6 11492/8/6
f 11492/8/6 11489/8/6 11493/8/6
f 11490/8/6 11491/8/6 11494/8/6
f 11494/8/6 11491/8/6 11495/8/6
f 11496/8/6 11497/8/6 11500/8/6
f 11500/8/6 11497/8/6 11501/8/6
f 11498/8/6 11499/8/6 11502/8/6
f 11502/8/6 11499/8/6 11503/8/6
f 11504/8/6 11505/8/6 11508/8/6
f 11508/8/6 11505/8/6 11509/8/6
f 11506/8/6 11507/8/6 11510/8/6
f 11510/8/6 11507/8/6 11511/8/6
f 11512/8/6 11513/8/6 11516/8/6
f 11516/8/6 11513/8/6 11517/8/6
f 11514/8/6 11515/8/6 11518/8/6
f 11518/8/6 11515/8/6 11519/8/6
f 11520/8/6 11521/8/6 11524/8/6
f 11524/8/6 11521/8/6 11525/8/6
f 11522/8/6 11523/8/6 11526/8/6
f 11526/8/6 11523/8/6 11527/8/6
f 11528/8/6 11529/8/6 11532/8/6
f 11532/8/6 11529/8/6 11533/8/6
f 11530/8/6 11531/8/6 11534/8/6
f 11534/8/6 11531/8/6 11535/8/6
f 11536/8/6 11537/8/6 11540/8/6
f 11540/8/6 11537/8/6 11541/8/6
f 11538/8/6 11539/8/6 11542/8/6
f 11542/8/6 11539/8/6 11543/8/6
f 11544/8/6 11545/8/6 11548/8/6
f 11548/8/6 11545/8/6 11549/8/6
f 11546/8/6 11547/8/6 11550/8/6
f 11550/8/6 11547/8/6 11551/8/6
f 11552/8/6 11553/8/6 11556/8/6
f 11556/8/6 11553/8/6 11557/8/6
f 11554/8/6 11555/8/6 11558/8/6
f 11558/8/6 11555/8/6 11559/8/6
f 11560/8/6 11561/8/6 11564/8/6
f 11564/8/6 11561/8/6 11565/8/6
f 11562/8/6 11563/8/6 11566/8/6
f 11566/8/6 11563/8/6 11567/8/6
f 11568/8/6 11569/8/6 11572/8/6
f 11572/8/6 11569/8/6 11573/8/6
f 11570/8/6 11571/8/6 11574/8/6
f 11574/8/6 11571/8/6 11575/8/6
f 11576/8/6 11577/8/6 11580/8/6
f 11580/8/6 11577/8/6 11581/8/6
f 11578/8/6 11579/8/6 11582/8/6
f 11582/8/6 11579/8/6 11583/8/6
f 11584/8/6 11585/8/6 11588/8/6
f 11588/8/6 11585/8/6 11589/8/6
f 11586/8/6 11587/8/6 11590/8/6
f 11590/8/6 11587/8/6 11591/8/6
f 11592/8/6 11593/8/6 11596/8/6
f 11596/8/6 11593/8/6 11597/8/6
f 11594/8/6 11595/8/6 11598/8/6
f 11598/8/6 11595/8/6 11599/8/6
f 11600/8/6 11601/8/6 11604/8/6
f 11604/8/6 11601/8/6 11605/8/6
f 11602/8/6 11603/8/6 11606/8/6
f 11606/8/6 11603/8/6 11607/8/6
f 11608/8/6 11609/8/6 11612/8/6
f 11612/8/6 11609/8/6 11613/8/6
f 11610/8/6 11611/8/6 11614/8/6
f 11614/8/6 11611/8/6 11615/8/6
f 11616/8/6 11617/8/6 11620/8/6
f 11620/8/6 11617/8/6 11621/8/6
f 11618/8/6 11619/8/6 11622/8/6
f 11622/8/6 11619/8/6 11623/8/6
f 11624/8/6 11625/8/6 11628/8/6
f 11628/8/6 11625/8/6 11629/8/6
f 11626/8/6 11627/8/6 11630/8/6
f 11630/8/6 11627/8/6 11631/8/6
f 11632/8/6 11633/8/6 11636/8/6
f 11636/8/6 11633/8/6 11637/8/6
f 11634/8/6 11635/8/6 11638/8/6
f 11638/8/6 11635/8/6 11639/8/6
f 11640/8/6 11641/8/6 11644/8/6
f 11644/8/6 11641/8/6 11645/8/6
f 11642/8/6 11643/8/6 11646/8/6
f 11646/8/6 11643/8/6 11647/8/6
f 11648/8/6 11649/8/6 11652/8/6
f 11652/8/6 11649/8/6 11653/8/6
f 11650/8/6 11651/8/6 11654/8/6
f 11654/8/6 11651/8/6 11655/8/6
f 11656/8/6 11657/8/6 11660/8/6
f 11660/8/6 11657/8/6 11661/8/6
f 11658/8/6 11659/8/6 11662/8/6
f 11662/8/6 11659/8/6 11663/8/6
f 11664/8/6 11665/8/6 11668/8/6
f 11668/8/6 11665/8/6 11669/8/6
f 11666/8/6 11667/8/6 11670/8/6
f 11670/8/6 11667/8/6 11671/8/6
f 11672/8/6 11673/8/6 11676/8/6
f 11676/8/6 11673/8/6 11677/8/6
f 11674/8/6 11675/8/6 11678/8/6
f 11678/8/6 11675/8/6 11679/8/6
f 11680/8/6 11681/8/6 11684/8/6
f 11684/8/6 11681/8/6 11685/8/6
f 11682/8/6 11683/8/6 11686/8/6
f 11686/8/6 11683/8/6 11687/8/6
f 11688/8/6 11689/8/6 11692/8/6
f 11692/8/6 11689/8/6 11693/8/6
f 11690/8/6 11691/8/6 11694/8/6
f 11694/8/6 11691/8/6 11695/8/6
f 11696/8/6 11697/8/6 11700/8/6
f 11700/8/6 11697/8/6 11701/8/6
f 11698/8/6 11699/8/6 11702/8/6
f 11702/8/6 11699/8/6 11703/8/6
f 11704/8/6 11705/8/6 11708/8/6
f 11708/8/6 11705/8/6 11709/8/6
f 11706/8/6 11707/8/6 11710/8/6
f 11710/8/6 11707/8/6 11711/8/6
f 11712/8/6 11713/8/6 11718/8/6
f 11718/8/6 11713/8/6 11719/8/6
f 11714/8/6 11715/8/6 11720/8/6
f 11720/8/6 11715/8/6 11721/8/6
f 11716/8/6 11717/8/6 11722/8/6
f 11722/8/6 11717/8/6 11723/8/6
f 11724/8/6 11725/8/6 11728/8/6
f 11728/8/6 11725/8/6 11729/8/6
f 11726/8/6 11727/8/6 11730/8/6
f 11730/8/6 11727/8/6 11731/8/6
f 11732/8/6 11733/8/6 11736/8/6
f 11736/8/6 11733/8/6 11737/8/6
f 11734/8/6 11735/8/6 11738/8/6
f 11738/8/6 11735/8/6 11739/8/6
f 11740/8/6 11741/8/6 11744/8/6
f 11744/8/6 11741/8/6 11745/8/6
f 11742/8/6 11743/8/6 11746/8/6
f 11746/8/6 11743/8/6 11747/8/6
f 11748/8/6 11749/8/6 11754/8/6
f 11754/8/6 11749/8/6 11755/8/6
f 11750/8/6 11751/8/6 11756/8/6
f 11756/8/6 11751/8/6 11757/8/6
f 11752/8/6 11753/8/6 11758/8/6
f 11758/8/6 11753/8/6 11759/8/6
f 11760/8/6 11761/8/6 11766/8/6
f 11766/8/6 11761/8/6 11767/8/6
f 11762/8/6 11763/8/6 11768/8/6
f 11768/8/6 11763/8/6 11769/8/6
f 11764/8/6 11765/8/6 11770/8/6
f 11770/8/6 11765/8/6 11771/8/6
f 11772/8/6 11773/8/6 11776/8/6
f 11776/8/6 11773/8/6 11777/8/6
f 11774/8/6 11775/8/6 11778/8/6
f 11778/8/6 11775/8/6 11779/8/6
f 11780/8/6 11781/8/6 11784/8/6
f 11784/8/6 11781/8/6 11785/8/6
f 11782/8/6 11783/8/6 11786/8/6
f 11786/8/6 11783/8/6 11787/8/6
f 11788/8/6 11789/8/6 11792/8/6
f 11792/8/6 11789/8/6 11793/8/6
f 11790/8/6 11791/8/6 11794/8/6
f 11794/8/6 11791/8/6 11795/8/6
f 11796/8/6 11797/8/6 11802/8/6
f 11802/8/6 11797/8/6 11803/8/6
f 11798/8/6 11799/8/6 11804/8/6
f 11804/8/6 11799/8/6 11805/8/6
f 11800/8/6 11801/8/6 11806/8/6
f 11806/8/6 11801/8/6 11807/8/6
f 11808/8/6 11809/8/6 11810/8/6
f 11810/8/6 11809/8/6 11811/8/6
f 11812/8/6 11813/8/6 11816/8/6
f 11816/8/6 11813/8/6 11817/8/6
f 11814/8/6 11815/8/6 11818/8/6
f 11818/8/6 11815/8/6 11819/8/6
f 11820/8/6 11821/8/6 11822/8/6
f 11822/8/6 11821/8/6 11823/8/6
f 11824/8/6 11825/8/6 11828/8/6
f 11828/8/6 11825/8/6 11829/8/6
f 11826/8/6 11827/8/6 11830/8/6
f 11830/8/6 11827/8/6 11831/8/6
f 11832/8/6 11833/8/6 11836/8/6
f 11836/8/6 11833/8/6 11837/8/6
f 11834/8/6 11835/8/6 11838/8/6
f 11838/8/6 11835/8/6 11839/8/6
f 11840/8/6 11841/8/6 11844/8/6
f 11844/8/6 11841/8/6 11845/8/6
f 11842/8/6 11843/8/6 11846/8/6
f 11846/8/6 11843/8/6 11847/8/6
f 11848/8/6 11849/8/6 11852/8/6
f 11852/8/6 11849/8/6 11853/8/6
f 11850/8/6 11851/8/6 11854/8/6
f 11854/8/6 11851/8/6 11855/8/6
f 11856/8/6 11857/8/6 11862/8/6
f 11862/8/6 11857/8/6 11863/8/6
f 11858/8/6 11859/8/6 11864/8/6
f 11864/8/6 11859/8/6 11865/8/6
f 11860/8/6 11861/8/6 11866/8/6
f 11866/8/6 11861/8/6 11867/8/6
f 11868/8/6 11869/8/6 11872/8/6
f 11872/8/6 11869/8/6 11873/8/6
f 11870/8/6 11871/8/6 11874/8/6
f 11874/8/6 11871/8/6 11875/8/6
f 11876/8/6 11877/8/6 11880/8/6
f 11880/8/6 11877/8/6 11881/8/6
f 11878/8/6 11879/8/6 11882/8/6
f 11882/8/6 11879/8/6 11883/8/6
f 11884/8/6 11885/8/6 11888/8/6
f 11888/8/6 11885/8/6 11889/8/6
f 11886/8/6 11887/8/6 11890/8/6
f 11890/8/6 11887/8/6 11891/8/6
f 11892/8/6 11893/8/6 11898/8/6
f 11898/8/6 11893/8/6 11899/8/6
f 11894/8/6 11895/8/6 11900/8/6
f 11900/8/6 11895/8/6 11901/8/6
f 11896/8/6 11897/8/6 11902/8/6
f 11902/8/6 11897/8/6 11903/8/6
f 11904/8/6 11905/8/6 11912/8/6
f 11912/8/6 11905/8/6 11913/8/6
f 11906/8/6 11907/8/6 11914/8/6
f 11914/8/6 11907/8/6 11915/8/6
f 11908/8/6 11909/8/6 11916/8/6
f 11916/8/6 11909/8/6 11917/8/6
f 11910/8/6 11911/8/6 11918/8/6
f 11918/8/6 11911/8/6 11919/8/6
f 11920/8/6 11921/8/6 11924/8/6
f 11924/8/6 11921/8/6 11925/8/6
f 11922/8/6 11923/8/6 11926/8/6
f 11926/8/6 11923/8/6 11927/8/6
f 11928/8/6 11929/8/6 11932/8/6
f 11932/8/6 11929/8/6 11933/8/6
f 11930/8/6 11931/8/6 11934/8/6
f 11934/8/6 11931/8/6 11935/8/6
f 11936/8/6 11937/8/6 11940/8/6
f 11940/8/6 11937/8/6 11941/8/6
f 11938/8/6 11939/8/6 11942/8/6
f 11942/8/6 11939/8/6 11943/8/6
f 11944/8/6 11945/8/6 11948/8/6
f 11948/8/6 11945/8/6 11949/8/6
f 11946/8/6 11947/8/6 11950/8/6
f 11950/8/6 11947/8/6 11951/8/6
f 11952/8/6 11953/8/6 11960/8/6
f 11960/8/6 11953/8/6 11961/8/6
f 11954/8/6 11955/8/6 11962/8/6
f 11962/8/6 11955/8/6 11963/8/6
f 11956/8/6 11957/8/6 11964/8/6
f 11964/8/6 11957/8/6 11965/8/6
f 11958/8/6 11959/8/6 11966/8/6
f 11966/8/6 11959/8/6 11967/8/6
f 11968/8/6 11969/8/6 11974/8/6
f 11974/8/6 11969/8/6 11975/8/6
f 11970/8/6 11971/8/6 11976/8/6
f 11976/8/6 11971/8/6 11977/8/6
f 11972/7/6 11973/7/6 11978/7/6
f 11978/7/6 11973/7/6 11979/7/6
f 11980/8/6 11981/8/6 11984/8/6
f 11984/8/6 11981/8/6 11985/8/6
f 11982/8/6 11983/8/6 11986/8/6
f 11986/8/6 11983/8/6 11987/8/6
f 11988/8/6 11989/8/6 11992/8/6
f 11992/8/6 11989/8/6 11993/8/6
f 11990/8/6 11991/8/6 11994/8/6
f 11994/8/6 11991/8/6 11995/8/6
f 11996/7/6 11997/7/6 12000/7/6
f 12000/7/6 11997/7/6 12001/7/6
f 11998/7/6 11999/7/6 12002/7/6
f 12002/7/6 11999/7/6 12003/7/6
f 12004/8/6 12005/8/6 12010/8/6
f 12010/8/6 12005/8/6 12011/8/6
f 12006/8/6 12007/8/6 12012/8/6
f 12012/8/6 12007/8/6 12013/8/6
f 12008/7/6 12009/7/6 12014/7/6
f 12014/7/6 12009/7/6 12015/7/6
f 12016/8/6 12017/8/6 12022/8/6
f 12022/8/6 12017/8/6 12023/8/6
f 12018/8/6 12019/8/6 12024/8/6
f 12024/8/6 12019/8/6 12025/8/6
f 12020/8/6 12021/8/6 12026/8/6
f 12026/8/6 12021/8/6 12027/8/6
f 12028/8/6 12029/8/6 12032/8/6
f 12032/8/6 12029/8/6 12033/8/6
f 12030/8/6 12031/8/6 12034/8/6
f 12034/8/6 12031/8/6 12035/8/6
f 12036/8/6 12037/8/6 12040/8/6
f 12040/8/6 12037/8/6 12041/8/6
f 12038/8/6 12039/8/6 12042/8/6
f 12042/8/6 12039/8/6 12043/8/6
f 12044/8/6 12045/8/6 12048/8/6
f 12048/8/6 12045/8/6 12049/8/6
f 12046/8/6 12047/8/6 12050/8/6
f 12050/8/6 12047/8/6 12051/8/6
f 12052/8/6 12053/8/6 12058/8/6
f 12058/8/6 12053/8/6 12059/8/6
f 12054/8/6 12055/8/6 12060/8/6
f 12060/8/6 12055/8/6 12061/8/6
f 12056/8/6 12057/8/6 12062/8/6
f 12062/8/6 12057/8/6 12063/8/6
f 12064/8/6 12065/8/6 12072/8/6
f 12072/8/6 12065/8/6 12073/8/6
f 12066/8/6 12067/8/6 12074/8/6
f 12074/8/6 12067/8/6 12075/8/6
f 12068/8/6 12069/8/6 12076/8/6
f 12076/8/6 12069/8/6 12077/8/6
f 12070/8/6 12071/8/6 12078/8/6
f 12078/8/6 12071/8/6 12079/8/6
f 12080/8/6 12081/8/6 12084/8/6
f 12084/8/6 12081/8/6 12085/8/6
f 12082/8/6 12083/8/6 12086/8/6
f 12086/8/6 12083/8/6 12087/8/6
f 12088/8/6 12089/8/6 12092/8/6
f 12092/8/6 12089/8/6 12093/8/6
f 12090/8/6 12091/8/6 12094/8/6
f 12094/8/6 12091/8/6 12095/8/6
f 12096/8/6 12097/8/6 12100/8/6
f 12100/8/6 12097/8/6 12101/8/6
f 12098/8/6 12099/8/6 12102/8/6
f 12102/8/6 12099/8/6 12103/8/6
f 12104/8/6 12105/8/6 12108/8/6
f 12108/8/6 12105/8/6 12109/8/6
f 12106/8/6 12107/8/6 12110/8/6
f 12110/8/6 12107/8/6 12111/8/6
f 12112/8/6 12113/8/6 12120/8/6
f 12120/8/6 12113/8/6 12121/8/6
f 12114/8/6 12115/8/6 12122/8/6
f 12122/8/6 12115/8/6 12123/8/6
f 12116/8/6 12117/8/6 12124/8/6
f 12124/8/6 12117/8/6 12125/8/6
f 12118/8/6 12119/8/6 12126/8/6
f 12126/8/6 12119/8/6 12127/8/6
f 12128/8/6 12129/8/6 12134/8/6
f 12134/8/6 12129/8/6 12135/8/6
f 12130/8/6 12131/8/6 12136/8/6
f 12136/8/6 12131/8/6 12137/8/6
f 12132/8/6 12133/8/6 12138/8/6
f 12138/8/6 12133/8/6 12139/8/6
f 12140/8/6 12141/8/6 12144/8/6
f 12144/8/6 12141/8/6 12145/8/6
f 12142/8/6 12143/8/6 12146/8/6
f 12146/8/6 12143/8/6 12147/8/6
f 12148/8/6 12149/8/6 12152/8/6
f 12152/8/6 12149/8/6 12153/8/6
f 12150/8/6 12151/8/6 12154/8/6
f 12154/8/6 12151/8/6 12155/8/6
f 12156/8/6 12157/8/6 12160/8/6
f 12160/8/6 12157/8/6 12161/8/6
f 12158/8/6 12159/8/6 12162/8/6
f 12162/8/6 12159/8/6 12163/8/6
f 12164/8/6 12165/8/6 12170/8/6
f 12170/8/6 12165/8/6 12171/8/6
f 12166/8/6 12167/8/6 12172/8/6
f 12172/8/6 12167/8/6 12173/8/6
f 12168/8/6 12169/8/6 12174/8/6
f 12174/8/6 12169/8/6 12175/8/6
f 12176/8/6 12177/8/6 12182/8/6
f 12182/8/6 12177/8/6 12183/8/6
f 12178/8/6 12179/8/6 12184/8/6
f 12184/8/6 12179/8/6 12185/8/6
f 12180/8/6 12181/8/6 12186/8/6
f 12186/8/6 12181/8/6 12187/8/6
f 12188/8/6 12189/8/6 12192/8/6
f 12192/8/6 12189/8/6 12193/8/6
f 12190/8/6 12191/8/6 12194/8/6
f 12194/8/6 12191/8/6 12195/8/6
f 12196/8/6 12197/8/6 12200/8/6
f 12200/8/6 12197/8/6 12201/8/6
f 12198/8/6 12199/8/6 12202/8/6
f 12202/8/6 12199/8/6 12203/8/6
f 12204/8/6 12205/8/6 12208/8/6
f 12208/8/6 12205/8/6 12209/8/6
f 12206/8/6 12207/8/6 12210/8/6
f 12210/8/6 12207/8/6 12211/8/6
f 12212/8/6 12213/8/6 12218/8/6
f 12218/8/6 12213/8/6 12219/8/6
f 12214/8/6 12215/8/6 12220/8/6
f 12220/8/6 12215/8/6 12221/8/6
f 12216/8/6 12217/8/6 12222/8/6
f 12222/8/6 12217/8/6 12223/8/6
f 12224/8/6 12225/8/6 12230/8/6
f 12230/8/6 12225/8/6 12231/8/6
f 12226/8/6 12227/8/6 12232/8/6
f 12232/8/6 12227/8/6 12233/8/6
f 12228/8/6 12229/8/6 12234/8/6
f 12234/8/6 12229/8/6 12235/8/6
f 12236/8/6 12237/8/6 12240/8/6
f 12240/8/6 12237/8/6 12241/8/6
f 12238/8/6 12239/8/6 12242/8/6
f 12242/8/6 12239/8/6 12243/8/6
f 12244/8/6 12245/8/6 12248/8/6
f 12248/8/6 12245/8/6 12249/8/6
f 12246/8/6 12247/8/6 12250/8/6
f 12250/8/6 12247/8/6 12251/8/6
f 12252/8/6 12253/8/6 12256/8/6
f 12256/8/6 12253/8/6 12257/8/6
f 12254/8/6 12255/8/6 12258/8/6
f 12258/8/6 12255/8/6 12259/8/6
f 12260/8/6 12261/8/6 12266/8/6
f 12266/8/6 12261/8/6 12267/8/6
f 12262/8/6 12263/8/6 12268/8/6
f 12268/8/6 12263/8/6 12269/8/6
f 12264/8/6 12265/8/6 12270/8/6
f 12270/8/6 12265/8/6 12271/8/6
f 12272/8/6 12273/8/6 12274/8/6
f 12274/8/6 12273/8/6 12275/8/6
f 12276/8/6 12277/8/6 12280/8/6
f 12280/8/6 12277/8/6 12281/8/6
f 12278/8/6 12279/8/6 12282/8/6
f 12282/8/6 12279/8/6 12283/8/6
f 12284/8/6 12285/8/6 12286/8/6
f 12286/8/6 12285/8/6 12287/8/6
f 12288/4/6 12289/4/6 12292/4/6
f 12292/4/6 12289/4/6 12293/4/6
f 12290/4/6 12291/4/6 12294/4/6
f 12294/4/6 12291/4/6 12295/4/6
f 12296/4/6 12297/4/6 12300/4/6
f 12300/4/6 12297/4/6 12301/4/6
f 12298/4/6 12299/4/6 12302/4/6
f 12302/4/6 12299/4/6 12303/4/6
f 12304/4/6 12305/4/6 12308/4/6
f 12308/4/6 12305/4/6 12309/4/6
f 12306/4/6 12307/4/6 12310/4/6
f 12310/4/6 12307/4/6 12311/4/6
f 12312/4/6 12313/4/6 12316/4/6
f 12316/4/6 12313/4/6 12317/4/6
f 12314/4/6 12315/4/6 12318/4/6
f 12318/4/6 12315/4/6 12319/4/6
f 12320/4/6 12321/4/6 12324/4/6
f 12324/4/6 12321/4/6 12325/4/6
f 12322/4/6 12323/4/6 12326/4/6
f 12326/4/6 12323/4/6 12327/4/6
f 12320/4/6 12324/4/6 12328/4/6
f 12325/4/6 12321/4/6 12329/4/6
f 12322/4/6 12326/4/6 12330/4/6
f 12327/4/6 12323/4/6 12331/4/6
f 12320/4/6 12328/4/6 12332/4/6
f 12328/4/6 12329/4/6 12332/4/6
f 12329/4/6 12321/4/6 12333/4/6
f 12332/4/6 12329/4/6 12333/4/6
f 12330/4/6 12331/4/6 12334/4/6
f 12322/4/6 12330/4/6 12334/4/6
f 12331/4/6 12323/4/6 12335/4/6
f 12334/4/6 12331/4/6 12335/4/6
f 12336/4/6 12337/4/6 12340/4/6
f 12340/4/6 12337/4/6 12341/4/6
f 12338/4/6 12339/4/6 12342/4/6
f 12342/4/6 12339/4/6 12343/4/6
f 12336/4/6 12340/4/6 12344/4/6
f 12341/4/6 12337/4/6 12345/4/6
f 12338/4/6 12342/4/6 12346/4/6
f 12343/4/6 12339/4/6 12347/4/6
f 12336/4/6 12344/4/6 12348/4/6
f 12344/4/6 12345/4/6 12348/4/6
f 12345/4/6 12337/4/6 12349/4/6
f 12348/4/6 12345/4/6 12349/4/6
f 12346/4/6 12347/4/6 12350/4/6
f 12338/4/6 12346/4/6 12350/4/6
f 12347/4/6 12339/4/6 12351/4/6
f 12350/4/6 12347/4/6 12351/4/6
f 12352/4/6 12353/4/6 12356/4/6
f 12356/4/6 12353/4/6 12357/4/6
f 12354/4/6 12355/4/6 12358/4/6
f 12358/4/6 12355/4/6 12359/4/6
f 12352/4/6 12356/4/6 12360/4/6
f 12357/4/6 12353/4/6 12361/4/6
f 12354/4/6 12358/4/6 12362/4/6
f 12359/4/6 12355/4/6 12363/4/6
f 12352/4/6 12360/4/6 12364/4/6
f 12360/4/6 12361/4/6 12364/4/6
f 12361/4/6 12353/4/6 12365/4/6
f 12364/4/6 12361/4/6 12365/4/6
f 12362/4/6 12363/4/6 12366/4/6
f 12354/4/6 12362/4/6 12366/4/6
f 12363/4/6 12355/4/6 12367/4/6
f 12366/4/6 12363/4/6 12367/4/6
f 12368/4/6 12369/4/6 12372/4/6
f 12372/4/6 12369/4/6 12373/4/6
f 12370/4/6 12371/4/6 12374/4/6
f 12374/4/6 12371/4/6 12375/4/6
f 12368/4/6 12372/4/6 12376/4/6
f 12373/4/6 12369/4/6 12377/4/6
f 12370/4/6 12374/4/6 12378/4/6
f 12375/4/6 12371/4/6 12379/4/6
f 12368/4/6 12376/4/6 12380/4/6
f 12376/4/6 12377/4/6 12380/4/6
f 12377/4/6 12369/4/6 12381/4/6
f 12380/4/6 12377/4/6 12381/4/6
f 12378/4/6 12379/4/6 12382/4/6
f 12370/4/6 12378/4/6 12382/4/6
f 12379/4/6 12371/4/6 12383/4/6
f 12382/4/6 12379/4/6 12383/4/6
f 12384/7/6 12385/7/6 12388/7/6
f 12388/7/6 12385/7/6 12389/7/6
f 12386/7/6 12387/7/6 12390/7/6
f 12390/7/6 12387/7/6 12391/7/6
f 12392/7/6 12393/7/6 12396/7/6
f 12396/7/6 12393/7/6 12397/7/6
f 12394/7/6 12395/7/6 12398/7/6
f 12398/7/6 12395/7/6 12399/7/6
f 12400/7/6 12401/7/6 12404/7/6
f 12404/7/6 12401/7/6 12405/7/6
f 12402/7/6 12403/7/6 12406/7/6
f 12406/7/6 12403/7/6 12407/7/6
f 12408/7/6 12409/7/6 12412/7/6
f 12412/7/6 12409/7/6 12413/7/6
f 12410/7/6 12411/7/6 12414/7/6
f 12414/7/6 12411/7/6 12415/7/6
f 12416/6/6 12417/6/6 12424/6/6
f 12424/6/6 12417/6/6 12425/6/6
f 12418/6/6 12419/6/6 12426/6/6
f 12426/6/6 12419/6/6 12427/6/6
f 12420/6/6 12421/6/6 12428/6/6
f 12428/6/6 12421/6/6 12429/6/6
f 12422/6/6 12423/6/6 12430/6/6
f 12430/6/6 12423/6/6 12431/6/6
f 12432/6/6 12433/6/6 12436/6/6
f 12436/6/6 12433/6/6 12437/6/6
f 12434/6/6 12435/6/6 12438/6/6
f 12438/6/6 12435/6/6 12439/6/6
f 12440/6/6 12441/6/6 12444/6/6
f 12444/6/6 12441/6/6 12445/6/6
f 12442/6/6 12443/6/6 12446/6/6
f 12446/6/6 12443/6/6 12447/6/6
f 12448/6/6 12449/6/6 12452/6/6
f 12452/6/6 12449/6/6 12453/6/6
f 12450/6/6 12451/6/6 12454/6/6
f 12454/6/6 12451/6/6 12455/6/6
f 12456/6/6 12457/6/6 12460/6/6
f 12460/6/6 12457/6/6 12461/6/6
f 12458/6/6 12459/6/6 12462/6/6
f 12462/6/6 12459/6/6 12463/6/6
f 12464/6/6 12465/6/6 12472/6/6
f 12472/6/6 12465/6/6 12473/6/6
f 12466/6/6 12467/6/6 12474/6/6
f 12474/6/6 12467/6/6 12475/6/6
f 12468/6/6 12469/6/6 12476/6/6
f 12476/6/6 12469/6/6 12477/6/6
f 12470/6/6 12471/6/6 12478/6/6
f 12478/6/6 12471/6/6 12479/6/6
f 12480/6/6 12481/6/6 12484/6/6
f 12484/6/6 12481/6/6 12485/6/6
f 12482/6/6 12483/6/6 12486/6/6
f 12486/6/6 12483/6/6 12487/6/6
f 12488/6/6 12489/6/6 12492/6/6
f 12492/6/6 12489/6/6 12493/6/6
f 12490/6/6 12491/6/6 12494/6/6
f 12494/6/6 12491/6/6 12495/6/6
f 12496/6/6 12497/6/6 12500/6/6
f 12500/6/6 12497/6/6 12501/6/6
f 12498/6/6 12499/6/6 12502/6/6
f 12502/6/6 12499/6/6 12503/6/6
f 12504/6/6 12505/6/6 12508/6/6
f 12508/6/6 12505/6/6 12509/6/6
f 12506/6/6 12507/6/6 12510/6/6
f 12510/6/6 12507/6/6 12511/6/6
f 12512/6/6 12513/6/6 12516/6/6
f 12516/6/6 12513/6/6 12517/6/6
f 12514/6/6 12515/6/6 12518/6/6
f 12518/6/6 12515/6/6 12519/6/6
f 12520/6/6 12521/6/6 12524/6/6
f 12524/6/6 12521/6/6 12525/6/6
f 12522/6/6 12523/6/6 12526/6/6
f 12526/6/6 12523/6/6 12527/6/6
f 12528/6/6 12529/6/6 12532/6/6
f 12532/6/6 12529/6/6 12533/6/6
f 12530/6/6 12531/6/6 12534/6/6
f 12534/6/6 12531/6/6 12535/6/6
f 12536/6/6 12537/6/6 12540/6/6
f 12540/6/6 12537/6/6 12541/6/6
f 12538/6/6 12539/6/6 12542/6/6
f 12542/6/6 12539/6/6 12543/6/6
f 12544/6/6 12545/6/6 12548/6/6
f 12548/6/6 12545/6/6 12549/6/6
f 12546/6/6 12547/6/6 12550/6/6
f 12550/6/6 12547/6/6 12551/6/6
f 12552/6/6 12553/6/6 12556/6/6
f 12556/6/6 12553/6/6 12557/6/6
f 12554/6/6 12555/6/6 12558/6/6
f 12558/6/6 12555/6/6 12559/6/6
f 12560/6/6 12561/6/6 12564/6/6
f 12564/6/6 12561/6/6 12565/6/6
f 12562/6/6 12563/6/6 12566/6/6
f 12566/6/6 12563/6/6 12567/6/6
f 12568/6/6 12569/6/6 12572/6/6
f 12572/6/6 12569/6/6 12573/6/6
f 12570/6/6 12571/6/6 12574/6/6
f 12574/6/6 12571/6/6 12575/6/6
f 12576/4/6 12577/4/6 12578/4/6
f 12578/4/6 12577/4/6 12579/4/6
f 12580/4/6 12581/4/6 12584/4/6
f 12584/4/6 12581/4/6 12585/4/6
f 12582/4/6 12583/4/6 12586/4/6
f 12586/4/6 12583/4/6 12587/4/6
f 12588/4/6 12589/4/6 12590/4/6
f 12590/4/6 12589/4/6 12591/4/6
f 12593/6/6 12594/6/6 12596/6/6
f 12596/6/6 12594/6/6 12597/6/6
f 12597/6/6 12594/6/6 12598/6/6
f 12598/6/6 12594/6/6 12599/6/6
f 12593/6/6 12596/6/6 12600/6/6
f 12596/2/6 12597/2/6 12600/2/6
f 12597/6/6 12598/6/6 12601/6/6
f 12600/2/6 12597/2/6 12601/2/6
f 12601/6/6 12598/6/6 12602/6/6
f 12602/6/6 12598/6/6 12603/6/6
f 12598/2/6 12599/2/6 12604/2/6
f 12603/6/6 12598/6/6 12604/6/6
f 12599/6/6 12594/6/6 12605/6/6
f 12604/2/6 12599/2/6 12605/2/6
f 12602/9/6 12603/9/6 12606/9/6
f 12601/6/6 12602/6/6 12606/6/6
f 12603/6/6 12604/6/6 12607/6/6
f 12606/9/6 12603/9/6 12607/9/6
f 12593/6/6 12600/6/6 12608/6/6
f 12608/6/6 12600/6/6 12609/6/6
f 12609/6/6 12600/6/6 12610/6/6
f 12601/6/6 12606/6/6 12611/6/6
f 12611/6/6 12606/6/6 12612/6/6
f 12607/6/6 12604/6/6 12613/6/6
f 12613/6/6 12604/6/6 12614/6/6
f 12605/6/6 12594/6/6 12615/6/6
f 12615/6/6 12594/6/6 12616/6/6
f 12616/6/6 12594/6/6 12617/6/6
f 12592/4/6 12593/4/6 12618/4/6
f 12593/6/6 12608/6/6 12618/6/6
f 12608/4/6 12609/4/6 12619/4/6
f 12618/6/6 12608/6/6 12619/6/6
f 12617/6/6 12594/6/6 12620/6/6
f 12616/4/6 12617/4/6 12620/4/6
f 12594/4/6 12595/4/6 12621/4/6
f 12620/6/6 12594/6/6 12621/6/6
f 12618/4/6 12619/4/6 12623/4/6
f 12592/4/6 12618/4/6 12623/4/6
f 12619/4/6 12609/4/6 12624/4/6
f 12623/4/6 12619/4/6 12624/4/6
f 12616/4/6 12620/4/6 12625/4/6
f 12620/4/6 12621/4/6 12625/4/6
f 12621/4/6 12595/4/6 12626/4/6
f 12625/4/6 12621/4/6 12626/4/6
f 12622/4/6 12623/4/6 12628/4/6
f 12628/4/6 12623/4/6 12629/4/6
f 12626/4/6 12627/4/6 12630/4/6
f 12630/4/6 12627/4/6 12631/4/6
f 12628/6/6 12629/6/6 12632/6/6
f 12629/4/6 12623/4/6 12633/4/6
f 12632/6/6 12629/6/6 12633/6/6
f 12626/4/6 12630/4/6 12634/4/6
f 12630/6/6 12631/6/6 12634/6/6
f 12634/6/6 12631/6/6 12635/6/6
f 12628/6/6 12632/6/6 12636/6/6
f 12632/4/6 12633/4/6 12636/4/6
f 12633/4/6 12623/4/6 12637/4/6
f 12636/4/6 12633/4/6 12637/4/6
f 12634/4/6 12635/4/6 12638/4/6
f 12626/4/6 12634/4/6 12638/4/6
f 12635/6/6 12631/6/6 12639/6/6
f 12638/4/6 12635/4/6 12639/4/6
f 12628/6/6 12636/6/6 12640/6/6
f 12640/6/6 12636/6/6 12641/6/6
f 12641/6/6 12636/6/6 12642/6/6
f 12639/6/6 12631/6/6 12643/6/6
f 12643/6/6 12631/6/6 12644/6/6
f 12644/6/6 12631/6/6 12645/6/6
f 12628/6/6 12640/6/6 12646/6/6
f 12640/2/6 12641/2/6 12646/2/6
f 12646/2/6 12641/2/6 12647/2/6
f 12644/2/6 12645/2/6 12650/2/6
f 12645/6/6 12631/6/6 12651/6/6
f 12650/2/6 12645/2/6 12651/2/6
f 12647/6/6 12648/6/6 12652/6/6
f 12646/6/6 12647/6/6 12652/6/6
f 12652/6/6 12648/6/6 12653/6/6
f 12653/6/6 12648/6/6 12654/6/6
f 12649/6/6 12650/6/6 12655/6/6
f 12650/6/6 12651/6/6 12655/6/6
f 12655/6/6 12651/6/6 12656/6/6
f 12656/6/6 12651/6/6 12657/6/6
f 12652/9/6 12653/9/6 12658/9/6
f 12646/6/6 12652/6/6 12658/6/6
f 12658/9/6 12653/9/6 12659/9/6
f 12656/9/6 12657/9/6 12662/9/6
f 12657/6/6 12651/6/6 12663/6/6
f 12662/9/6 12657/9/6 12663/9/6
f 12628/6/6 12646/6/6 12664/6/6
f 12659/6/6 12660/6/6 12664/6/6
f 12646/6/6 12658/6/6 12664/6/6
f 12658/6/6 12659/6/6 12664/6/6
f 12664/6/6 12660/6/6 12665/6/6
f 12665/6/6 12660/6/6 12666/6/6
f 12661/6/6 12662/6/6 12667/6/6
f 12662/6/6 12663/6/6 12667/6/6
f 12663/6/6 12651/6/6 12668/6/6
f 12667/6/6 12663/6/6 12668/6/6
f 12651/6/6 12631/6/6 12669/6/6
f 12668/6/6 12651/6/6 12669/6/6
f 12664/2/6 12665/2/6 12670/2/6
f 12628/6/6 12664/6/6 12670/6/6
f 12670/2/6 12665/2/6 12671/2/6
f 12668/2/6 12669/2/6 12674/2/6
f 12669/6/6 12631/6/6 12675/6/6
f 12674/2/6 12669/2/6 12675/2/6
f 12671/6/6 12672/6/6 12676/6/6
f 12670/6/6 12671/6/6 12676/6/6
f 12673/6/6 12674/6/6 12679/6/6
f 12674/6/6 12675/6/6 12679/6/6
f 12676/4/6 12677/4/6 12680/4/6
f 12670/6/6 12676/6/6 12680/6/6
f 12680/4/6 12677/4/6 12681/4/6
f 12678/4/6 12679/4/6 12682/4/6
f 12679/6/6 12675/6/6 12683/6/6
f 12682/4/6 12679/4/6 12683/4/6
f 12628/6/6 12670/6/6 12684/6/6
f 12670/6/6 12680/6/6 12684/6/6
f 12680/6/6 12681/6/6 12684/6/6
f 12681/4/6 12677/4/6 12685/4/6
f 12684/6/6 12681/6/6 12685/6/6
f 12678/4/6 12682/4/6 12686/4/6
f 12682/6/6 12683/6/6 12686/6/6
f 12675/6/6 12631/6/6 12687/6/6
f 12686/6/6 12683/6/6 12687/6/6
f 12683/6/6 12675/6/6 12687/6/6
f 12684/4/6 12685/4/6 12688/4/6
f 12685/4/6 12677/4/6 12689/4/6
f 12688/4/6 12685/4/6 12689/4/6
f 12678/4/6 12686/4/6 12692/4/6
f 12686/4/6 12687/4/6 12692/4/6
f 12692/4/6 12687/4/6 12693/4/6
f 12689/4/6 12690/4/6 12694/4/6
f 12694/4/6 12690/4/6 12695/4/6
f 12691/4/6 12692/4/6 12696/4/6
f 12696/4/6 12692/4/6 12697/4/6
f 12695/4/6 12690/4/6 12698/4/6
f 12694/6/6 12695/6/6 12698/6/6
f 12698/4/6 12690/4/6 12699/4/6
f 12691/4/6 12696/4/6 12706/4/6
f 12696/6/6 12697/6/6 12707/6/6
f 12706/4/6 12696/4/6 12707/4/6
f 12701/6/6 12702/6/6 12708/6/6
f 12703/6/6 12704/6/6 12709/6/6
f 12698/6/6 12699/6/6 12710/6/6
f 12699/6/6 12700/6/6 12710/6/6
f 12701/6/6 12708/6/6 12711/6/6
f 12708/9/6 12709/9/6 12712/9/6
f 12711/6/6 12708/6/6 12712/6/6
f 12709/6/6 12704/6/6 12713/6/6
f 12712/9/6 12709/9/6 12713/9/6
f 12713/6/6 12704/6/6 12714/6/6
f 12705/6/6 12706/6/6 12715/6/6
f 12706/6/6 12707/6/6 12715/6/6
f 12698/6/6 12710/6/6 12716/6/6
f 12710/2/6 12711/2/6 12716/2/6
f 12713/6/6 12714/6/6 12717/6/6
f 12716/2/6 12711/2/6 12717/2/6
f 12711/6/6 12712/6/6 12717/6/6
f 12712/6/6 12713/6/6 12717/6/6
f 12714/2/6 12715/2/6 12718/2/6
f 12717/6/6 12714/6/6 12718/6/6
f 12715/6/6 12707/6/6 12719/6/6
f 12718/2/6 12715/2/6 12719/2/6
f 12689/4/6 12694/4/6 12720/4/6
f 12698/6/6 12716/6/6 12721/6/6
f 12720/4/6 12694/4/6 12721/4/6
f 12716/6/6 12717/6/6 12721/6/6
f 12718/6/6 12719/6/6 12721/6/6
f 12694/6/6 12698/6/6 12721/6/6
f 12717/6/6 12718/6/6 12721/6/6
f 12697/4/6 12692/4/6 12722/4/6
f 12721/6/6 12719/6/6 12722/6/6
f 12719/6/6 12707/6/6 12722/6/6
f 12707/6/6 12697/6/6 12722/6/6
f 12722/4/6 12692/4/6 12723/4/6
